PC1,PC2,PC3,All Time Rank,All Time Rank Bin,Track,Artist
0.15025069880674824,0.6307212111531081,-0.24897086152918949,1,1,MILLION DOLLAR BABY,Tommy Richman
-0.08982859785441503,-0.025684473399206466,-0.041812906740182246,2,1,Not Like Us,Kendrick Lamar
-0.021121618054281147,0.2813810492493814,-0.19722207905580416,3,1,i like the way you kiss me,Artemas
0.6008360562448676,0.61181663963106,-0.1030869525604521,4,1,Flowers,Miley Cyrus
0.010005157680621263,0.40034114476979143,-0.2055786196945667,6,1,Lovin On Me,Jack Harlow
0.005055272605701365,0.34243886050291555,-0.21476349783232074,8,1,Gata Only,FloyyMenor
-0.1853731196105256,0.027396835580180974,0.03456975687279939,10,1,BAND4BAND (feat. Lil Baby),Central Cee
-0.18200501412675207,-0.004003287232200345,0.04962920075783141,13,1,LUNCH,Billie Eilish
0.558602045585061,0.37117068745712606,0.637386820054077,15,1,bathroom floor,Kids With Buns
0.5034138409230143,0.806547400439549,-0.044652198776993786,16,1,LALA,Myke Towers
-0.13686769164779763,-0.04572890343468995,0.019225275226446202,17,1,Fortnight (feat. Post Malone),Taylor Swift
-0.04172648886482502,0.2688384305598111,-0.17240962567392515,18,1,greedy,Tate McRae
-0.1849077747338487,0.08894526381498086,0.006495223569158299,19,1,BLUE,Billie Eilish
0.4829455056900197,0.4352515034720117,-0.09266848068887515,20,1,As It Was,Harry Styles
0.08510003426437232,0.3693056344132452,-0.25316499988530833,21,1,Paint The Town Red,Doja Cat
-0.14684654288480264,-0.000709869213181809,0.0004091228446870979,22,1,Espresso,Sabrina Carpenter
-0.09854332218866987,0.25336679437216364,-0.09452310022899683,24,1,TEXAS HOLD 'EM,Beyoncé
0.44588863500146886,0.4062976272988966,0.4889702647897458,26,1,Beat Automotivo Tan Tan Tan Viral,WZ Beat
0.5602872754095419,0.5614990686992515,0.27298204500411904,27,1,STAY (with Justin Bieber),The Kid LAROI
0.4444513516759102,0.4030662400497358,0.48240214296953693,28,1,Baby Shark,Pinkfong
0.00808078200074912,-0.12051693954370898,-0.06826219707621436,32,1,SHEESH,BABYMONSTER
-0.010579193510117928,0.18436481936231564,-0.19186052759555025,33,1,Water,Tyla
-0.13126153461129123,0.08216975377698443,-0.0573418134192937,34,1,Strangers,Kenya Grace
-0.15501008896513255,-0.007688141830676031,0.015316679797015065,38,1,Lose Control,Teddy Swims
-0.12296984011817191,0.13807909701438847,-0.08013639819238708,39,1,fukumean,Gunna
0.6549651681194674,0.42227951562013694,0.5607784556622997,40,1,Dance Monkey,Tones And I
-0.212091549202828,0.03035001178453005,0.0751135606982248,41,1,BIRDS OF A FEATHER,Billie Eilish
0.4772745407833962,0.8172187861548559,0.2351085284341118,42,1,Cupid - Twin Ver. (FIFTY FIFTY) - Sped Up Version,FIFTY FIFTY
0.022849192233778435,-0.08227331832566681,-0.10816222992639254,43,1,I'm Good (Blue),David Guetta
0.03276749039354067,0.1755369787855937,-0.22051276411473417,44,1,Daylight,David Kushner
0.04060571245729069,0.4791792094466089,-0.2028469381029756,45,1,My Love Mine All Mine,Mitski
-0.15676708731548625,-0.036029191739180205,0.03625960170463037,47,1,Houdini,Dua Lipa
0.45666673084657333,0.8434871458701086,0.16412279966936122,49,1,If We Ever Broke Up,Mae Stephens
0.446460984108192,0.406528812894676,0.49281153525235183,50,1,Despacito,Luis Fonsi
0.28142755883385734,-0.247140321042807,-0.09258869346200418,53,1,Calm Down (with Selena Gomez),Rema
0.4592322850119139,0.417090518574791,0.5408892943499533,54,1,Shape of You,Ed Sheeran
0.4424820935580334,0.0679129531138081,-0.2808003015071455,56,1,Blinding Lights,The Weeknd
-0.12214611406299548,-0.007064538143348246,-0.025976388038208204,57,1,Creepin' (with The Weeknd & 21 Savage),Metro Boomin
0.0908450085681076,0.3072371016235975,-0.23839263529816462,60,1,Unholy (feat. Kim Petras),Sam Smith
0.08898910984707105,0.6250227617102688,-0.19634416906474378,62,1,Very Cute Melody by Marimba Tone (39813),mitsu sound
-0.1592390998317809,-0.03238566064694148,0.036409658746269884,63,1,Supernova,aespa
0.5997240792691452,0.24160461468106056,-0.24778532438323825,64,1,Me Porto Bonito,Bad Bunny
0.5578869811317456,0.5698077870655117,-0.11095202678698031,66,1,Calm Down,Rema
-0.08149150838412247,-0.043885613066791423,-0.04614287781985496,68,1,Kill Bill,SZA
-0.038061231769260156,0.1579224454047294,-0.15543807049336525,69,1,"What Was I Made For? [From The Motion Picture ""Barbie""]",Billie Eilish
0.6952761778010406,-0.03470230609033044,-0.0905918781719846,71,1,Heat Waves,Glass Animals
0.5826937990316369,0.3644368586613111,-0.20505255079421567,73,1,"Shakira: Bzrp Music Sessions, Vol. 53",Bizarrap
0.589459801708849,0.41009757581609724,0.671960021868005,75,1,Old Town Road,Lil Nas X
0.1421951750817247,-0.11929511373774629,-0.1449915467797577,76,1,un x100to,Grupo Frontera
-0.10134252379232458,0.004334035464106105,-0.05459365985208009,78,1,Sprinter,Dave
0.3846674958488068,-0.23680128867477657,-0.11434866768479475,80,1,TQG,KAROL G
0.4873552005451194,0.42278397857517075,0.5970901485446364,81,1,Perfect,Ed Sheeran
0.6401728239155704,0.005640954224445117,-0.18801025341673244,82,1,Pepas,Farruko
0.044698531167603736,-0.17501786023372823,-0.0469951136435752,84,1,Ella Baila Sola,Eslabon Armado
-0.14504800580611402,-0.021025818196563247,0.01026925419307049,85,1,Dance The Night - From Barbie The Album,Dua Lipa
0.11077495275169105,-0.07430031395971376,-0.14282703452128517,86,1,La Bebe - Remix,Yng Lvcas
-0.16087896705495583,-0.038570959477168085,0.04511602934811155,87,1,redrum,21 Savage
0.6464535211777528,0.07126848439841144,-0.15170102188986767,88,1,Easy On Me,Adele
0.5306633192529596,-0.033998946353324615,-0.21240036927869463,89,1,Tití Me Preguntó,Bad Bunny
-0.11227078420727032,0.014438280828447132,-0.04515036467911363,90,1,All My Life (feat. J. Cole),Lil Durk
-0.018652423207685336,0.10255374140994562,-0.16107314405554246,91,1,Anti-Hero,Taylor Swift
0.41486761019503515,-0.14597756920841745,-0.18839428674548833,92,1,"Quevedo: Bzrp Music Sessions, Vol. 52",Bizarrap
0.07960412496026868,0.4210848801980379,-0.25253969304533036,94,1,Lollipop,Darell
0.14162020961861815,0.4788306047563036,-0.24031020838989328,96,1,Boy's a Liar Pt. 2,PinkPantheress
-0.06816178199928981,-0.060217672860985734,-0.047144575736391504,97,1,Snooze,SZA
-0.08982087683761171,-0.02150005590261101,-0.046142425293762265,98,1,BELLAKEO,Peso Pluma
-0.18549229414384696,0.0170138934458123,0.04108495105619534,99,1,Agora Hills,Doja Cat
-0.19901087449861857,0.03231497908351051,0.053127153388094414,100,1,Prada,cassö
-0.20314451855036528,0.08988283255235782,0.04335642340464418,101,1,Montagem Rave Eterno,Dj Samir
-0.10663343662945159,0.2957850505311015,-0.1184892885593619,102,1,Lil Boo Thang,Paul Russell
-0.11824202806171329,0.14206342035438677,-0.08883718977833506,103,1,MONACO,Bad Bunny
0.44642180951374555,0.4075164639026615,0.4913870818629269,104,1,Laxed (Siren Beat),Jawsh 685
-0.20960786063145198,0.05990501973393414,0.056013125127816775,105,1,(It Goes Like) Nanana - Edit,Peggy Gou
-0.18857563318275747,-0.008230820992030694,0.06229975342188399,106,1,Training Season,Dua Lipa
0.24302643113821365,0.44581594940658714,-0.32658138180760404,109,1,The Box,Roddy Ricch
0.6844472835127303,0.14305213691545085,-0.05225325488436924,110,1,INDUSTRY BABY (feat. Jack Harlow),Lil Nas X
-0.18021829727807373,0.015786647160366252,0.035337927102096676,112,1,Fast Car,Luke Combs
0.45877090696546924,0.45890101975209074,0.4937039474101409,114,1,Aesthetic,Tollan Kim
0.9458373943087922,0.05535227479867988,0.39161120661605425,116,1,Sunflower - Spider-Man: Into the Spider-Verse,Post Malone
0.63464170122425,-0.238627075479755,0.1041278896612426,115,1,Hands,Dionya Marie
0.5413848578986237,0.42436502963147726,0.6658642525248372,119,1,Believer,Imagine Dragons
-0.0614492618204556,-0.015588211116051331,-0.07903699526735208,120,1,WAIT FOR U (feat. Drake & Tems),Future
-0.16827817827167665,0.009318892944914154,0.021270115243335642,121,1,I KNOW ?,Travis Scott
-0.07850380775370012,0.09595841927104182,-0.09141802621521376,122,1,ANDO,Jere Klein
0.02352767538781081,0.2242211258459539,-0.18859369573828771,123,1,First Class,Jack Harlow
-0.15098405763042902,-0.049694735715436276,0.039499361272115875,124,1,FE!N,Travis Scott
-0.031751551987911845,-0.07222049563013083,-0.07297165556315324,127,1,I Ain't Worried,OneRepublic
-0.033783187587026225,-0.012757433591107406,-0.09358184808356368,128,1,MI EX TENÍA RAZÓN,KAROL G
0.42578816487620635,-0.011280195828595465,-0.23850159476022675,130,1,Mood (feat. iann dior),24kGoldn
0.45826679349702953,0.4113598157712832,0.5219981279775336,131,1,Dynamite,BTS
0.9234633173995391,0.015856242659499944,0.3062839352418634,133,1,Someone You Loved,Lewis Capaldi
0.19422851142131092,0.348277999047505,-0.279777508982447,134,1,Acróstico - Milan + Sasha,Shakira
0.2904830567110569,0.6479308594742436,-0.15240312709750475,135,1,Made You Look,Meghan Trainor
0.16519991487829588,0.6997462693913219,-0.1261490040063333,136,1,PHONK BRASILEIRO FRESCO (Slowed + Reverb),DJ MOIGUS
-0.13426162991622737,0.005178856692242797,-0.01884563562477204,138,1,vampire,Olivia Rodrigo
-0.16865182729135786,0.11372230103908133,-0.006216675104896986,139,1,Casca de Bala,Thullio Milionário
0.5124191892309963,-0.25388347827319757,0.03700503799768342,140,1,Back,LOLA
0.030641156675657536,0.25503489448525163,-0.22777663605764875,141,1,People,Libianca
-0.1861372112345374,0.14365164267870117,-0.007874249680942708,143,1,Lady Killers II (Christoph Andersson Remix),G-Eazy
-0.21697134242540653,0.026791807911867464,0.08840393934406231,144,1,I Don't Wanna Wait,David Guetta
0.1088564351941418,0.0014568862071526472,-0.19099827928931137,146,1,La Bachata,Manuel Turizo
0.25828461159377925,0.7984885571633515,-0.12609089916998123,147,1,มองนานๆ,FLI:P
0.47204121383487263,-0.042473376450607954,-0.22340432753332426,148,1,Peaches (feat. Daniel Caesar & Giveon),Justin Bieber
0.574954289673405,0.22343746103229375,-0.2701208839528894,149,1,Don't Start Now,Dua Lipa
0.4056275635886764,-0.1130127768663409,-0.1947346522221942,150,1,Lucid Dreams,Juice WRLD
0.32384555112598523,-0.10358763443382671,-0.19627236807510876,151,1,PROVENZA,KAROL G
0.6903226147146145,0.562556373204742,0.05115372389841347,152,1,WAP (feat. Megan Thee Stallion),Cardi B
-0.13583277796207244,-0.04494019830539126,0.01671687744410726,153,1,SPOT!,ZICO
0.25316281531864304,-0.15004062298201123,-0.1273498250338509,156,1,Seven (feat. Latto) (Explicit Ver.),Jung Kook
-0.18151473651195177,0.006938018688739173,0.04411452395477456,157,1,Last Night,Morgan Wallen
0.3181841665159263,-0.12421666194229332,-0.2001826414658762,159,1,Bad Habits,Ed Sheeran
-0.1231078045163417,0.0430837768482644,-0.041374725856746127,160,1,QLONA,KAROL G
0.42731062990707924,-0.07082646381911709,-0.22793944569174623,161,1,Leave The Door Open,Bruno Mars
0.48346955869810504,0.6892403720658313,0.37863547843609385,162,1,とけいのうた,ののちゃん(村方乃々佳)
0.48597376156824157,0.1824992440923461,-0.21502544554174172,163,1,good 4 u,Olivia Rodrigo
0.8617127938689596,0.19015570070425972,0.3978061579293351,164,1,bad guy,Billie Eilish
0.8345609770043595,0.2881078725484455,0.5020005020280901,165,1,Señorita,Shawn Mendes
0.11520281512375545,0.20656362729884545,-0.2511753836177527,166,1,DESPECHÁ,ROSALÍA
0.6759634890817536,0.2509706750919989,-0.1873828231498642,167,1,ROCKSTAR (feat. Roddy Ricch),DaBaby
-0.15208321109718925,0.05945250400446758,-0.018361297695376144,168,1,Eyes Closed,Ed Sheeran
-0.2062438177851365,0.022570395738658166,0.07081194430918358,169,1,I Remember Everything (feat. Kacey Musgraves),Zach Bryan
0.3612941207243397,-0.25819823175366163,-0.09490210373719563,170,1,Circles,Post Malone
-0.06376243425408361,-0.09808224462479141,-0.009170121815562525,171,1,EL AMOR DE SU VIDA,Grupo Frontera
0.23611833479408575,0.5778302765168173,-0.062397182038613185,172,1,About Damn Time,Lizzo
0.8573894442650897,0.1911339077606152,0.7101299202426347,173,1,Closer,The Chainsmokers
0.4338223118456312,0.23238282100271865,-0.2993212001947226,174,1,FLOWER,JISOO
-0.17194665450495927,-0.013159045095442634,0.04411885979053618,175,1,PERRO NEGRO,Bad Bunny
-0.18263932049647724,-0.020539689137538855,0.06269455619928913,176,1,Rich Baby Daddy (feat. Sexyy Red & SZA),Drake
0.7317082924562723,0.3302912315170615,0.7764803569500556,177,1,Havana (feat. Young Thug),Camila Cabello
-0.1723071184444344,-0.03863650321382243,0.06253286453204367,178,1,LUNA,Feid
-0.08205781542858745,-0.059315578355476024,-0.03567972319632048,179,1,I Like You (A Happier Song) (with Doja Cat),Post Malone
0.15465187363602198,-0.13075051605811527,-0.14836035787912982,180,1,Bones,Imagine Dragons
0.03829275369023062,-0.04327352583423912,-0.13423567946932288,183,1,golden hour,JVKE
0.7754059400725921,-0.13679363202593703,0.02648522877150083,184,1,Levitating (feat. DaBaby),Dua Lipa
-0.1993541084578474,0.028285055076839254,0.056133573524429985,185,1,Get It Sexyy,Sexyy Red
-0.052586261041047,0.39983750839206267,-0.11938083896391839,186,1,"This Wish - From ""Wish""",Ariana DeBose
-0.2094156942248271,-0.006026825947686645,0.09611623546091096,187,1,IDGAF (feat. Yeat),Drake
0.18796100477537636,-0.21497640136039106,-0.09227022471977894,188,1,Ojitos Lindos,Bad Bunny
0.8083238105143803,-0.18963182806030177,0.15037118353066192,189,1,Life Is Good (feat. Drake),Future
-0.09828442645464235,0.09585780666614202,-0.08876412944787625,190,1,Escapism.,RAYE
-0.11749967232605525,0.011126737422327266,-0.03952052401782563,192,1,Jimmy Cooks (feat. 21 Savage),Drake
0.17274267323786577,0.49099976226861736,-0.28308323677656366,193,1,What You Know Bout Love,Pop Smoke
0.5952504576101133,-0.077303022457799,-0.1699395619397613,194,1,Memories,Maroon 5
-0.06753955390797536,-0.053400048753444916,-0.04606457172294925,195,1,Classy 101,Feid
-0.21497179371077924,0.00992779267626687,0.09363179154046473,197,1,Whatever She Wants,Bryson Tiller
-0.2081087553014386,-0.006059765353000564,0.09377786756623316,198,1,Vois sur ton chemin - Techno Mix,BENNETT
-0.12312573335089032,-0.0630049110270259,0.017129230160620314,199,1,"yes, and?",Ariana Grande
0.9025740253846212,0.11207943208498254,0.23711580121908388,200,1,Without Me,Halsey
-0.18509260643817,-0.027057975658062634,0.071773291669864,202,1,First Person Shooter (feat. J. Cole),Drake
0.8868944511462302,-0.14153347222255114,0.3229959218940471,204,1,Shallow,Lady Gaga
0.927481133219387,-0.04501734422615087,0.31478802407642725,203,1,Thunder,Imagine Dragons
-0.005014675661429699,0.20378381850353694,-0.17918408619357398,205,1,Rush,Ayra Starr
0.32545560294677256,0.347018272457404,-0.21610938103270816,206,1,abcdefu,GAYLE
0.354657435927642,0.8019821022100416,-0.06523959707103505,208,1,Buga,Kizz Daniel
-0.09735486366563867,0.08552864514146988,-0.08793304926674453,207,1,Bad Habit,Steve Lacy
0.7437763635090726,0.33055478643691694,0.1337559663256135,210,1,MONEY,LISA
-0.1346359533396569,-0.023104435895730597,0.0018205920025861548,209,1,Columbia,Quevedo
-0.09434803859143444,-0.0033830187963980345,-0.05179154942718479,212,1,LADY GAGA,Peso Pluma
0.3066386203394905,0.16170221977570942,-0.285460855080872,211,1,Woman,Doja Cat
0.11355504131321092,0.45830759504786406,-0.18528960088487811,213,1,CUFF IT,Beyoncé
0.6553183788410492,0.4556831207389171,0.4360900577067189,215,1,How You Like That,BLACKPINK
0.32420423847317964,-0.2396831830964112,-0.012247798055550065,216,1,Milf Song,The Puddleducks
-0.2035371010316268,0.07106982058071494,0.04105688592521409,217,1,Nasty,Tinashe
-0.14937510135353177,-0.05215749475734015,0.03914949958268327,218,1,Superhero (Heroes & Villains),Metro Boomin
0.9127912500984453,0.12141866782518722,0.3728784564532825,219,1,Panda,Desiigner
-0.058165242649238745,-0.08347261728000524,-0.042209005908361324,221,1,Tattoo,Loreen
0.1128354909232093,0.3440057541975985,-0.19855964155273106,222,1,Kiss Me More (feat. SZA),Doja Cat
-0.08128117100228296,0.28852878849429164,-0.12056937434748233,223,1,What It Is (Block Boy) (with Kodak Black),Doechii
-0.12248634809895423,0.15761716662935932,-0.06975726057084812,224,1,Gata Only,FloyyMenor
-0.22357175441603025,0.0077544420217651715,0.11164101189732882,225,1,Illusion,Dua Lipa
0.7247599137712528,0.015633758694323572,0.003272476178263236,226,1,drivers license,Olivia Rodrigo
-0.17868170662002078,-0.017549213730076795,0.053763182534344166,227,1,Used To Be Young,Miley Cyrus
-0.1154988122591319,0.276902374502753,-0.10413978915684191,229,1,Cupid - Twin Ver.,FIFTY FIFTY
-0.07223487098648995,0.19163287068129045,-0.129991561015203,230,1,Players,Coi Leray
0.9136694963706636,0.015563698621108497,0.47444606472811734,231,1,rockstar (feat. 21 Savage),Post Malone
0.9288463843062259,-0.013490479244855174,0.45514527339095223,236,1,Con Calma,Daddy Yankee
0.004998944925752504,0.21530836854570398,-0.2072094888978047,234,1,Here With Me,d4vd
-0.13711686490015126,-0.04550446346799342,0.020190964567877005,235,1,Favorite Song,Toosii
-0.17970424961668732,-0.02288744266909982,0.062315912491879816,233,1,Si No Quieres No,Luis R Conriquez
0.11719489338373476,0.31713077963529984,-0.2368654038876523,238,1,MONTERO (Call Me By Your Name),Lil Nas X
-0.21447359821895293,0.007261110917992957,0.09524672900647543,240,1,Is It Over Now? (Taylor's Version) (From The Vault),Taylor Swift
0.03273901258142827,0.20324651155167725,-0.2205528741510847,241,1,Si No Estás,iñigo quintero
0.03645169904787684,0.2939893370524709,-0.10674323682649933,242,1,Glimpse of Us,Joji
0.46041397475150614,-0.09118524563338148,-0.20128442812670114,243,1,Watermelon Sugar,Harry Styles
-0.12689764467784811,-0.029790808883287008,-0.006164527187762226,246,1,WHERE SHE GOES,Bad Bunny
-0.08072624076292205,-0.0431541635567933,-0.03471036184067657,247,1,Yandel 150,Yandel
-0.03739122095523432,0.08408468421586839,-0.142277503241695,248,1,THATS WHAT I WANT,Lil Nas X
0.3145150005437203,0.17997513993280548,-0.31579439782210544,249,1,Todo De Ti,Rauw Alejandro
-0.18852866456358328,-0.021801281348876062,0.07306017170411737,250,1,Chemical,Post Malone
0.49034468589727537,0.42508914549711235,0.6145606303326074,251,1,See You Again (feat. Charlie Puth),Wiz Khalifa
0.07817826741380215,-0.1273361072270134,-0.11241943329021936,252,1,Drip Too Hard (Lil Baby & Gunna),Lil Baby
0.6461092111325402,0.3552507399117263,0.7434481341399616,254,1,Uptown Funk,Mark Ronson
0.5224607350055086,0.4967097526800855,0.4370915848681171,256,1,love nwantiti (ah ah ah),CKay
0.8744010014908422,0.1521851038971619,0.6915889375734299,257,1,Mi Gente,J Balvin
-0.11590380259122954,-0.05484933673905488,-0.0009471639755358618,258,1,Late Night Talking,Harry Styles
-0.10015130818294982,0.2612779727514182,-0.11211121332618433,261,1,Miss You,Oliver Tree
0.30200168700194424,0.842564154551162,-0.1307135877553527,260,1,girls like me don't cry,thủy
0.6982034406464517,-0.15140533771709253,0.23352509314112802,259,1,Yummy Fruits and Vegetables,D Billions
0.6507080159727969,-0.27508398813513185,0.03234388165156527,262,1,Dakiti,Bad Bunny
0.8927319937774081,-0.12499620316437166,0.3302077434877507,265,1,Starboy,The Weeknd
0.8054927675371303,0.2571032522897563,0.7323185281978996,264,1,Sorry,Justin Bieber
0.09581905920716137,-0.02759467187413318,-0.1841397725632793,263,1,Calling My Phone,Lil Tjay
0.668503530610537,0.05290273138355682,-0.09105860805321973,266,1,Pink Venom,BLACKPINK
-0.21341087944868728,0.01995669538919778,0.08380242992988975,267,1,I Can Do It With a Broken Heart,Taylor Swift
0.6952420886245559,0.47155942851204613,-0.08828065008373003,268,1,death bed (coffee for your head),Powfu
-0.14208807897132722,-0.05526195185934952,0.03157564461573428,269,1,Too Many Nights (feat. Don Toliver & with Future),Metro Boomin
-0.21103242848466003,-0.0021256819194968254,0.09582243711204608,270,1,MELTDOWN (feat. Drake),Travis Scott
0.10656160022405484,-0.16316051372864565,-0.10138858070787324,272,1,Moscow Mule,Bad Bunny
0.8989984109603536,-0.11648211848081097,0.33132855863602456,273,1,Something Just Like This,The Chainsmokers
0.9021152280204207,0.09769627059449479,0.2801197702262564,274,1,7 rings,Ariana Grande
-0.10655718019071547,-0.000248377081587393,-0.04675073386047407,275,1,Moonlight,Kali Uchis
0.42027868708198546,0.8107059276686028,-0.12089892908528747,276,1,Savage Love (Laxed - Siren Beat),Jawsh 685
0.8936078190506801,-0.08289016028682851,0.284431520672799,278,1,God's Plan,Drake
0.46851287604917463,0.7567245130396053,0.22876121421548656,279,1,Sunroof,Nicky Youre
-0.06956077614379008,-0.10931525791357932,-0.006873682113257217,280,1,La Víctima,Xavi
-0.20509533832118126,-0.0065237190264493304,0.08831455735280942,281,1,MY EYES,Travis Scott
0.9348333756779289,-0.03672955862296761,0.39497359290757555,284,1,Despacito - Remix,Luis Fonsi
0.04199928650217319,-0.07394439325898117,-0.1281463513746833,283,1,Ghost,Justin Bieber
0.29711346208178635,-0.11583720916918754,-0.19944148425963612,285,1,Dior,Pop Smoke
0.23217259530437417,0.29163506619705587,-0.3199835030727134,288,1,Una Noche en Medellín,Cris Mj
0.8675554149394696,0.09316834897801854,0.4345818288593331,289,1,SAD!,XXXTENTACION
-0.0846955729272512,-0.00032345454564590756,-0.0588961624374074,290,1,Primera Cita,Carin Leon
0.09173456197202459,0.24193248587551966,-0.24831613401294322,292,1,Efecto,Bad Bunny
-0.11548589948641816,0.1090751922559512,-0.07170939210552899,293,1,Bênçãos Que Não Têm Fim (Counting My Blessings),Isadora Pompeo
0.36240912909374184,-0.13706965128429827,-0.19226480534198145,295,1,Yonaguni,Bad Bunny
0.9106942668126916,0.1773775978787534,0.41543777505508583,296,1,Heathens,Twenty One Pilots
0.3884851118950221,0.08061833833112467,-0.28984674620615436,297,1,Whoopty,CJ
-0.07238628095751648,0.058274738407306834,-0.10766671980975573,298,1,Super Shy,NewJeans
0.8151667958363068,-0.09454835492308697,0.11898475268356767,299,1,Happier,Marshmello
-0.17075431592047774,0.09036440083926173,-0.010244450671148386,301,1,HARLEY QUINN,Fuerza Regida
0.758014565436597,0.2623597562815967,0.34983240002890814,302,1,Butter,BTS
0.8860918640971099,-0.07563465980400712,0.2758587273785427,303,1,Calma - Remix,Pedro Capó
0.7133613161608692,-0.09762426813683657,0.00874797876207482,305,1,"CAN'T STOP THE FEELING! (Original Song From Dreamworks Animation's ""Trolls"")",Justin Timberlake
0.5737838363658123,0.6633643840363039,-0.15346753256981693,306,1,Say So,Doja Cat
0.2559650072728299,-0.1859942585518793,-0.14021453178424176,307,1,Ransom,Lil Tecca
-0.11507589456717422,0.009829961016342972,-0.042296740762445724,308,1,Romantic Homicide,d4vd
0.9264211606810826,0.022265858824258262,0.40857725741227,310,1,Rockabye (feat. Sean Paul & Anne-Marie),Clean Bandit
-0.129402818335623,-0.0669929094650966,0.02618640401247505,312,1,Rich Men North of Richmond,Oliver Anthony Music
-0.12576034103538344,0.04981489355445244,-0.04934312558226259,313,1,BESO,ROSALÍA
-0.04392712518879006,-0.007989976467273471,-0.08512594644700361,314,1,Que Vuelvas,Carin Leon
-0.029531762452705227,0.16102184360318034,-0.13854547676949297,318,1,Just Wanna Rock,Lil Uzi Vert
0.1556087858254574,-0.024331272392002654,-0.20830711742484,317,1,Mood Swings (feat. Lil Tjay),Pop Smoke
0.10770121793418032,-0.1799194959795172,-0.0834065673266115,319,1,Fuck Love (feat. Trippie Redd),XXXTENTACION
-0.17671425056058412,0.04663722712436615,0.01729043074979186,320,1,Rich Flex,Drake
-0.06504908581655323,-0.05491971568876048,-0.04853184198231085,321,1,Standing Next to You,Jung Kook
0.6602144410770271,-0.21372249115763328,-0.0362194234678646,322,1,Congratulations,Post Malone
0.05262810868760507,0.40627298115587623,-0.1860343133780827,324,1,Do It To It,ACRAZE
0.7221119661297798,-0.1684370138018739,-0.01743440960869896,323,1,Tusa,KAROL G
0.20579077613849717,-0.08140426077538591,-0.20161717043770389,325,1,For The Night (feat. Lil Baby & DaBaby),Pop Smoke
-0.19662791022375867,-0.010369967893481222,0.07845215508509212,326,1,Good Good,USHER
-0.18232501552158306,0.10396424186404457,0.0014383050549115178,327,1,Austin,Dasha
-0.20942381342328117,0.006159199952359661,0.08722017384331947,329,1,Search & Rescue,Drake
-0.12482206261865908,0.049910248358530196,-0.04522376142285034,328,1,TULUM,Peso Pluma
0.08576238488287223,-0.13789195722993772,-0.11035553376004831,330,1,Shivers,Ed Sheeran
-0.15545884121610032,0.14010463702254378,-0.034413682000205066,331,1,Coup du marteau,Tam Sir
0.48236141906371316,0.7348155308010513,0.3291276852530689,332,1,Adderall (Corvette Corvette),Popp Hunna
0.33662426854802935,0.8548971566332532,-0.08453613263185185,333,1,Full Senyum Sayang,Evan Loss
-0.15313235684126944,-0.0544517009948579,0.04661012630232065,334,1,Sunroof,Nicky Youre
-0.09584855920028232,0.011672429714408817,-0.06091103009982571,336,1,Los del Espacio,LIT killah
0.6910476906094032,0.0339805924109247,-0.12348021580417012,338,1,Taste (feat. Offset),Tyga
0.1369462049627339,0.030566208171444238,-0.2292382751182901,337,1,MAMIII,Becky G
0.0509051154803942,0.004416611236022055,-0.16719197355170376,339,1,Until I Found You,Stephen Sanchez
-0.20347009307351976,0.029503655693179365,0.06187324329558226,340,1,exes,Tate McRae
0.47013111346383846,0.5123744723536042,0.49156905840592113,341,1,Banana (feat. Shaggy),Conkarah
-0.1934789694686488,-0.009003707953220898,0.0714750368726046,342,1,Stick Season,Noah Kahan
0.131886952945733,-0.05644338316049101,-0.18137381241421574,344,1,Need To Know,Doja Cat
-0.21218118338634817,0.03523825651102224,0.07587079356198681,345,1,kompa pasión,фрози
0.03152658527638095,-0.06883748428626225,-0.09394054709964772,343,1,Qué Agonía,Yuridia
-0.10367985235566772,-0.04792304997519259,-0.018341515982284385,346,1,Last Last,Burna Boy
0.1087457603990268,0.629808012132211,-0.1545290101714394,347,1,Ngopi Maszeh,Happy Asmara
-0.2100245562593542,-0.005535117475645933,0.09671011578094535,349,1,500lbs,Lil Tecca
-0.11342079897805242,-0.042956835552200916,-0.013125290737915905,348,1,Knife Talk (with 21 Savage ft. Project Pat),Drake
0.17375880336573163,0.5927325432481314,-0.23405864465280438,350,1,BILLIE EILISH.,Armani White
0.03033129503063956,-0.08067540678466792,-0.11629317759158848,351,1,アイドル,YOASOBI
-0.20201976257952217,-0.0031323190766340777,0.082842445935994,353,1,Thinkin’ Bout Me,Morgan Wallen
0.2663185380054408,-0.006989867917733572,-0.23888795382569908,355,1,deja vu,Olivia Rodrigo
-0.05034034716596161,0.35906542140231285,-0.15527886131201513,358,1,Sequência da Dz7,TRASHXRL
-0.05091636508829066,0.04868185525825883,-0.10404260350763721,360,1,Doja,Central Cee
0.6380821990998385,0.37789742446567653,0.7006937300837162,361,1,Kill This Love,BLACKPINK
-0.21929130285281054,0.016236947228705823,0.09653192800507543,363,1,"Good Luck, Babe!",Chappell Roan
0.5648796205157632,0.25387753730687995,-0.2560033734747231,365,1,Sweet but Psycho,Ava Max
-0.09292350095513625,0.017592976824501286,-0.061070497132304974,364,1,Hey Mor,Ozuna
-0.15632441071746833,-0.04041133217641027,0.04056883822169194,366,1,Ferrari,James Hype
0.7083388943201078,0.42185753473199716,-0.08685286184682507,367,1,Falling,Trevor Daniel
0.39263910288810017,-0.10398797467882176,-0.2027049119413176,368,1,positions,Ariana Grande
-0.1446610391720061,-0.03002596125979641,0.01830528676025375,370,1,Where Are You Now,Lost Frequencies
-0.06484534203390845,-0.05118668643912808,-0.05743994389002965,371,1,Save Your Tears,The Weeknd
0.23367373984986117,-0.09751183130279274,-0.18310041067062316,372,1,Happier Than Ever,Billie Eilish
0.8906724223377396,-0.0372629888790983,0.315115302427608,373,1,This Is What You Came For,Calvin Harris
0.7113338538535513,-0.23285065281101128,0.09294406933331281,376,1,China,Anuel AA
0.824568734866757,0.07479175444571536,0.522237461858663,374,1,"Let It Go - From ""Frozen""/Soundtrack Version",Idina Menzel
0.8502462546842781,0.003947787600934851,0.3523965845676947,375,1,Moonlight,XXXTENTACION
-0.1349212344957253,0.007842832009593157,-0.014874836484041374,379,1,Smart,LE SSERAFIM
0.9200159933137099,-0.09014800122474853,0.34597285887419904,378,1,That's What I Like,Bruno Mars
0.18861026827719307,0.7337717571755393,-0.17744619042831417,380,1,Commando,Mavokali
0.032562665025221836,-0.07799232693739418,-0.1173466927617468,381,1,The Business,Tiësto
0.16976561485427671,0.29010780569434425,-0.30007802449016496,382,1,Ride It,Regard
-0.19099559839920396,-0.007531699177867675,0.06630888110701753,383,1,Mwaki,Zerb
0.5033206645720797,-0.1597543756257496,-0.1395252954333206,385,1,BICHOTA,KAROL G
0.07054756117831316,-0.18512865879452875,-0.03696295778006083,386,1,writhe,daine
0.8893192751767471,-0.11893860886634858,0.22042816220652325,388,1,The Hills,The Weeknd
-0.2187554332841675,0.0029101450076468634,0.10600138754387081,390,1,SKINNY,Billie Eilish
0.10487403143843499,-0.0810242049529407,-0.15601081410797113,392,1,Te Felicito,Shakira
-0.17449544532801303,-0.012729988530202203,0.051617407343566034,393,1,Que Onda,Calle 24
-0.21416916368819452,0.006041155103579696,0.09622134218299216,394,1,Stumblin' In,CYRIL
-0.16240688196816086,-0.03321283768516409,0.04175855346368306,396,1,STAR WALKIN' (League of Legends Worlds Anthem),Lil Nas X
0.07117203923392523,-0.072470550754427,-0.13905098662836876,397,1,Desesperados,Rauw Alejandro
0.8585800726588113,0.11191319937851729,0.6337423722295026,399,1,Sugar,Maroon 5
-0.062023913530782,0.3901848813477037,-0.11136106156383517,404,1,Old Town Road - Remix,Lil Nas X
0.9132102439866712,0.08512801674288624,0.27163192409412523,403,1,Let Me Love You,DJ Snake
0.27146927303842033,0.2075012652926542,-0.26338297510459485,401,1,Envolver,Anitta
0.15274787224371672,0.6726173639530626,-0.16839844198015405,405,1,Oublie-moi,Emkal
-0.13237383307586947,0.11686748434250879,-0.05326806359042971,408,1,NUEVA VIDA,Peso Pluma
0.24512774363088402,-0.1283764619597982,-0.18197989297302503,409,1,you broke me first,Tate McRae
0.45309722989915435,0.43319111523419174,0.5009170707503213,410,1,Relationship (feat. Future),Young Thug
0.4595137048864123,0.7492541402643136,0.02717394397065916,413,1,Beggin',Måneskin
-0.05173999912903299,0.4139861147794654,-0.1279929393256405,411,1,Pretty - Sped Up,MEYY
0.43855552977572393,-0.23551421144307758,-0.09790991659669886,415,1,Hawái,Maluma
-0.19436731632909124,0.04548219180751963,0.0390550750495348,414,1,act ii: date @ 8,4batz
0.7476825625427734,0.38446024306634846,0.023006870109888212,418,1,Cradles,Sub Urban
-0.04895318843248761,-0.07802191212348798,-0.053416903216899826,417,1,Roses - Imanbek Remix,SAINt JHN
-0.20236236074537844,0.018465650064916777,0.06724959153143674,419,1,Angel Numbers / Ten Toes,Chris Brown
-0.18232884765309534,0.13063064673556882,-0.009983102882171363,420,1,Never Lose Me,Flo Milli
-0.11123554749982802,-0.02727094349527277,-0.02378761218157211,421,1,Reggaeton Champagne,Bellakath
-0.17004067800716047,0.030568984163434145,0.012096813200930234,422,1,MASHA ULTRAFUNK,HISTED
0.1824999998405314,-0.06964058026408011,-0.2010643985168553,423,1,Under The Influence,Chris Brown
0.5343621821865481,0.7078040938045577,-0.13670465095333562,424,1,Life Goes On,Oliver Tree
-0.21566959163725918,0.0018357882673306408,0.10124764975963063,429,1,Trance (with Travis Scott & Young Thug),Metro Boomin
-0.1419969492410873,-0.029462420982926757,0.012650420840395204,430,1,Rock and A Hard Place,Bailey Zimmerman
0.9315797560373957,0.050481329153459084,0.37409336818539,432,1,Don't Let Me Down,The Chainsmokers
0.6042507484970988,0.3919960966729537,0.7071721217270189,434,1,DDU-DU DDU-DU,BLACKPINK
0.14817485850839646,0.042837459589622665,-0.23255100364273934,435,1,telepatía,Kali Uchis
0.9264914964130934,-0.016647122064536644,0.49589718966195573,436,1,Wake Me Up,Avicii
-0.20721415186599837,-0.005358580980748364,0.09246658290759839,437,1,Overdrive (feat. Norma Jean Martine),Ofenbach
-0.11188667023118314,-0.044012895704215634,-0.01199885275061543,438,1,Chulo pt.2,Bad Gyal
-0.16246165421945344,-0.012502553938280548,0.028740800206681176,439,1,All Girls Are The Same,Juice WRLD
-0.1566818564765497,0.17979168052808842,-0.04529614624156591,441,1,Push Up - Main Edit,Creeds
0.20320756054073827,0.05470555889092231,-0.25892992656221725,440,1,Kings & Queens,Ava Max
0.2546310816563035,-0.18404345607496528,-0.14108833939974072,442,1,Adore You,Harry Styles
0.3489022112445886,-0.2310616172590781,-0.116620382878186,443,1,HIGHEST IN THE ROOM,Travis Scott
-0.1260291577747718,0.13451372330215555,-0.06986950429798602,444,1,UNAVAILABLE (feat. Musa Keys),Davido
0.2152455702978178,0.27650836754430874,-0.3112098767286573,448,1,Dreamers [Music from the FIFA World Cup Qatar 2022 Official Soundtrack],Jung Kook
0.05877608006444708,0.31873017654015506,-0.25019348243606343,451,1,Cruel Summer,Taylor Swift
0.7387380864566626,-0.2401859607394492,0.09258645261612486,454,1,Unforgettable,French Montana
0.6436981992509614,0.37447202556138703,0.7626143460661527,458,1,Faded,Benjamin Richter
-0.18002024083996915,-0.026559107910450408,0.06417515041553422,457,1,Lose My Breath (Feat. Charlie Puth),Stray Kids
0.48778757133888506,0.6462907491862692,0.40877885941612696,460,1,Дикая львица,ALEX&RUS
-0.22401390210957642,0.01071175733946962,0.11015768467157563,459,1,Move,Adam Port
0.05424246628507471,-0.14013566044951445,-0.08717118705447645,461,1,F.N,Lil Tjay
0.7583317530965126,-0.15097062000849898,0.0173287131048798,462,1,Say You Won't Let Go,James Arthur
0.9015019059416437,0.0243930505011504,0.5540312624559055,463,1,Blank Space,Taylor Swift
0.8933898580056411,0.10858853024086484,0.6573992669677957,464,1,Girls Like You,Maroon 5
0.5597970680240509,-0.18631649525790733,-0.11848974549321475,466,1,HUMBLE.,Kendrick Lamar
-0.19748308665832057,-0.010755905038419968,0.07913647251245269,465,1,Forget Me,Lewis Capaldi
-0.04877790399768538,0.13807277942743829,-0.11751634594061222,468,1,Super Freaky Girl,Nicki Minaj
-0.19143940454355746,-0.005812325845656272,0.06609108838220602,470,1,Miracle (with Ellie Goulding),Calvin Harris
0.9168061323683772,0.07945856403759685,0.49122649735029833,471,1,Somebody That I Used To Know,Gotye
0.8556690432217945,0.1776014720774662,0.7165205078963041,474,1,We Don't Talk Anymore (feat. Selena Gomez),Charlie Puth
0.44558825863083995,0.4058737466585494,0.48691321888334754,473,1,Oh No,Kreepa
-0.00677038684275024,-0.07721258682018053,-0.08736598105241378,472,1,Pop Out (feat. Lil Tjay),Polo G
0.8819876018044402,-0.11742119876532695,0.20331182930622782,475,1,7 Years,Lukas Graham
-0.18208211066113333,0.016963257355814134,0.03890246669285745,478,1,Something in the Orange,Zach Bryan
-0.1254950130061068,0.01608404750390247,-0.021169509079071242,477,1,AMARGURA,KAROL G
0.4960588650704538,0.004430865318428679,-0.23922682267040524,476,1,"Happy - From ""Despicable Me 2""",Pharrell Williams
-0.11753517918671037,0.06833452604137961,-0.05217634772220588,479,1,Bailando Bachata,Chayanne
0.8870451100162856,-0.12851959465867577,0.2953584139930771,481,1,Treat You Better,Shawn Mendes
-0.08579805127818196,-0.016900530995192287,-0.047901151257354495,483,1,Feliz Cumpleaños Ferxxo,Feid
0.8752681839219795,0.09788727454023868,0.6368682432883956,484,1,Let Her Go,Passenger
-0.214808478553074,-0.0008634092390780191,0.10167152113868685,485,1,Fall Back,Lithe
0.9190835888013059,0.08791198153533239,0.6110402676188473,482,1,Stressed Out,Twenty One Pilots
0.5353715396085988,-0.22776536324842703,-0.05438049679897206,486,1,Astronaut In The Ocean,Masked Wolf
0.9315770080867602,-0.03346167711810263,0.45621157068639706,487,1,All of Me,John Legend
-0.15065787903967118,-0.011112858736202696,0.011198482444141959,488,1,2055,Sleepy Hallow
0.26709078338417863,-0.22836349716696608,-0.11043925472038855,489,1,Redbone,Childish Gambino
-0.14637257873202297,0.22496589040144882,-0.04420073285831961,492,1,"This Is The Thanks I Get?! - From ""Wish""",Chris Pine
0.17334514364457113,-0.07163890476423965,-0.18451468594668957,493,1,We Don't Talk About Bruno,Carolina Gaitán
-0.17960847200906763,-0.017561235585351633,0.05713068450272336,494,1,You Proof,Morgan Wallen
0.21835350669246062,-0.12440320392432516,-0.17942288620833136,496,1,Break My Heart,Dua Lipa
0.39950669558218627,-0.08453790474113364,-0.189198864660065,497,1,Shut Down,BLACKPINK
0.3640988617196336,0.8690166556121223,-0.031019624399043683,501,1,Chill Vibes,Tollan Kim
0.5010107600830978,-0.2526513130170233,-0.07203658806769564,503,1,MIA (feat. Drake),Bad Bunny
0.19032548285345996,0.192928730552175,-0.2984565883271745,505,1,Toosie Slide,Drake
-0.06709834864678386,0.053072819248770615,-0.10092988528507889,506,1,MIENTRAS ME CURO DEL CORA,KAROL G
-0.2167534589356275,0.006018881563991325,0.10016919125746448,504,1,Down Bad,Taylor Swift
-0.049739747985414834,-0.10607327398053365,-0.031832927209349555,502,1,Ballin' (with Roddy Ricch),Mustard
-0.07160422485808655,0.021132505845916666,-0.08390902070117316,509,1,Vegas (From the Original Motion Picture Soundtrack ELVIS),Doja Cat
-0.16389865780142482,-0.019565707684188614,0.038369351267684225,510,1,El Merengue,Marshmello
-0.19483914445754513,-0.01934657981692969,0.08145276532783154,513,1,Made For Me,Muni Long
-0.2119308928472981,-0.00281673421912283,0.09805775196378405,512,1,TELEKINESIS,Travis Scott
-0.11909785090699736,-0.0465969487186937,-0.0019514023010388471,516,1,Martin & Gina,Polo G
0.8414762618009106,-0.02694035817368828,0.18575378729801198,515,1,"thank u, next",Ariana Grande
0.09819953126181141,0.04885774010568236,-0.20146406440387296,518,1,One Dance,Drake
0.24015832749052837,0.6764336333152742,-0.22782945716601385,517,1,ily (i love you baby) (feat. Emilee),Surf Mesa
0.1508332136971196,-0.1327339716611632,-0.1338802928543875,519,1,Hope,XXXTENTACION
-0.19116588619739633,-0.016591570338155528,0.07390925432201391,520,1,TRUSTFALL,P!nk
0.3459753369930743,-0.2188507139633319,-0.13124223675026608,521,1,Intentions (feat. Quavo),Justin Bieber
0.055706892763152424,-0.0458586814328271,-0.15315835701953223,523,1,Lemonade,Internet Money
-0.04593582996622035,0.12366459782880981,-0.1522384277090893,524,1,WITHOUT YOU,The Kid LAROI
-0.16416756100895913,-0.029643558139314196,0.041446161751414294,526,1,LET GO,Central Cee
0.42986734348467315,0.8865246471804328,-0.004424906047232281,528,1,Savage Remix (feat. Beyoncé),Megan Thee Stallion
0.28212373804893726,0.4792003311134555,-0.32990243889555315,529,1,No Idea,Don Toliver
0.7467289255803049,-0.22907973157944006,0.08355018107832812,530,1,Love Yourself,Justin Bieber
-0.20261421362316387,-0.0059907474553195905,0.08421394449100271,533,1,Need A Favor,Jelly Roll
0.8775938918408349,-0.08579619115127957,0.2570764079371287,535,1,Work from Home (feat. Ty Dolla $ign),Fifth Harmony
-0.10422062714118162,0.2897833648290931,-0.08373151544313522,536,1,Anabella,Khaid
-0.10580717649608688,-0.06050519341886434,-0.009394799423120609,539,1,Bam Bam (feat. Ed Sheeran),Camila Cabello
-0.11574097926950895,-0.06452761244769378,0.007114471617755121,540,1,The Motto,Tiësto
-0.17418456644110247,-0.024902976032002408,0.053128197386782504,538,1,Single Soon,Selena Gomez
0.04721445228242595,-0.1526671061227322,-0.06808629439288913,541,1,Falling Down - Bonus Track,Lil Peep
0.7651828298246042,0.03252235568090894,0.010310306255279983,542,1,Sin Pijama,Becky G
-0.08363868732756384,-0.0996614054160326,0.000728528589031561,545,1,Wasted On You,Morgan Wallen
-0.14974010679402266,-0.009409467154316927,0.008385852232964806,544,1,BREAK MY SOUL,Beyoncé
-0.11237208434537074,0.09811039721751957,-0.08151116087636745,547,1,Murder In My Mind,Kordhell
0.6402960841233245,0.590677182311905,-0.055565594514732766,548,1,Unstoppable,Sia
0.1821351508738524,-0.08381005257030526,-0.17653081461027972,550,1,traitor,Olivia Rodrigo
0.6271497320422329,-0.17484882731587167,-0.09066820684980567,549,1,goosebumps,Travis Scott
0.13522399428421972,-0.09427290920218429,-0.1561960676043167,552,1,Qué Más Pues?,J Balvin
-0.02663904080769021,0.283504515651005,-0.19272251813141789,551,1,Hrs and Hrs,Muni Long
0.735245639776236,0.3083200073520655,0.6348764007909341,553,1,Boy With Luv (feat. Halsey),BTS
0.21515122236521783,0.6118164749311017,-0.2732337102646579,554,1,Angel Baby,Troye Sivan
-0.10304553621165753,0.04870751016144761,-0.07157893026971145,555,1,Way 2 Sexy (with Future & Young Thug),Drake
-0.22164442624551306,0.006984589052271574,0.10832998850363666,557,1,SORRY 4 THAT MUCH,Feid
0.027915063056935294,-0.06490604479400734,-0.11757785452509095,558,1,I WANNA BE YOUR SLAVE,Måneskin
-0.18653863715334035,-0.024329559800758238,0.07272051837627493,560,1,PUFFIN ON ZOOTIEZ,Future
-0.05354467594811064,-0.10186542634894423,-0.02175087724816058,559,1,3D (feat. Jack Harlow),Jung Kook
-0.1089910687957204,-0.08388617396063229,0.014010157162114938,562,1,XO Tour Llif3,Lil Uzi Vert
-0.18835810576289472,0.0666707462634613,0.02042469087590551,563,1,Lift Me Up - From Black Panther: Wakanda Forever - Music From and Inspired By,Rihanna
-0.20576754536656455,-0.009939083209364138,0.092914900147807,561,1,Desire (with Sam Smith),Calvin Harris
0.150644876374119,0.7163076527201823,-0.1781092659774681,564,1,Cute,Aurel Surya Lie
-0.015283178612244893,-0.09074987885292204,-0.06990495878178603,565,1,Cold Heart - PNAU Remix,Elton John
0.7247735812078837,-0.23853279574303166,0.10151554263532869,566,1,Con Altura,ROSALÍA
0.40969095435537645,-0.2723569124113089,-0.056160417181428515,570,1,LA CANCIÓN,J Balvin
0.7280308949692291,-0.195197751075263,0.01325487655592011,567,1,In My Mind,Dynoro
0.9265832853019754,-0.035068175184728156,0.4531152140538432,569,1,Chandelier,Sia
0.12401070542259214,-0.197351081435108,-0.07396193445068855,571,1,Eastside (with Halsey & Khalid),benny blanco
0.31867952527414695,-0.20896773432764487,-0.10867659811522815,572,1,Godzilla (feat. Juice WRLD),Eminem
0.7955922133495098,-0.17879747244840816,0.1965623723595154,573,1,All About That Bass,Meghan Trainor
0.0914890745075773,-0.14924850431429088,-0.10311415549101847,574,1,"Besharam Rang (From ""Pathaan"")",Vishal-Shekhar
-0.16103163848078136,0.12803416133341453,-0.03605431443912771,575,1,MR. TAKE YA B*TCH (FEAT. CHRISEANROCK),Lil Mabu
-0.03895605501348476,-0.0799201897770967,-0.058429217844294716,576,1,Cheques,Shubh
-0.2051883298197288,0.029668648647857208,0.06713406467515469,577,1,Friday (feat. Mufasa & Hypeman) - Dopamine Re-Edit,Riton
-0.16038305472097236,-0.022123197500067512,0.03545700677609711,578,1,VAGABUNDO,Sebastian Yatra
0.8180257000050698,-0.18119253174161665,0.13523635033237827,580,1,Cheap Thrills,Sia
0.589668167561727,0.16421487793607129,-0.22152768817387103,579,1,Yummy,Justin Bieber
-0.19936375563822875,-0.00871479559868582,0.08066031728000009,582,1,On My Mama,Victoria Monét
0.00547578698167713,-0.09978573181506374,-0.08347348990332623,583,1,Wishing Well,Juice WRLD
0.6980684842146617,-0.23163308155809834,0.02778909510875556,584,1,Too Good At Goodbyes,Sam Smith
-0.1268642587742887,-0.04319762813168344,0.004181720305166055,585,1,SPECIALZ,King Gnu
0.0034307919800556806,0.46167338946268466,-0.16030689097078438,586,1,Ta Ta Ta,Bayanni
-0.12359801318011526,0.0006773545191683946,-0.020556659676167887,588,1,Un Finde | CROSSOVER #2,Big One
0.7095806728000686,-0.11260935534528893,-0.06664404865311864,589,1,There's Nothing Holdin' Me Back,Shawn Mendes
-0.14545811188380922,-0.05954331919764094,0.040180798904192426,587,1,Gulabi Sadi,Sanju Rathod
-0.017799255873548907,-0.08521405076050448,-0.07380275741751681,590,1,Breaking Me,Topic
0.8930046459162467,0.015700669288616326,0.4930428790859836,593,1,Shake It Off,Taylor Swift
-0.13141335459872078,0.0632834428153708,-0.0491911529375283,594,1,LOVELY BASTARDS,ZWE1HVNDXR
0.25283734428284327,-0.18145432389828536,-0.12237806354087442,595,1,La Curiosidad,Jay Wheeler
0.26296327257645413,-0.20731454119702447,-0.11336529745799424,596,1,EL MAKINON,KAROL G
-0.09541845596413157,0.019621308818354354,-0.06707717236589486,597,1,In The Stars,Benson Boone
-0.18669049519030226,-0.013227521702463359,0.06268996821343675,598,1,Shirt,SZA
-0.13401154367332901,0.0839868803463007,-0.05223391542744177,601,1,Tá OK,DENNIS
-0.151713966226827,0.13012884342100145,-0.03181835437240665,602,1,Cắt Đôi Nỗi Sầu,Tăng Duy Tân
0.5323788521456214,-0.2510201039292004,-0.07656010447110737,603,1,Call Out My Name,The Weeknd
0.2268338501121106,0.4930938883397731,-0.31707035037319276,604,1,Lose Control,MEDUZA
0.7994199005327585,-0.17134612622287299,0.25963771641375877,605,1,X - Remix,Nicky Jam
0.14436679130612878,0.5839216915731386,-0.19408799165686627,609,1,223's (feat. 9lokknine),YNW Melly
0.7835859231790866,-0.17870326661155164,0.1243964906430783,607,1,Échame La Culpa,Luis Fonsi
0.6772141954477673,-0.09949042713415808,-0.09813184363854673,614,1,Mask Off,Future
0.2815972936039658,-0.1551570374208545,-0.17154369301592226,611,1,Before You Go,Lewis Capaldi
0.21043493672752017,0.6935174896571785,-0.18611221979560766,610,1,SAD GIRLZ LUV MONEY Remix (feat. Kali Uchis and Moliy),Amaarae
-0.03594001638857135,-0.03503097806553029,-0.09100622210521249,616,1,Queencard,(G)I-DLE
-0.06926815554041178,-0.08339145944630426,-0.03146590988235312,615,1,RAPSTAR,Polo G
-0.1735061195622825,-0.03008098869694697,0.0558872995240328,620,1,Say Yes To Heaven,Lana Del Rey
0.17915987980011083,-0.16393678904153444,-0.12959109408085245,621,1,Maan Meri Jaan,King
0.10734032436167225,0.07547907862119613,-0.2335638412025904,622,1,Best Friend (feat. Doja Cat),Saweetie
-0.007092362975370534,-0.11798849457144023,-0.05695378378121228,623,1,GATÚBELA,KAROL G
0.7697227877803225,0.15298518887147464,-0.03161192919232763,624,1,Swalla (feat. Nicki Minaj & Ty Dolla $ign),Jason Derulo
0.8047126677400548,-0.18210502591742583,0.17075929753235086,625,1,Te Boté - Remix,Nio Garcia
-0.07548926130585581,0.07073203077799459,-0.10699807902040581,626,1,SICKO MODE,Travis Scott
-0.1355072792959973,-0.011072859145743847,-0.008271041699626308,630,1,Barbie World (with Aqua) [From Barbie The Album],Nicki Minaj
-0.18830566855039702,-0.012415768356131004,0.06629600140544954,628,1,The Kind of Love We Make,Luke Combs
-0.19728924120616204,-0.0094136266404645,0.07830784333126553,629,1,Europapa,Joost
-0.027042721212208413,-0.008755538561167953,-0.1110326110244017,632,1,OMG,NewJeans
0.4404837765116637,0.8139144278801161,0.18369825396080283,631,1,Baila,Karl Wine
-0.04932867164423757,0.2719706559631148,-0.1658621054437043,635,1,PUNTO 40,Rauw Alejandro
0.7228165899593636,0.046611405026410625,-0.10802198886408515,637,1,In The Name Of Love,Martin Garrix
-0.07511809282426049,-0.06356433557375692,-0.037222564692890994,633,1,Shorty Party,Cartel De Santa
-0.1029726641458781,-0.07130154723696462,-0.004094215069672988,634,1,Drama,aespa
-0.10648378408741252,-0.04997223583109634,-0.008817898092705544,636,1,Head & Heart (feat. MNEK),Joel Corry
0.345975092737865,-0.2219668502777129,-0.110051364277743,638,1,Callaita,Bad Bunny
-0.16317015788553635,-0.011038899337132554,0.0269075817696195,639,1,How Do I Say Goodbye,Dean Lewis
0.07960664839970008,0.533495622154638,-0.23873147659397997,642,1,ULTRA SOLO,Polimá Westcoast
-0.017531605525407726,0.4725381835133177,-0.15061161979113552,641,1,Hundred Miles (Sped Up Version),Yall
-0.21681510820826605,0.002499273463042374,0.10292956563290641,643,1,SNAP,Rosa Linn
0.5788051012340217,-0.27850739758863097,-0.020281633663379994,644,1,Lambiyan Raataan,Jubin Nautiyal
0.5814902016794637,0.3971685625305782,0.7211175390558316,647,1,Gangnam Style (강남스타일),PSY
0.7586256919162048,-0.18899938609347258,0.17431376293722284,648,1,Criminal,NATTI NATASHA
0.8784023020720455,-0.08055716443760702,0.40490893998940247,646,1,Chantaje,Shakira
0.1010641327525695,-0.1850589538786551,-0.08095330514555456,645,1,Laugh Now Cry Later (feat. Lil Durk),Drake
0.41064693757393517,-0.27724343609794894,-0.07083647728428465,650,1,Psycho,Post Malone
-0.18534432838512846,0.03049869036230761,0.03580028451451645,651,1,Holanda,Jhayco
0.46618156357723395,0.8148213192872872,-0.04400014760099694,653,1,Faded,Alan Walker
-0.05628569435558771,0.2456056362348789,-0.14220372875725248,655,1,Cough,Kizz Daniel
-0.19663943114491028,0.03988439544223852,0.04743851322063422,656,1,Afraid To Feel,LF SYSTEM
0.12453397014277748,-0.15036211774568395,-0.1215200962757957,657,1,Wow.,Post Malone
0.716619382368206,-0.23794156427070348,0.03972243299109732,654,1,Radioactive,Imagine Dragons
0.34305428965610957,-0.25088447649816786,-0.09824934091371845,659,1,RITMO (Bad Boys For Life),Black Eyed Peas
0.0373379097557751,-0.11505338975540533,-0.09201176748276049,658,1,hot girl bummer,blackbear
0.17567711115638332,-0.21019430794850635,-0.08139741177871472,663,1,Dancing With A Stranger (with Normani),Sam Smith
-0.07462469389127939,0.19334216275922644,-0.13838201435194156,665,1,Heartbreak Anniversary,Giveon
0.14547155611473409,-0.06195789199828985,-0.17449129575896957,662,1,Toxic,BoyWithUke
0.29244452533111814,-0.2458815748301909,-0.0931428183663404,661,1,Tennessee Whiskey,Chris Stapleton
0.26330870880926677,0.285313834799713,-0.29568675827365615,664,1,Up,Cardi B
-0.1858770804672458,-0.02356396698567109,0.06996382837850931,660,1,UN PREVIEW,Bad Bunny
-0.2184435318102529,0.007088984789639786,0.10276284907449845,669,1,Prada Dem (feat. Offset),Gunna
0.008226883775158407,0.029871458108640205,-0.15491146212374904,670,1,Don't Be Shy,Tiësto
-0.1689278509428656,0.007736490990371104,0.025064585333306362,668,1,Sabor Fresa,Fuerza Regida
-0.06754796238887363,0.38350313717062795,-0.14609548600055997,666,1,MON LOVE OHO,Liamsi
-0.16646341547912988,-0.01999027717566036,0.03739793061347007,667,1,Surround Sound (feat. 21 Savage & Baby Tate),JID
-0.17236529579188845,-0.015624767771814282,0.04353488799713853,673,1,Feather,Sabrina Carpenter
-0.1417222013171593,-0.010641504903391007,-0.0004294607311469138,672,1,Super Gremlin,Kodak Black
0.5176773313384667,-0.19132419848639262,-0.12647992957871523,674,1,Natural,Imagine Dragons
-0.11472589904263907,0.23562280884956652,-0.09459736254543731,671,1,La Triple M,Mawell
0.2266684739173235,0.7437040518216717,-0.1448875713310081,675,1,OUT WEST (feat. Young Thug),JACKBOYS
-0.07769932775281539,0.005647131756089422,-0.0748241357617192,678,1,High Hopes,Panic! At The Disco
-0.058747452735251435,0.2025786285422852,-0.15046088953009912,679,1,Memory Reboot,VØJ
0.8766203307341602,-0.10936028828556572,0.1917963179774631,680,1,Side To Side,Ariana Grande
0.5438536002852192,0.3066652855751573,-0.19459565197592193,682,1,Build a Bitch,Bella Poarch
-0.17396859124574734,-0.032046540419122596,0.061273754863436856,685,1,Y LLORO,Junior H
0.31181385110639215,0.017632473493325376,-0.2581424096595248,686,1,Streets,Doja Cat
-0.16113383260313516,0.0986062053010985,-0.017354690298300227,684,1,How We Roll,Ciara
0.5827741105941209,-0.0544910856651987,-0.04522057270966766,688,1,My Universe,Coldplay
-0.18120004023425795,-0.025071790235945454,0.06422852621889909,689,1,Peaches & Eggplants (feat. 21 Savage),Young Nudy
-0.08050223843116174,-0.08696184455407961,-0.015813200841943147,691,1,"Who Want Smoke?? (feat. G Herbo, Lil Durk & 21 Savage)",Nardo Wick
-0.15962051842722666,-0.051554750486542546,0.05618204538439825,692,1,O Me Voy O Te Vas,Natanael Cano
0.39820515646420773,-0.02314408091820254,-0.22163130576279672,694,1,Girls Like You (feat. Cardi B),Maroon 5
-0.22300166614155506,0.007776383967993453,0.11038720757433224,696,1,Slime You Out (feat. SZA),Drake
0.27711575448427206,-0.009663165793425152,-0.22275023500897345,695,1,Therefore I Am,Billie Eilish
-0.17417611798028207,-0.03484703624885033,0.06086245765822529,701,1,Wish You The Best,Lewis Capaldi
0.8510863372551286,-0.17038436089063888,0.19378627870221074,700,1,Stitches,Shawn Mendes
-0.18919724770300786,-0.0013687683106727451,0.0579838976553002,702,1,Back On 74,Jungle
-0.168934346448538,0.17681515114338833,-0.015247401201986881,699,1,"Welcome To Rosas - From ""Wish""",Ariana DeBose
-0.13188493422144096,-0.013653637647551183,-0.005483050085930429,703,1,Por Mi México (Remix),Lefty Sm
-0.09794146645493994,0.2331968950930793,-0.12038209769920873,705,1,THIS YEAR (Blessings),Victor Thompson
-0.15825415093625694,-0.0388606432364438,0.04088971135808347,708,1,Fair Trade (with Travis Scott),Drake
0.7674932591190532,-0.1865470327823681,0.16467372162194874,709,1,Mayores,Becky G
-0.13724506474995263,0.057529108279133684,-0.03590317106742982,707,1,CHORRITO PA LAS ANIMAS,Feid
-0.21240661631052538,-2.197440974894599e-05,0.09725458276850947,711,1,White Horse,Chris Stapleton
-0.14726654743801493,-0.05259555200904899,0.042190496220868866,712,1,Ojitos Rojos,Grupo Frontera
-0.14176298283156183,-0.02160225063714495,0.014765415327479565,710,1,La Morocha,Luck Ra
-0.04246030132729489,0.31624685898386373,-0.13970180707591298,714,1,Who Is Your Guy?,Spyro
-0.026034837709892133,-0.11883082590214675,-0.044140552104886446,713,1,You Right,Doja Cat
-0.1108854820134741,-0.021126556351233176,-0.026188231096381787,715,1,AMG,Natanael Cano
0.18683856050990807,-0.21411051831686123,-0.08547963960200003,717,1,Bandido,Myke Towers
-0.19979308657933406,0.03453738346266894,0.05383996472188912,716,1,Karma,JoJo Siwa
-0.13398115833030141,0.09738719234877029,-0.05497101420358972,720,1,El Gordo Trae El Mando,Chino Pacas
-0.18190141317360187,0.13835226124683,0.004955319992095189,718,1,Ya No Tengo Tu Love,Sie7e
0.5421600262024012,-0.2365060502536734,-0.06029039496917097,719,1,52 Gaj Ka Daman,Renuka Panwar
-0.20585398670764884,-0.005106589314546933,0.08939766489310415,722,1,FTCU,Nicki Minaj
-0.06358466187069034,-0.11299847280264248,-0.011739323583332321,721,1,Go Crazy,Young Thug
-0.16902984171978933,-0.030475521358231,0.04930153687291449,726,1,La Jumpa,Arcángel
-0.2051079434908026,0.08085891713390439,0.04883446410167307,723,1,I Don't Care,Boy Spyce
0.8312777877417713,0.18699341196696487,0.7043128380928385,725,1,Roar,Katy Perry
0.17634205589414625,-0.15322260610047717,-0.14093645468882954,724,1,No Guidance (feat. Drake),Chris Brown
0.39465403075386635,-0.20580882908601994,-0.10570498191005244,727,1,34+35,Ariana Grande
0.7536242804737625,0.20124153469725076,0.36543752997278667,728,1,Permission to Dance,BTS
0.6062357433048294,-0.07649412552913475,-0.1371838833869434,729,1,changes,XXXTENTACION
0.3403023783300484,0.7993005561605218,-0.13757977468889787,733,1,Sunday Best,Surfaces
-0.021727639074407123,-0.13557342322449814,-0.03193380315785339,734,1,Guli Mata,Saad Lamjarred
0.3128513243977698,-0.20759505511055376,-0.12433219995990745,736,1,Better,Khalid
0.4717960539888493,-0.24875007867952187,-0.08436351594869347,735,1,I Don't Care (with Justin Bieber),Ed Sheeran
-0.19939104777784844,-0.012013760498507746,0.08451926516854272,737,1,Substitution,Purple Disco Machine
-0.13314458836219678,0.05700828687720486,-0.04540041755336936,739,1,Automotivo Bibi Fogosa,Bibi Babydoll
-0.11598066598643256,0.14431940070474006,-0.08829377029520233,738,1,MERCHO,LiL CaKe
0.4203852385658061,0.8243977670937003,0.08425804169875875,740,1,Bandook,Nirvair Pannu
0.19024932166161845,-0.1191629560604979,-0.17101655420025536,741,1,Silence,Marshmello
0.16363024822057995,-0.11806309254605608,-0.15811407272043054,742,1,Miénteme,TINI
0.41258778745096514,-0.25056949477418156,-0.10154659941684521,744,1,Trap Queen,Fetty Wap
0.781599745142245,-0.20520300423596372,0.10273175637804423,743,1,Sign of the Times,Harry Styles
-0.02835441651522863,-0.046081735296704805,-0.09162136097048174,746,1,METAMORPHOSIS,INTERWORLD
0.26741114848226766,-0.21430848491379278,-0.12275169952305946,747,1,Botella Tras Botella,Gera MX
0.4505314107371802,0.6268581113410918,-0.16318967069985219,745,1,"Me, Myself & I",G-Eazy
-0.1392616675460833,0.04189344406691077,-0.02264146405233891,749,1,"Steal The Show - From ""Elemental""",Lauv
0.5964143815330648,-0.27649967703534056,-0.011956022070879098,751,1,Lut Gaye,Jubin Nautiyal
0.35037582206196205,-0.25366322665098257,-0.09023015223101398,750,1,Pasoori,Shae Gill
-0.1817938287026805,-0.0286229666002533,0.06816222900070311,752,1,the boy is mine,Ariana Grande
-0.19003640593544022,-0.0018244677116172779,0.06137292618233515,756,1,Lay Low,Tiësto
-0.043839623861958485,0.43229659734818954,-0.15991014865142528,753,1,Bounce When She Walk,Ohboyprince
-0.09793116010542477,-0.0778645410939938,-0.0036511035259565523,759,1,Hold My Hand,Lady Gaga
-0.19083737454065025,0.02036004045445403,0.047175076135710675,758,1,Big Energy,Latto
0.25392009812802957,-0.23241334330046154,-0.09796409357438753,761,1,Goodbyes (feat. Young Thug),Post Malone
0.13027846777219204,-0.2022429242495444,-0.07884620829207475,760,1,Location,Khalid
-0.1630200201087719,0.04348046770580905,0.004512857751890822,762,1,Italodisco,The Kolors
-0.16910420346821628,0.01906670165004546,0.017291016813632366,763,1,Perfect Night,LE SSERAFIM
0.3626057073755281,-0.1024364877312983,-0.2049062194867862,767,1,Vida de Rico,Camilo
-0.14666423681439586,0.007224975316876907,-0.0015555036847980002,765,1,Frágil,Yahritza Y Su Esencia
0.30931840100161756,-0.20868167170100577,-0.12281694737636842,766,1,In My Feelings,Drake
-0.21386551268110443,-0.0017806710032719337,0.10068897206378458,764,1,You Broke My Heart,Drake
0.7755769455948622,-0.2085038117023313,0.08411634658152785,768,1,Attention,Charlie Puth
-0.1449564486186316,-0.05788975910128128,0.03991467640185672,770,1,Zhurek,Adam
0.83331959867628,-0.004356515311841161,0.11850936050951462,769,1,Let Me Down Slowly,Alec Benjamin
0.7620472539097418,0.4188782461930154,0.016582319167688916,771,1,In The End,Tommee Profitt
-0.10577622561412724,-0.057394580678607136,-0.011818345783066252,772,1,Took Her To The O,King Von
-0.05799058807279791,0.0011485458869870061,-0.0882404403969551,774,1,Boyfriend,Dove Cameron
-0.11053067346163685,0.24350353849163425,-0.11304827423884724,773,1,Orquestra Maldita,TRASHXRL
0.28918169711421243,-0.196805331356695,-0.12025198331273004,775,1,Sucker,Jonas Brothers
0.7688277366851054,0.2853694597335623,0.7296014660839539,776,1,Alone,Marshmello
0.41628857390466484,0.731512009368995,-0.10358233483675452,778,1,Moto,Diler Kharkiya
0.08431708327193967,-0.10074013821541569,-0.13352055570854426,779,1,Pareja Del Año,Sebastian Yatra
-0.1727264561701395,0.024764289995472623,0.020015657929056654,777,1,PAINTING PICTURES,Superstar Pride
0.6316804242629229,0.025210414689633878,-0.1700974716383137,780,1,GOOBA,6ix9ine
-0.22223421091920048,0.006506288597538058,0.1098566206817759,790,1,THE DINER,Billie Eilish
0.008637002159273124,0.0446210392290231,-0.13947771248957191,782,1,Light Switch,Charlie Puth
-0.14253950612901065,-0.046601726462263786,0.027109722793868602,788,1,On Me,Lil Baby
0.5707182794167454,-0.09723453212298314,-0.141792715151989,787,1,when the party's over,Billie Eilish
0.9088571254841913,-0.08817295736289071,0.3996560891729455,784,1,Love The Way You Lie,Eminem
-0.07373712861454691,0.0360279596222902,-0.09009456030453833,789,1,Party,Bad Bunny
-0.03304938348978535,-0.12154889560337757,-0.028393460912624048,791,1,Freaks,Surf Curse
0.020196958205125442,0.20972405254634863,-0.2046215387234249,792,1,In Da Getto,J Balvin
0.041667737696538615,-0.018032074566119518,-0.14689602349615152,794,1,Chale,Eden Muñoz
-0.09939003075261098,0.05808788123612637,-0.07708452406137734,796,1,Tarot,Bad Bunny
-0.07038494729916493,0.2523511525115187,-0.1255597762207226,795,1,Mas Existe um Lugar,Kaio Viana
-0.17911727597514554,-0.03346039763463464,0.06923839172057997,797,1,Petit génie,Jungeli
-0.13678339216397725,-0.03351200207247906,0.009940253517672002,800,1,唱,Ado
0.5962448678805321,-0.28145364988805877,-0.005620254619013135,799,1,Work,Rihanna
-0.10828201690786823,-0.07786761338316683,0.013679903043985222,804,1,Normal,Feid
-0.11129468190568308,-0.04957213679513224,-0.010175707698990398,803,1,LALALALA,Stray Kids
-0.05923155277331432,-0.09938934371640194,-0.026625850272136986,807,1,Sum 2 Prove,Lil Baby
0.4666337963635689,0.8508777626117816,0.1610594075075857,808,1,Lottery (Renegade),K CAMP
0.3597425451524725,-0.2274314217088502,-0.11072886622309115,805,1,Meant to Be (feat. Florida Georgia Line),Bebe Rexha
-0.0687765601796358,-0.03589724138590255,-0.06400535299312005,806,1,Good Days,SZA
-0.12105106566187089,-0.07001769073414191,0.017427950475553452,810,1,Leave Before You Love Me (with Jonas Brothers),Marshmello
0.23500827001941682,-0.2164699272128451,-0.10921331383301053,811,1,Youngblood,5 Seconds of Summer
0.8372656695640913,-0.06505456102283691,0.10920979056030261,809,1,Sweater Weather,The Neighbourhood
-0.14667717095613714,0.1767449680979052,-0.044746920346956494,813,1,Merayu Tuhan,Tri Suaka
0.4715434573828489,0.8547084573627641,-0.006344042439452693,815,1,Can We Kiss Forever?,Kina
0.6951968470006596,-0.23937107395726914,0.09727293296651415,814,1,Felices los 4,Maluma
0.2754195111721002,-0.23486570622204936,-0.022883975112390095,820,1,Mariposita,La Vaca Lola
0.3808811723682418,-0.07290948746657605,-0.21967974347268276,821,1,Relación,Sech
-0.16745530401707923,-0.014706948876576063,0.0374539338425825,819,1,ELOVRGA,Alex Favela
0.19758534196090446,0.6484321763688129,-0.2402076998984263,816,1,Party Girl,StaySolidRocky
0.4006797191496354,-0.03929540006735659,-0.23780535955899726,822,1,Agua (with J Balvin),Tainy
0.7131152931826794,-0.2388291720196067,0.03810705876816795,824,1,Human,Rag'n'Bone Man
0.16135020898367716,0.5935287661514856,-0.1624020978488297,828,1,snowfall,Øneheart
-0.18823670537085066,-0.0006563006082927777,0.058034186735132345,829,1,La_Original.mp3,Emilia
0.03342758044841938,0.5586517839058549,-0.19474700207765305,830,1,Pagodão do Birimbola (Tchubirabirom),Os Quebradeiras
0.7812769355970643,0.038213855493516496,0.10989992981932746,826,1,Ice Cream (with Selena Gomez),BLACKPINK
0.08520891931346858,-0.18397456617897676,-0.07128927177722354,836,1,MIDDLE CHILD,J. Cole
-0.05389961886483385,0.3040244517835493,-0.13628240027635752,834,1,TO THE MOON,JNR CHOI
-0.13787206453668557,0.05477957910831699,-0.03721376340154984,835,1,Fancy Like,Walker Hayes
-0.18110615817963266,-0.02380475948879379,0.06261551880530283,833,1,The Color Violet,Tory Lanez
-0.1556619568901871,-0.006526534643610506,0.01847702749988435,840,1,S91,KAROL G
0.7614828202661403,0.021839476590250588,0.18885316966194549,839,1,LALISA,LISA
-0.10267175515355183,0.2356616257908262,-0.09897810999668133,841,1,Levitating,Dua Lipa
-0.179787935821254,0.018323123111215464,0.038750001938366745,844,1,RUBICON,Peso Pluma
-0.21382779361489515,-0.002042260311637683,0.100960360634819,843,1,Gimme Love,Sia
0.6775231205452917,-0.25329026459307197,0.019534939075618037,847,1,Demons,Imagine Dragons
0.20161596014389715,0.4187603064847181,-0.31388895360663843,845,1,Supalonely,BENEE
-0.09753132151172818,-0.066818603641299,-0.011982737058174089,846,1,Lean On,Major Lazer
-0.2048308414227145,0.0009590388147417754,0.08275134912864265,856,1,Spin Bout U,Drake
-0.17010235422808137,0.00427430429975354,0.02675550455852769,855,1,From The Start,Laufey
0.26751424953433145,0.45319058212587277,-0.29812849284805126,850,1,ZOOM,Jessi
0.5435603873444115,-0.25253200135542553,-0.05383026635946058,851,1,Can't Feel My Face,The Weeknd
0.3385974601260412,-0.20963049320720606,-0.13371728129632854,853,1,Sexy And I Know It,LMFAO
0.21857017234426543,-0.12219681572312759,-0.18040553759514227,854,1,WHATS POPPIN,Jack Harlow
-0.173241780562128,0.04692379647260337,0.013406577102681828,857,1,POR EL CONTRARIO,Becky G
-0.12880294538456602,-0.009630549849347582,-0.016001519948736907,860,1,Rara Vez,Taiu
0.5729570550577858,-0.12033101393071255,-0.06520930205784498,858,1,That That (prod. & feat. SUGA of BTS),PSY
-0.12958264625083044,-0.04129065012008672,0.006469123581169043,865,1,THE LONELIEST,Måneskin
0.5343060455945079,-0.2518332686957341,0.03703347997613726,863,1,Nunca Es Suficiente,Los Ángeles Azules
0.5224763340217776,0.7515366728130695,-0.15062384416893174,867,1,Copines,Aya Nakamura
-0.18835948833437102,-0.006549241995778591,0.06318034554290251,866,1,Thank God,Kane Brown
-0.1772454422992676,0.0010334449005101123,0.04082575627732233,869,1,TQM,Fuerza Regida
0.4855672029197112,0.452992501685147,-0.2352544038193181,870,1,Lily,Alan Walker
-0.2031291629250794,0.022555077453812494,0.06511230880014296,873,1,Massive,Drake
0.21447740944064922,-0.22987469115982231,-0.0923238989228298,872,1,a lot,21 Savage
0.2743376376607051,-0.20464671117058866,-0.09116278233687267,871,1,Adicto (with Anuel AA & Ozuna),Tainy
0.8531349011615353,-0.1463621310800885,0.21495354141931308,876,1,Look What You Made Me Do,Taylor Swift
0.418116101676759,-0.2626899388453056,-0.08834589718739189,881,1,Young Dumb & Broke,Khalid
-0.1352806496028782,-0.058965575340018214,0.02648076326030374,879,1,In A Minute,Lil Baby
-0.011759375060251761,-0.12238512700988445,-0.05337476491747216,884,1,Save Your Tears (with Ariana Grande) (Remix),The Weeknd
-0.20239783504538927,0.07279051707098559,0.04383162791599362,883,1,No Se Vale,Camilo
0.2910597918120563,-0.18161729591369727,-0.1541315109066267,885,1,Jerusalema (feat. Nomcebo Zikode),Master KG
0.03529911296823603,-0.1586523892492859,-0.010929183743784316,887,1,Funk do Patinho,Bento e Totó
-0.16163579374398204,-0.050034042189192884,0.0592454857585335,886,1,El Amor De Mi Vida,Los Ángeles Azules
0.03199098215341779,-0.03399980808252053,-0.1430921518347838,889,1,Blueberry Faygo,Lil Mosey
0.24013540089222885,0.6867913240788143,-0.09060627811581673,891,1,Jiggle Jiggle,Duke & Jones
-0.1147334153299245,-0.021636161755256407,-0.01484926703986115,890,1,En la Intimidad,Big One
-0.06998144899046359,-0.049169782050750864,-0.05480945708673119,892,1,Counting Stars,OneRepublic
-0.053137801074320604,-0.08682694967891531,-0.04306153938301489,893,1,Essence (feat. Tems),Wizkid
0.08493245367350769,0.2230637014347679,-0.1929105967131983,895,1,Get Into It (Yuh),Doja Cat
0.035339968916527104,0.0744922233119392,-0.1687742749719656,894,1,RAVE,Dxrk ダーク
0.5797595092866206,-0.2497468618243029,0.06588164769046315,896,1,No Me Conoce,Jhay Cortez
-0.20984765753314263,0.0019625717904395447,0.09021983289140026,898,1,TOPIA TWINS,Travis Scott
-0.14156246216357218,-0.05173788245409893,0.037378346982121245,899,1,Janze,Xamdam Sobirov
0.5564647078420614,-0.04143327944354514,-0.16305960620792628,897,1,"O Saki Saki (From ""Batla House"")",Neha Kakkar
0.14045784373340472,-0.10526928761297238,-0.14984052049004126,901,1,Always Remember Us This Way,Lady Gaga
-0.18152933222296894,0.15128212808339644,0.0021585249826012345,902,1,Aku Sayang Tapi Kau Tak Paham,DJ Boneng
-0.1869284427957675,-0.02621408295105086,0.07568396899985913,906,1,Thought You Should Know,Morgan Wallen
-0.11880341276922908,-0.017028557424375704,-0.019300597531822443,904,1,CAIRO,KAROL G
-0.1373617521980391,0.061906203093393904,-0.03781877276221253,905,1,Cupido,TINI
-0.19984441297961691,-0.00875063441784897,0.08141708951319229,907,1,Out thë way,Yeat
0.021675920810407256,-0.14577444636547118,-0.046376673550350724,908,1,Sobrio,Maluma
-0.189768047665188,-0.022287161948090113,0.07547221238349579,913,1,"Am I Dreaming (Metro Boomin & A$AP Rocky, Roisee)",Metro Boomin
0.19399994558431244,-0.20962254647798398,-0.10542067794769129,916,1,Praise The Lord (Da Shine) (feat. Skepta),A$AP Rocky
0.32973114143831694,0.8307464212895803,-0.06312876184192205,915,1,Se Acabó la Cuarentena,Jowell & Randy
-0.11361496065515655,-0.060176353812475915,0.00037578424149612745,912,1,Look Back At It,A Boogie Wit da Hoodie
-0.196906802928669,0.019836205665875278,0.05692853441304511,918,1,End of Beginning,Djo
-0.1992539811472123,-0.013216007126932095,0.08364377996139773,917,1,K-POP,Travis Scott
-0.0864137900033584,-0.05529746935666447,-0.03063523252486761,914,1,You & Me,JENNIE
0.39749397976161743,-0.09664238357004694,-0.19633189787235422,922,1,Tattoo,Rauw Alejandro
0.8322414633460313,0.2556300790515795,0.7014293627623065,921,1,Waka Waka (This Time for Africa) [The Official 2010 FIFA World Cup (TM) Song] (feat. Freshlyground),Shakira
0.5891458747598157,-0.23333999538094038,-0.06386483656863058,923,1,no tears left to cry,Ariana Grande
-0.17624041887364814,0.1673765035855192,-0.011904270511528715,924,1,I Fck Up,Prince Ayaya
0.3220086801825199,0.8239063028500113,-0.03669919297161271,925,1,Upside Down,JVKE
-0.10707982674339914,-0.06221163211087356,-0.0007443601502780284,926,1,Nosso Quadro,AgroPlay
0.42468875096113373,0.2994509741193178,-0.2893837975590901,930,1,Genda Phool (feat. Payal Dev),Badshah
-0.10676916920626713,-0.08706330702014148,0.014697752393556413,928,1,Pure Cocaine,Lil Baby
-0.2050028369735746,-0.0007582932423137474,0.08508706660455391,932,1,Pretty Little Poison,Warren Zeiders
-0.16323274848706712,0.031232990762764302,0.011347123097702569,931,1,Corazón Roto - Remix,Brray
0.6269293559430806,-0.1851817819384623,-0.04871753655955689,935,1,Summer,Calvin Harris
0.3344689415399736,-0.2331315335649849,-0.11521255266940489,934,1,Murder On My Mind,YNW Melly
0.5495498490551145,-0.14930169734755483,-0.15414370220430623,937,1,You Are The Reason,Calum Scott
0.3363423541480439,-0.1044073661774814,-0.2134941848058169,938,1,Bad Liar,Imagine Dragons
-0.2114462976465212,-0.003508297507396288,0.09824694083777187,936,1,Wild Ones (feat. Jelly Roll),Jessie Murph
0.1449228194396927,0.09644989019761831,-0.24113194577121144,939,1,ROXANNE,Arizona Zervas
-0.14075467770898548,-0.05714360070156596,0.03269715031753408,941,1,Softly,Karan Aujla
-0.017535660224945942,-0.1005769968668589,-0.060985243727135645,940,1,Tacones Rojos,Sebastian Yatra
-0.19870161673405864,0.0032479360897172426,0.07028670750594827,945,1,family ties,Baby Keem
0.3559221324765762,-0.25272093984698496,-0.09837909526040599,944,1,Whatever It Takes,Imagine Dragons
0.274098404802504,0.10580473270729611,-0.27239942958551305,946,1,POP!,NAYEON
-0.16637270471369373,0.10809599403876423,-0.011716297909098375,947,1,Lonely At The Top,Asake
-0.18750298533439727,0.03219902284804211,0.03629683200631545,949,1,ecstacy (slowed),SUICIDAL-IDOL
0.4278436241393051,-0.2584445456413489,-0.0036377060776564877,952,1,Si Se Da,Myke Towers
0.07368297258832728,-0.1413631337187694,-0.09356679821254965,950,1,Holy (feat. Chance The Rapper),Justin Bieber
0.09566687734602967,-0.1092856515578371,-0.13673830427996056,955,1,No Role Modelz,J. Cole
0.546355888537072,-0.23994865507541835,-0.07774661178310607,954,1,Symphony (feat. Zara Larsson),Clean Bandit
0.11774726701373411,-0.14341414747469505,-0.12061057721437936,951,1,Rain On Me (with Ariana Grande),Lady Gaga
-0.19457398063073367,-0.01813999353491368,0.08057228843490812,958,1,10:35,Tiësto
-0.1426363158093008,-0.056544515618239026,0.03346607432905171,963,1,One Right Now (with The Weeknd),Post Malone
0.8692146413861593,0.25954912132296626,0.40732362166435354,964,1,A Thousand Years,Christina Perri
0.49070797705236646,-0.24283982510982355,-0.08036338628416059,957,1,Secreto,Anuel AA
0.49226545638324676,-0.22067603465396401,-0.02962018973760275,959,1,Toda Remix - Remix,Alex Rose
-0.13577557490884146,0.062409963647682004,-0.04414971348046568,956,1,I Hate U,SZA
-0.19875264687425842,-0.005760090701930296,0.07781506013371622,962,1,Better Now,Post Malone
0.7311968264837366,-0.2362886786719129,0.06168473961532208,960,1,Call Me Maybe,Carly Rae Jepsen
-0.12462305142819122,-0.07644515689724947,0.03991504534515261,965,1,Pobre Corazón - En Vivo,Ke Personajes
0.03484552146164011,-0.08010119914526014,-0.11862675595629274,966,1,Piece Of Your Heart,MEDUZA
-0.16570064308944318,0.05962208250366354,-0.00664954574647255,967,1,Mi Kryptonita,Doble ONE Flow Letal
0.14875755198792673,0.005343467618060903,-0.21553430708372012,968,1,Ram Pam Pam,NATTI NATASHA
-0.1542372762743969,-0.05007583215527418,0.04423992714822276,972,1,Stuck In The Middle,BABYMONSTER
-0.11127261887781195,0.029225757162382904,-0.04844697941757668,973,1,No Se Va,Grupo Frontera
0.4296688967032254,0.8785229872865061,0.09669210595035774,969,1,Aesthetic,Xilo
-0.18749281346369023,0.025859980705329206,0.040574248928940716,971,1,get him back!,Olivia Rodrigo
-0.18238777309017865,-0.028041108058951807,0.06876557538157903,976,1,Your Love (9PM),ATB
-0.051320520800869386,0.3631471833408728,-0.1324821605505027,977,1,One Side,Iyanya
0.6622605935412298,-0.08849769855371992,-0.09760057833764473,980,1,Photograph,Ed Sheeran
-0.2040014958890188,-0.011109249422604706,0.091294777885104,982,1,Great Gatsby,Rod Wave
0.5258504420758436,0.5869529191406418,-0.25372721410161386,983,1,"1, 2, 3 (feat. Jason Derulo & De La Ghetto)",Sofía Reyes
-0.16205206108080572,-7.253604422875068e-05,0.018702340568096748,986,1,Until I Found You (with Em Beihold) - Em Beihold Version,Stephen Sanchez
-0.18537867852266277,-0.017287667518725458,0.0641250381145679,985,1,Wants and Needs (feat. Lil Baby),Drake
-0.08406955892767909,0.20922167922968524,-0.11999559463720103,987,1,Jiwa Yang Bersedih,Ghea Indrawari
-0.19227460676211167,-0.015656595949975215,0.07487486952414517,988,1,Coco Chanel,Eladio Carrion
0.17894370412391358,0.22858604823530876,-0.2801633101990907,991,1,At My Worst,Pink Sweat$
-0.17337457678833454,-0.03395470287949575,0.06002406994903057,990,1,TOO MUCH,The Kid LAROI
0.11524880146798024,0.30811326900885644,-0.2831251932906246,993,1,Go Down Deh (feat. Shaggy and Sean Paul),Spice
-0.14641372815285986,-0.02504564392352805,0.016140913078776256,996,1,Tomorrow 2 (with Cardi B),GloRilla
0.6012543452285962,-0.25517258929917447,0.007121818750137074,997,1,Se Preparó,Ozuna
0.7990432785668443,-0.2211426708333719,0.15838448161690488,998,1,Lost on You,LP
-0.07726266277312471,-0.06940391670372696,-0.028870766299307037,999,1,Leão,Marília Mendonça
-0.027957141734061455,-0.13258060084323037,-0.029552137665351256,1001,1,Lean Wit Me,Juice WRLD
-0.20816650550393867,-0.007707070984917081,0.09535877399927595,1002,1,HOTEL LOBBY (Unc & Phew),Quavo
-0.08249905435498277,-0.10626006451911842,0.015534052112296989,1004,1,April Rain in August Weather,Baba Blakes
0.32378660991672314,-0.19499048719517517,-0.12306056165981935,1003,1,Panini,Lil Nas X
-0.19799910117321007,-0.011067899298508828,0.08125303432338847,1007,1,She Had Me At Heads Carolina,Cole Swindell
-0.19074176486774708,0.017948581927193254,0.04794250923174583,1012,1,bad idea right?,Olivia Rodrigo
0.1949756616238499,-0.010408728720615204,-0.21563789118104093,1016,1,"Ay, DiOs Mío!",KAROL G
0.016398503745901717,0.02922186978901121,-0.14997018404224471,1015,1,happier,Olivia Rodrigo
0.45057692309103897,0.14204789538677556,-0.2850614040789778,1010,1,Lalala,Y2K
-0.20260397054451493,-0.01122491009545912,0.08794501512262874,1011,1,ONE MORE TIME,blink-182
0.009869714767687924,0.40749311379829806,-0.2107326543526127,1014,1,可愛くてごめん,HoneyWorks
0.20864880135398958,0.5308621132395898,-0.10476477340467633,1013,1,Tubarão Te Amo,Dj LK da Escócia
-0.0025062593547347093,0.4912013667894988,-0.14337775493094607,1017,1,Chichiquetere,HCTM
0.44445835401817413,0.4030800094709034,0.4824340631744385,1018,1,Monkeys Spinning Monkeys,Kevin MacLeod
0.45932290113448093,-0.10326010019793551,-0.20365176404960672,1024,1,One Kiss (with Dua Lipa),Calvin Harris
-0.21420396067075595,0.001673346998150988,0.09919333317967456,1020,1,Mmhmm,BigXthaPlug
0.13852343151119054,-0.1975547967700617,-0.08881449815053274,1021,1,BOP,DaBaby
0.5851163175233246,-0.26486998744443485,-0.012605362820717432,1031,1,Titanium (feat. Sia),Sia
0.1338670424921289,-0.09074402617480781,-0.15797163449537335,1027,1,Kahani Suno 2.0,Kaifi Khalil
-0.15876353400670293,-0.016009589732623463,0.02817028658857839,1025,1,No_se_ve.mp3,Emilia
0.20638741909971248,0.13765310197236758,-0.2492274473527948,1029,1,Arcade,Duncan Laurence
0.5987228459184815,-0.23215716239609283,-0.025198875536091306,1026,1,How Deep Is Your Love,Calvin Harris
0.0362685557950182,-0.1569008208972782,-0.06190549152205527,1028,1,BUTTERFLY EFFECT,Travis Scott
0.18646392082617727,-0.15497070598166648,-0.14145451300622264,1034,1,Let You Down,NF
-0.216105925068974,0.0069855294451681175,0.09811014126163783,1035,1,Bad Memories,MEDUZA
0.29866173062784873,-0.10246761559799092,-0.20668504424177858,1036,1,Yo Perreo Sola,Bad Bunny
-0.14481698839494786,-0.04603361683779786,0.027935251916344907,1038,1,ETA,NewJeans
0.1077475473188951,0.14163370446274315,-0.2416345548157193,1037,1,Jordan,Ryan Castro
-0.011766251299942014,-0.06610416610548273,-0.09396068706646934,1039,1,Take You Dancing,Jason Derulo
-0.19831321693371004,-0.015753556641353503,0.08555033287084396,1043,1,BUBALU,Feid
-0.1186524221104049,-0.05537259496905454,0.002378126443309546,1042,1,Be Alright,Dean Lewis
0.395710534343116,0.2946650657424662,-0.3149686791038048,1041,1,Jalebi Baby,Tesher
-0.16049821754199337,0.18886267022831946,-0.030188094901519417,1040,1,Endless Summer,Alan Walker
-0.17214653587663425,-0.024975904831777397,0.05058298331868832,1047,1,Belly Dancer,Imanbek
-0.217254617400724,0.013504330122550043,0.09526374339303281,1046,1,Who Told You (feat. Drake),J Hus
-0.03548910120002612,0.03482736816179959,-0.12919577599204365,1045,1,NIGHT DANCER,imase
-0.1365895087345493,-0.0600185087339702,0.029685585771398966,1044,1,DON'T YOU WORRY,Black Eyed Peas
0.05556620689240595,-0.039307934051803384,-0.1519465077762573,1054,1,MIDDLE OF THE NIGHT,Elley Duhé
-0.03505248471465634,-0.13155533120713947,-0.01805037779122931,1052,1,Volando (Remix),Mora
-0.18852677567666787,-0.019244561458803752,0.07103501424529625,1056,1,Moth To A Flame (with The Weeknd),Swedish House Mafia
-0.2162540574501753,0.02262156109659887,0.08668775649855277,1053,1,Can’t Catch Me Now - from The Hunger Games: The Ballad of Songbirds & Snakes,Olivia Rodrigo
-0.13662878432430547,-0.0657557034093351,0.03652078347645864,1051,1,Solteiro Forçado - Ao Vivo,Ana Castela
0.4890088627099215,-0.23227911585768424,0.036794393242910756,1061,1,Déjala Que Vuelva (feat. Manuel Turizo),Piso 21
0.7577792821244707,-0.2390824034888217,0.14209404684718477,1063,1,Diamonds,Rihanna
-0.047738883475824626,0.2936729165082844,-0.17270662277616153,1064,1,Fuera del mercado,Danny Ocean
-0.196560517408051,-0.014820343559225381,0.08129293092775347,1068,1,El Cielo,Sky Rompiendo
-0.1753988843023799,0.08260556422912246,-0.0007861895652162841,1070,1,ALL MY FELLAS,Frizk
-0.09140366942089852,0.18073640690557502,-0.12055013192105159,1067,1,Me Fui de Vacaciones,Bad Bunny
-0.0068280327874431675,-0.09275062976058739,-0.07590524197427917,1065,1,Talk (feat. Disclosure),Khalid
0.05759700835452088,-0.006000002382070169,-0.1648268529903537,1072,1,Reloj,Rauw Alejandro
-0.05970407425302763,-0.10931916318801048,-0.017674033971352816,1075,1,You're Mines Still (feat. Drake),Yung Bleu
-0.2231760096114347,0.007041864279861082,0.11156926662919811,1079,1,Sorry 4 The Wait,Lil Wayne
-0.19252424761778225,-0.0024091442003406236,0.06633704171565614,1078,1,DILUVIO,Rauw Alejandro
0.059564407292921354,-0.04346002697296677,-0.14918357636357166,1080,1,ZEZE (feat. Travis Scott & Offset),Kodak Black
-0.13783730673356182,0.09140482710053534,-0.04985789403394916,1077,1,Peaches,Jack Black
-0.12634145453936468,-0.0664823868048546,0.02030263106247722,1085,1,Take My Breath - Single Version,The Weeknd
-0.20953807670681934,0.008172067014871288,0.08510571790604866,1090,1,Lavender Haze,Taylor Swift
-0.17664602522542772,0.025029914278750287,0.026556740223731,1089,1,KU LO SA - A COLORS SHOW,Oxlade
-0.155728909787705,0.010676142220145303,0.007308538102868954,1087,1,Toca o Trompete,Felipe Amorim
-0.19011407628421753,-0.01340030840149291,0.06871734401663074,1091,1,Nobody Gets Me,SZA
-0.14890697175914178,-0.049683137742323684,0.03627974589571735,1088,1,Glock In My Lap,21 Savage
-0.16000770127135894,-0.0177563987768208,0.03044469477397002,1094,1,CORAZÓN VACÍO,Maria Becerra
-0.16836781390209263,-0.019690487163058337,0.04235308669826032,1096,1,PUNTO G,Quevedo
0.3941120993009108,0.14871684215308897,-0.2603946086861374,1093,1,"Muqabla (From ""Street Dancer 3D"")",Yash Narvekar
-0.08783274029072319,-0.02026792955295585,-0.05407331153036439,1098,1,Ditto,NewJeans
-0.16856017167998608,-0.04065963793563528,0.06627853319651893,1102,1,Abejita Chiquitita,El Payaso Plim Plim
-0.05299822042876469,-0.11046925200165447,-0.025022855250265416,1104,1,Lo Siento BB:/ (with Bad Bunny & Julieta Venegas),Tainy
-0.20012872506701535,-0.011613190528595881,0.08443182982366984,1105,1,BABY HELLO,Rauw Alejandro
0.043099316679204525,-0.04417844606479653,-0.14159248399009405,1107,1,2/Catorce,Rauw Alejandro
0.7704023829387218,-0.2085622527898989,0.07882141533400806,1110,1,Ride,Twenty One Pilots
0.914676430339066,-0.06347744889860317,0.24932974631193153,1108,1,Dusk Till Dawn (feat. Sia),ZAYN
-0.1856364637092892,-0.016734502319985953,0.06367416412703565,1109,1,Rush,Troye Sivan
0.04137743984942068,-0.15040968268608285,-0.0719800676549728,1115,1,Physical,Dua Lipa
0.13712135241694187,-0.05879792119497089,-0.18490730845584166,1113,1,Pumped Up Kicks,Foster The People
-0.1649606567068844,-0.03760778767081828,0.049260389738999606,1112,1,Yes Indeed,Lil Baby
-0.1939184235002827,-0.011037040303536779,0.07390605863460464,1114,1,Open Arms (feat. Travis Scott),SZA
-0.06763624827070293,0.13895296047371242,-0.10005478169653677,1117,1,edamame (feat. Rich Brian),bbno$
0.5904389014463971,-0.18827892862689202,-0.10581493238199567,1116,1,Turn Down for What,DJ Snake
-0.10306036286224401,-0.08641035934176607,0.00955182457306471,1121,1,Smokin Out The Window,Bruno Mars
-0.21578490061358377,0.003179721274534446,0.10104060509063695,1122,1,From The D To The A (feat. Lil Yachty),Tee Grizzley
0.4828789308557408,-0.2522271466995956,-0.013849889683645688,1126,1,Me Rehúso,Danny Ocean
-0.15108844356838444,-0.03348061684569213,0.02708254753460938,1129,1,Nonsense,Sabrina Carpenter
-0.17761432917743608,-0.027498685332208072,0.06017717135586968,1127,1,Run It Up (feat. Offset & Moneybagg Yo),Lil Tjay
0.2928200097349258,-0.19114276021685594,-0.11554205179355974,1123,1,Lose You To Love Me,Selena Gomez
-0.06491344502711485,-0.06086197241107459,-0.04724529911501175,1125,1,Worth It,YK Osiris
-0.2016651406804317,0.003365229338235537,0.07707691036640003,1128,1,Fight The Feeling,Rod Wave
0.09162578017606415,-0.1615936821977944,-0.0950804648719959,1131,1,Robbery,Juice WRLD
-0.20179896810563905,0.08398187356600648,0.03341735327185999,1132,1,Bebe Dame,Fuerza Regida
-0.12212477561143466,0.17460785589863073,-0.09050704823618475,1133,1,Green Green Grass,George Ezra
-0.027443707445602195,0.13288823773948688,-0.16517246936854293,1130,1,Fiel,Los Legendarios
-0.15724496519252057,-0.021336762457895175,0.027016340259346187,1139,1,Neverita,Bad Bunny
0.4747603194501698,0.6346276883798244,0.06936685263734062,1138,1,Infinity,Jaymes Young
-0.1814711604147166,0.03500589371555907,0.02631527631774766,1142,1,Popular (with Playboi Carti & Madonna) - Music from the HBO Original Series,The Weeknd
-0.2214092034060579,0.00988173079183126,0.10582075971640777,1141,1,adore u,Fred again..
-0.18862127837449516,0.0059551833237327404,0.05223409314402182,1143,1,Numb Little Bug,Em Beihold
0.09816136441568875,-0.11973202677115677,-0.12772267743327867,1144,1,Loco Contigo (feat. J. Balvin & Tyga),DJ Snake
-0.16962709762240177,-0.030982936304943313,0.052842814856107985,1145,1,Faz um Vuk Vuk (Teto Espelhado),MC Kevin o Chris
0.1497596664654763,0.33537230623682884,-0.2785026173986407,1146,1,Suicidal,YNW Melly
0.40998290004989957,0.7943073826400817,0.019472250847007076,1149,1,"Photo (From ""Luka Chuppi"")",Karan Sehmbi
-0.1140110573654109,-0.056568609731446035,-0.002339130080649568,1147,1,Sky,Playboi Carti
0.28245146337210125,-0.2411359641390329,-0.10120266985116219,1153,1,Payphone,Maroon 5
0.23608060133915,-0.17549659860428565,-0.14859304596616854,1152,1,I Like Me Better,Lauv
-0.22001156112986148,0.004159626905534142,0.10763889856037823,1154,1,RUNAWAY,OneRepublic
-0.22018851687602564,0.004420230102984551,0.10782496508722142,1159,1,On My Love,Zara Larsson
0.4660984757410686,0.541772712060499,0.42867444297590634,1156,1,She Share Story,Shayne Orok
0.06546660933284701,0.195514290229024,-0.21456983594805698,1158,1,Mujeriego,Ryan Castro
-0.08834788492620825,-0.05496650079948359,-0.030467730129491166,1160,1,Miss The Rage (feat. Playboi Carti),Trippie Redd
-0.2188094865660568,0.005255244504896599,0.10439992347405089,1162,1,Florida!!! (feat. Florence + the Machine),Taylor Swift
-0.1434501286566813,-0.05510863773881744,0.033307963721028545,1166,1,Legends,Juice WRLD
0.4327761453320504,-0.26476198000023327,-0.08419793588219135,1164,1,Black Beatles,Rae Sremmurd
0.22975867743954848,-0.21343602112222632,-0.09296266217721545,1163,1,King Size,Roddy Ricch
-0.18975566902117522,-0.004890615273776017,0.0621750034978071,1168,1,Girls Want Girls (with Lil Baby),Drake
0.1814838058991881,-0.08084137486146532,-0.19167909525053123,1167,1,SLOW DANCING IN THE DARK,Joji
-0.19128401590455177,-0.02199055854235252,0.07895538374124114,1169,1,BIPOLAR,Peso Pluma
-0.2251219013297911,0.010661108575043782,0.1122795664969458,1170,1,Addicted,Zerb
-0.14010163668673384,0.018187616773059533,-0.013304910249116453,1176,1,Besos Moja2,Wisin & Yandel
0.11091322700677256,-0.1475683606208416,-0.11654852335141513,1173,1,Wake Up in the Sky,Gucci Mane
-0.1342217528534709,-0.05196916533917982,0.020210384112579194,1175,1,Chanel,Becky G
0.4425369992960536,-0.2641666618412699,-0.08276805831896691,1172,1,Otro Trago,Sech
-0.03786334904685457,-0.11956308108333077,-0.030622103209116194,1180,1,Back In Blood (feat. Lil Durk),Pooh Shiesty
-0.02406427492227064,-0.10863901857140326,-0.054801933153835664,1182,1,Jugaste y Sufrí,Eslabon Armado
-0.21835899637604467,0.008975937011979495,0.10158610915940622,1178,1,Religiously,Bailey Zimmerman
-0.18532395100126905,-0.007328323485664567,0.056743806402383204,1179,1,What Happened To Virgil (feat. Gunna),Lil Durk
-0.03688990132581657,-0.09585734847903678,-0.05261432173218498,1186,1,Hello,Adele
-0.2069931115108956,-0.006624706419637373,0.09223902775040485,1187,1,HAY LUPITA,Lomiiel
-0.09480792726064764,0.1600086180316453,-0.11497757237381045,1184,1,Gatita,Bellakath
-0.22077036897063182,0.009368362278231835,0.10529083075738628,1183,1,World on Fire,Nate Smith
-0.2091829730755968,0.007763398561118181,0.08599770407856705,1185,1,Love You Anyway,Luke Combs
-0.1977204230736838,-0.017251442928224555,0.08495376569453414,1188,1,MOJABI GHOST,Tainy
-0.14627234502460398,-0.05059059386680839,0.03391889520576953,1194,1,N95,Kendrick Lamar
0.32109082273641837,-0.21200955215854894,-0.13603889155132143,1195,1,Earned It (Fifty Shades Of Grey),The Weeknd
0.7260873949929342,-0.14675444582250413,0.0008334892669787913,1189,1,Gucci Gang,Lil Pump
-0.012507155431483355,0.3894179002825875,-0.19194426831668038,1198,1,La Bebe,Yng Lvcas
-0.1914540327545418,-0.019630897747367374,0.07585740379929905,1197,1,Jaded,Miley Cyrus
-0.16184335888618728,0.010549698858462075,0.013505245772133525,1196,1,Bye,Peso Pluma
0.057748532137556895,0.590344310681282,-0.20254532528696384,1199,1,L$d,Luclover
0.33917812211549087,-0.18368918611386176,-0.15355636018919652,1200,1,Wolves,Selena Gomez
0.4359816852672911,0.21075397702401766,-0.27424622117046393,1201,1,Scars To Your Beautiful,Alessia Cara
0.008300849680304555,-0.12195076932356223,-0.06828453729398608,1204,1,Surface Pressure,Jessica Darrow
-0.09298806728206076,0.19523516659283865,-0.10219773150978614,1208,1,Praise God,Kanye West
-0.1817275299129439,0.018963097705910027,0.03719690209813718,1206,1,El Azul,Junior H
-0.05158723716022977,-0.10319646060409332,-0.030452136810669904,1207,1,EARFQUAKE,"Tyler, The Creator"
0.0065396686334902665,-0.13765480985868092,-0.04747535489568119,1210,1,Ya Supérame (En Vivo),Grupo Firme
-0.2053375275503787,0.029266054536847462,0.06454668099933454,1212,1,if u think i'm pretty,Artemas
-0.16849475467203592,-0.043592725055431304,0.06253901156146725,1211,1,Fin de Semana,Oscar Maydon
0.07646543694344546,0.024430274189806006,-0.19685946957280956,1218,1,My Oh My (feat. DaBaby),Camila Cabello
-0.13894458293915601,-0.022104077002408847,0.006769655139958035,1217,1,Forever After All,Luke Combs
0.31457237270188965,-0.22918492587609945,5.172230306804442e-05,1214,1,123 Song,D Billions
-0.11743540773757226,-0.0616609330816802,0.0065054528541282144,1213,1,Hello (feat. A Boogie Wit da Hoodie),Pop Smoke
-0.2014271715619068,-0.013905580866983572,0.08836782776481557,1219,1,Numb,Marshmello
-0.1610560945274498,0.1681866606614628,-0.031325414796799976,1222,1,Ojapiano,KCee
-0.17869215044137088,0.03379217465728053,0.022188788704764515,1220,1,Area Codes,Kaliii
-0.06121874290757716,-0.08579282770522258,-0.029189335930868986,1224,1,Medallo,Blessd
0.19740178078623577,-0.21771762535047112,-0.043075922185513676,1221,1,Domingo Abacaxi Flamingo,Bolofofos
0.0822492059466029,-0.016139241570801318,-0.17729598277208686,1223,1,Riptide,Vance Joy
-0.15695856310125508,-0.04460821151303395,0.04867145713058255,1230,1,Ch y la Pizza,Fuerza Regida
-0.1617696547370205,0.07890494845643861,-0.02041060367953872,1234,1,In Ha Mood,Ice Spice
-0.19399401384055953,-0.0008594008947379337,0.06607083848108274,1232,1,ALL MINE,Brent Faiyaz
-0.1686114906940041,-0.022222029548333636,0.04408601794235056,1231,1,Let Me Know (I Wonder Why Freestyle),Juice WRLD
0.31293023671895115,-0.1686596264316009,-0.16385072980472523,1226,1,The Night We Met,Lord Huron
-0.18160132600030543,-0.020034424417713716,0.06273044670955716,1227,1,PLAYA DEL INGLÉS,Quevedo
-0.20779617769325098,-0.0017318347182401536,0.08982240496145356,1229,1,Talk,Yeat
-0.1853853029342726,-0.02337162214603274,0.06899133642449415,1235,1,Now And Then,The Beatles
-0.056645503433758605,-0.11732824550360245,-0.014964925095519851,1238,1,Kya Loge Tum,B Praak
0.0043539972323214625,0.0666535148018777,-0.1695752201840791,1239,1,Nonstop,Drake
0.06914126543061787,-0.11634100620152427,-0.1156158449241861,1243,1,LOVE DIVE,IVE
-0.15190618936247433,-0.0033671664529172497,0.007629416094568255,1241,1,Go Stupid,Polo G
0.008336981284993326,-0.12272337378370693,-0.06683867017297611,1247,1,POPSTAR (feat. Drake),DJ Khaled
0.6553507397459158,-0.14286876271385177,0.0019063021925950516,1248,1,Lovesick Girls,BLACKPINK
0.18998294201084878,0.685832553582707,-0.19816236528798992,1246,1,Solo (feat. Demi Lovato),Clean Bandit
-0.21244500481370016,-0.002180018738231401,0.09880120407164772,1249,1,Una Vida Pasada,Camilo
-0.17907188228096185,-0.022868406597790058,0.0612614482611702,1254,1,ASI ES LA VIDA,Enrique Iglesias
0.5032631189430572,-0.2731480497931696,-0.006355159831127626,1251,1,Corazón (feat. Nego do Borel),Maluma
0.20287187417159822,-0.21436695659987334,-0.08319453204197892,1253,1,Fantasias,Rauw Alejandro
-0.1404244195202231,-0.06262658513563761,0.03604377436651961,1252,1,El Jefe,Shakira
0.07053413189384841,-0.06639982492756633,-0.14448251542382887,1257,1,Am,Nio Garcia
-0.16870769581770406,-0.04151103998279002,0.06154045966481564,1258,1,Te Lo Agradezco,Kany García
-0.12845431353182535,-0.073850597750374,0.030200626352285324,1260,1,PLEBADA,El Alfa
-0.21329989623220044,0.0024984150466677555,0.09641659901729958,1259,1,Marea (we’ve lost dancing),Fred again..
-0.1904407680887552,-0.018176266869969964,0.07459907629597189,1262,1,Fall In Love,Bailey Zimmerman
-0.07389398543874845,-0.07443591517601872,-0.03010953105232947,1256,1,Cupid,FIFTY FIFTY
-0.04491222522509757,0.4163318774755931,-0.11598883179935972,1265,1,Dj Gamm Gamm Piri Slow,DJ BAHBUS
0.7245876928450088,-0.19235979745521767,0.005999143065289209,1263,1,Waiting For Love,Avicii
-0.04338651636147493,0.23903618725996692,-0.17061179176150476,1272,1,BOMBÓN,Daddy Yankee
-0.12076124557256658,-0.07277755124259357,0.01948329114244421,1271,1,EVERY CHANCE I GET (feat. Lil Baby & Lil Durk),DJ Khaled
0.10466038703994489,-0.07875155730687332,-0.15848908968325204,1266,1,Mo Bamba,Sheck Wes
0.21960265745798432,-0.14764798292888753,-0.16237386144594534,1267,1,Bank Account,21 Savage
-0.02927983040702546,-0.12098495522833538,-0.03907166580017801,1269,1,"One Of The Girls (with JENNIE, Lily Rose Depp)",The Weeknd
0.4172590736759014,0.6414530544870388,0.12107760590780706,1270,1,Get You The Moon (feat. Snøw),Kina
-0.19427744642212813,0.044883819458952465,0.0400041246603195,1275,1,Never Felt So Alone,Labrinth
-0.0945651340554428,-0.014456978032515735,-0.04945928232721215,1276,1,Heather,Conan Gray
-0.1566116664884125,-0.03679048587481711,0.03813099570718868,1277,1,Come & Go (with Marshmello),Juice WRLD
-0.04113954036878208,-0.11498568510256617,-0.032846592405215404,1279,1,Love Again,Dua Lipa
-0.17470318062589596,-0.013989860612311668,0.04495681972478011,1280,1,Bécane - A COLORS SHOW,Yamê
-0.20798013246948396,0.0045480300082543414,0.08624125474759606,1284,1,Giving Me,Jazzy
0.8761466174210968,-0.15300390478621456,0.30316474795600096,1282,1,What Do You Mean?,Justin Bieber
0.8393022772746097,-0.05685343333785618,0.42002729404328976,1289,1,Bailando - English Version,Enrique Iglesias
-0.1684443669590512,-0.03788045445065699,0.0544785861407762,1285,1,TV,Billie Eilish
-0.03355667385950075,-0.12493384379890368,-0.02553241241142064,1288,1,Tiroteo - Remix,Marc Seguí
-0.18335203810135697,-0.029366764701116713,0.07099076327757942,1291,1,pushin P (feat. Young Thug),Gunna
0.7885405484378301,-0.19140597937881182,0.13058450511555422,1293,1,Take Me to Church,Hozier
0.3338759743193999,-0.18272765874852806,-0.14702572103849168,1292,1,It's You,Ali Gatie
-0.15957130463471828,0.025153611486311123,0.0023235510289259303,1294,1,Love Lee,AKMU
0.47505557672575166,-0.03717128004887247,-0.20036101329670036,1290,1,Venom - Music From The Motion Picture,Eminem
-0.17644118798700323,0.02358551133540111,0.02441962464003516,1296,1,fantasmas,Humbe
-0.1686317470401057,-0.02411574654746976,0.049651092963941115,1299,1,Basit Numaralar,Zerrin Özer
-0.15408268788190788,-0.008868474514310555,0.01344517612408166,1297,1,Karma,Taylor Swift
-0.22132526299627003,0.01044134375638611,0.10562361864585573,1298,1,The Painter,Cody Johnson
-0.2042503703081716,-0.010505902402448149,0.090405030869085,1306,1,Me & U,Tems
-0.17028906133608035,-0.031832550402904954,0.0548659666483467,1303,1,Vista Al Mar,Quevedo
0.10450392238215173,-0.1865826347130538,-0.0815254657966033,1304,1,All The Stars (with SZA),Kendrick Lamar
0.6606783937608046,-0.2714435597766236,0.030113807433115126,1305,1,Lehanga,Jass Manak
-0.07479009811660263,-0.10941594301404961,-0.0026455639455157907,1302,1,X (feat. Future),21 Savage
-0.05779842730765386,-0.07790421687940663,-0.045283473884088696,1309,1,Passionfruit,Drake
-0.07081048054572638,-0.09391832990514523,-0.011220599227629947,1308,1,Like Crazy,Jimin
0.3751038499898085,-0.2539023824757831,-0.09604506723310018,1312,1,I Don’t Wanna Live Forever (Fifty Shades Darker),ZAYN
-0.16465354662633572,0.051048768989124256,-0.004640294662139727,1311,1,What It Is (Solo Version),Doechii
-0.12001931136814098,0.21876779771960517,-0.07636587611011225,1307,1,Bad and Boujee (feat. Lil Uzi Vert),Migos
0.467230280978492,-0.2109551427255284,-0.10132259675569924,1313,1,SUBEME LA RADIO (feat. Descemer Bueno & Zion & Lennox),Enrique Iglesias
-0.1971248072530267,0.07710458370154638,0.028839859376627856,1310,1,Soak City (Do it),310babii
-0.09175761543576431,-0.09353172807351508,0.0018315254166840064,1319,1,The Woo (feat. 50 Cent & Roddy Ricch),Pop Smoke
0.49222673669710915,-0.28401774441903266,-0.04188472025413982,1318,1,Cheerleader - Felix Jaehn Remix Radio Edit,OMI
0.42605501186539513,0.8826332985902507,-0.04151343178749688,1315,1,Woah (feat. D3Mstreet),KRYPTO9095
0.6535468306918143,-0.21860262712469106,-0.04199400901218136,1316,1,Wrecking Ball,Miley Cyrus
0.08269068226066126,-0.139380027018481,-0.1027306214235206,1321,1,Stuck with U (with Justin Bieber),Ariana Grande
-0.1789284660299996,-0.024663350232848956,0.059859862322832115,1324,1,she's all i wanna be,Tate McRae
-0.13735683743505914,-0.05453788630147002,0.02451592017855768,1327,1,Oh My God,Adele
0.21279666500378877,0.09021355171741112,-0.24822369938204342,1325,1,iSpy (feat. Lil Yachty),KYLE
-0.1103822231705099,-0.06619009969789291,0.00016456000498670718,1326,1,I AM,IVE
-0.09247167870680839,-0.08615074679839513,-0.004125717977424449,1323,1,Midnight Sky,Miley Cyrus
-0.09947262011276531,-0.012049326765207861,-0.0447798518734579,1335,1,Andrea,Bad Bunny
-0.06780288171373093,-0.10887249401036299,-0.010738263722977504,1338,1,Ric Flair Drip (with Metro Boomin),Offset
-0.12494222402620624,-0.028995004897547465,-0.008907296286161635,1332,1,Džanum,Teya Dora
-0.06118017572594386,-0.05718828844943423,-0.05727679525609416,1330,1,Going Bad (feat. Drake),Meek Mill
0.013146991090173848,-0.008975493555077409,-0.13924447619692715,1331,1,Safaera,Bad Bunny
0.8670955182137242,0.18329998556691093,0.6948080710495543,1337,1,Baby,Justin Bieber
-0.20894204552087073,0.01909633392649357,0.07645071751289712,1333,1,On BS,Drake
-0.2101034097369388,-0.0029414284788733423,0.09478951050462575,1342,1,Love Again,The Kid LAROI
-0.19865402379161243,-0.0008461428628972264,0.07474528822375706,1339,1,LAGUNAS,Peso Pluma
-0.19297588653386144,-0.00852039936311332,0.0713834435535881,1344,1,Narcotics (with Bryant Myers),Dei V
-0.01713549585692189,0.296252190228913,-0.17480176071453252,1340,1,24K Magic,Bruno Mars
0.20822538312090588,-0.09153284055152656,-0.186502499574236,1346,1,The Feels,TWICE
0.07201507925935038,-0.17158897222727224,-0.06953592605976153,1345,1,Someone Like You,Adele
-0.21400539053936685,-0.0007262126655823431,0.10009390953100764,1347,1,Oh U Went (feat. Drake),Young Thug
-0.18032058848989996,0.1425428546359793,-0.007249195114293119,1348,1,Right Now (Feat. Crush),Coogie
-0.07592866298335985,0.15538011201542862,-0.12750384727956363,1351,1,High Fashion (feat. Mustard),Roddy Ricch
-0.03064344418365782,-0.12315956071942062,-0.03324008165774877,1353,1,We Paid (feat. 42 Dugg),Lil Baby
0.16421093187734354,0.022003796366436592,-0.22749544385200354,1352,1,Boss Bitch,Doja Cat
-0.17157733514922657,-0.0344402745909627,0.057595492991640095,1354,1,Ballena,Vulgo FK
0.3813270495789819,-0.25469853796470077,-0.09590804709457852,1355,1,Locked Away (feat. Adam Levine),R. City
0.3813879656522752,-0.24335234442639017,-0.10616276629217222,1350,1,Tal Vez,Paulo Londra
0.067805391473729,-0.036694211606988755,-0.15997775973811407,1359,1,the remedy for a broken heart (why am I so in love),XXXTENTACION
-0.09595355264542084,-0.09102381857664746,0.00490902924081721,1362,1,Beautiful Mistakes (feat. Megan Thee Stallion),Maroon 5
-0.21406386375165276,-0.002179263323938653,0.1018445635657997,1363,1,Cynical,twocolors
0.4474365710757979,-0.2609344822012968,-0.011925386607319281,1361,1,Robarte un Beso,Carlos Vives
-0.12135551965563894,0.13919661790415758,-0.08077494428501619,1358,1,Vida Gangster,Lauty Gram
-0.15539713822324663,0.015848379828089364,0.0069582712103076535,1366,1,For My Hand (feat. Ed Sheeran),Burna Boy
-0.21535640319869487,0.004511640217090847,0.0994098189769287,1371,1,Cowgirls (feat. ERNEST),Morgan Wallen
-0.18016945791508748,-0.02441981709332371,0.06362271425345663,1364,1,'Til You Can't,Cody Johnson
0.18339104061268352,0.6745076948737618,-0.24391282526288227,1367,1,You Got It,Vedo
-0.05774692266780481,-0.11433143885423308,-0.001407925840018631,1365,1,LDR,Shoti
-0.11129359837023343,-0.07753366302833244,0.012009592338409099,1373,1,"Kaavaalaa (From ""Jailer"")",Shilpa Rao
-0.18172232845122505,-0.020511082538296487,0.06170048993502367,1374,1,Me or Sum (feat. Future & Lil Baby),Nardo Wick
0.4307614505183026,-0.25558565432093316,-0.032630412039178866,1372,1,You're Welcome,Dwayne Johnson
-0.08438597505096393,-0.08431528303397354,-0.01279662578477954,1376,1,LA NOCHE DE ANOCHE,Bad Bunny
-0.12429681344827956,-0.05582959908456505,0.01724458094693627,1377,1,Billete Grande (En Vivo),Fuerza Regida
-0.08239399917291805,-0.09541523446610858,-0.006788794552769885,1386,1,Royals,Lorde
-0.18509152185842895,-0.0016029270656989633,0.054436943060063386,1387,1,Charm,Rema
-0.15574439525321723,0.11649676633195578,-0.03962575771098765,1381,1,Mon Amour - Remix,zzoilo
0.397079534290633,-0.25095895202560503,-0.09563183665187978,1383,1,Adan y Eva,Paulo Londra
0.6163850667664469,-0.18631667365692647,-0.09341270587644926,1384,1,No Lie,Sean Paul
-0.09731772773382955,-0.09401276046239312,0.008893730729315007,1379,1,"Phir Aur Kya Chahiye (From ""Zara Hatke Zara Bachke"")",Sachin-Jigar
-0.01506123906871718,-0.08103216315821382,-0.061759398604312926,1382,1,The Astronaut,JIN
0.06275949678197032,0.38562912083060963,-0.19470911263376536,1385,1,Gogo Dance,El Alfa
-0.07260999093616298,0.30438365796909134,-0.1515862826498159,1378,1,Komang,Raim Laode
0.7280128882473988,-0.07374387257029785,-0.07480542095328827,1395,1,The Spectre,Alan Walker
0.017223062324481783,0.24591488101988826,-0.2117843468796936,1396,1,DARARI,TREASURE
-0.12346528928106146,-0.06671538535303052,0.021227505667529525,1392,1,Ferxxo 100,Feid
0.4817484613940444,0.8078877911047577,-0.012056781304626016,1390,1,Shower,Becky G
-0.22329241525306948,0.01596358042135341,0.10496945521290353,1389,1,B.O.T.A. (Baddest Of Them All) - Edit,Eliza Rose
0.1776517298445728,-0.17454385267189987,-0.09806767975641895,1391,1,Chatak Matak,Renuka Panwar
-0.17487796540570305,-0.029328438081226135,0.05745431437005197,1401,1,Cooped Up (with Roddy Ricch),Post Malone
0.6571018688459181,0.08777902817779042,-0.1540862270808685,1399,1,FRIENDS,Marshmello
-0.2088054454149966,-0.004576514995460184,0.09353101962372933,1398,1,FINA,Bad Bunny
-0.06698893363339764,0.2326788286297064,-0.1510528867361483,1406,1,3:15 (Breathe),Russ
-0.06462867752750373,-0.0692744148347995,-0.03382204757258248,1402,1,Love Me Again,V
-0.2050183414629435,0.02111193029507531,0.06923300422620239,1403,1,Down Under (feat. Colin Hay),Luude
0.09976930170630245,0.1155309647582354,-0.2392850285529954,1405,1,Like That (feat. Gucci Mane),Doja Cat
-0.07326296977392117,0.04340022468671372,-0.1003140900870148,1407,1,Control,Zoe Wees
-0.22029028255225971,0.009318951152186818,0.10381358963906002,1409,1,Push Up - Original Mix,Creeds
0.34158052214846635,-0.17127127248931667,-0.16934364463418203,1411,1,Dancin (feat. Luvli) - Krono Remix,Aaron Smith
-0.17103064908678223,-0.016566134355637013,0.04301936779219716,1410,1,Goosebumps - Remix,Travis Scott
-0.1825662429498731,-0.01205278680370157,0.055814011372431395,1412,1,Die For You,Joji
-0.2029496528621463,0.002108895344573944,0.08061485618541075,1415,1,SC-9,Yahir Saldivar
-0.1316614421333606,-0.05297244058924005,0.01630610227681785,1414,1,We Are Young (feat. Janelle Monáe),fun.
-0.0834154935661616,-0.09600063530232124,-0.005123132749949063,1413,1,My Head & My Heart,Ava Max
0.05080559918715866,0.4073072557995002,-0.24176452360447961,1417,1,Deep End,Fousheé
-0.18362810887787462,-0.028982091003727686,0.07242424693984895,1421,1,Mi Bello Angel,Natanael Cano
-0.2173138382960882,0.0013262185961773357,0.10501922590608209,1420,1,Turks & Caicos (feat. 21 Savage),Rod Wave
0.1720085433498693,-0.18766548830133778,-0.11556504614123567,1423,1,Si Veo a Tu Mamá,Bad Bunny
0.2918756550423381,-0.19885456080543262,-0.12821815068195325,1427,1,1-800-273-8255,Logic
-0.07856061022235139,-0.08458159036743514,-0.02091557305105544,1424,1,After Hours,The Weeknd
-0.06244032630908851,-0.1029000376126702,-0.020823190260954437,1432,1,The Middle,Zedd
0.2251832978724822,-0.20981131531307612,-0.11642822770858312,1434,1,Pompeii,Bastille
0.8828701166277979,-0.14752763932515028,0.282143965693338,1429,1,Hymn For The Weekend - Seeb Remix,Coldplay
0.00606707982478399,-0.1249164797664084,-0.052799761869437585,1431,1,Lonely (with benny blanco),Justin Bieber
-0.06682992249018022,-0.09851120663653812,-0.019719467609148077,1433,1,Hold On,Justin Bieber
0.5982168139011131,-0.25874414635665693,-0.03667899014437059,1430,1,Can't Hold Us - feat. Ray Dalton,Macklemore & Ryan Lewis
-0.16938275610156775,0.11736275451879725,-0.019957150849676558,1439,1,I Like It,Cardi B
0.3350395000593889,0.07572748864069566,-0.25624896870824987,1436,1,8 Parche,Baani Sandhu
-0.21583417890557596,7.589132358865129e-06,0.10305809425304294,1440,1,THANK GOD,Travis Scott
0.2498628969068992,0.593791208901942,-0.06138674175760657,1441,1,Home,Edith Whiskers
-0.10790624539752146,-0.08398510544083773,0.012940239904351225,1438,1,The London (feat. J. Cole & Travis Scott),Young Thug
0.14146526144019483,-0.14570819141944047,-0.09780352655088555,1444,1,Si Te Pudiera Mentir,Calibre 50
-0.20223329056573328,0.005816423727390911,0.07371061031487967,1443,1,One Of Your Girls,Troye Sivan
-0.15341575626530835,-0.0164814870359661,0.01747055838972625,1442,1,Tell Em,Cochise
0.049368845112622635,-0.06263857932105293,-0.13500479703407828,1448,1,Close Eyes,DVRST
0.2146543122474907,-0.18939734513980847,-0.12505660350628087,1449,1,Please Me,Cardi B
-0.10834557513009249,-0.05679440159937109,-0.0009539862506711043,1450,1,El Hijo Mayor,Junior H
-0.10632849277603819,-0.07665432989007433,0.004363881093212467,1453,1,LA FAMA,ROSALÍA
-0.22087471585853016,0.005143244354323023,0.1084556391747142,1451,1,TIL FURTHER NOTICE,Travis Scott
-0.02763942429673949,-0.1358195866399273,-0.019272842671310183,1454,1,"Poblado (feat. Crissin, Totoy El Frio & Natan & Shander) [Remix]",J Balvin
-0.19901815096632458,0.03399963176181021,0.05266190570049385,1452,1,LOKERA,Rauw Alejandro
0.0008390245639695602,0.09120784154829567,-0.17508711371522861,1458,1,cardigan,Taylor Swift
-0.005411585459480442,-0.09206247917256481,-0.08099353044407094,1456,1,See You Again (feat. Kali Uchis),"Tyler, The Creator"
0.14144887787077082,-0.20804696122026695,-0.06710533214377722,1457,1,Amanece,Anuel AA
-0.18709039768236643,0.016155202190540324,0.04544854561816676,1461,1,LA INOCENTE,Mora
-0.1557296290139102,-0.053028918735331255,0.04938519539364333,1462,1,Chicago Freestyle (feat. Giveon),Drake
-0.19562522070984242,-0.008203174108364112,0.07421174679199977,1466,1,Johnny Dang (with Paul Wall & DRODi),That Mexican OT
-0.06842480753529319,-0.025603357439830714,-0.0642736797264303,1465,1,S-Class,Stray Kids
-0.012350296891263986,0.4895952356429171,-0.1737573371652498,1463,1,GASLIGHT,INJI
-0.20128905236378092,-0.008768454989832832,0.08398228004741834,1464,1,Die Young (feat. 347aidan),Sleepy Hallow
0.4778662146950142,-0.2343203146363381,-0.006077769202821252,1467,1,Vente Pa' Ca,Ricky Martin
-0.2060201027345263,0.020588496552799915,0.07338164128671339,1473,1,Can't Tame Her,Zara Larsson
0.062212267486928506,0.4390883194834368,-0.21076054998667332,1470,1,VIBEZ,DaBaby
-0.017229682258988563,-0.12280319064494741,-0.047572720869745136,1475,1,I Don't Fuck With You,Big Sean
-0.1979346520579762,-0.0007177804518763928,0.07324973650302688,1474,1,Se Grita,Morad
-0.2176077510949672,0.001792539308350541,0.10489879449038106,1468,1,HYAENA,Travis Scott
-0.13864585364189472,-0.013922858377134206,-0.0022840580443957946,1469,1,KICK BACK,Kenshi Yonezu
-0.20702357932155377,-0.0063929359301390185,0.09160353501821979,1480,1,Truth or Dare,Tyla
0.7198297661904989,-0.23538099799642728,0.0781137929821671,1477,1,Just the Way You Are,Bruno Mars
-0.1994435637598938,-0.015992820041674932,0.08684731125964965,1481,1,Rasputin,Majestic
-0.17070942957895005,0.058493374048999035,0.0007304817161419253,1483,1,If the World Was Ending - feat. Julia Michaels,JP Saxe
-0.08098039245144148,-0.10384407981333754,-0.0010837690619213071,1476,1,"How Far I'll Go - From ""Moana""",Alessia Cara
-0.21403870974523403,-0.0026781470863009235,0.10319008457381791,1482,1,ビビデバ,Hoshimachi Suisei
-0.11341020415173017,-0.07234589292279045,0.009011426822785478,1486,1,Heartless,The Weeknd
0.7448876694279745,-0.15493464793106806,0.23720509886661123,1485,1,Upa Cavalinho,Galinha Pintadinha
0.4138253392235015,-0.16854049088623121,-0.15733819814638406,1487,1,Mirrors,Justin Timberlake
0.05398572062561473,0.1573884320037309,-0.2274897751386829,1490,1,we fell in love in october,girl in red
0.23199786913424902,-0.08714040038083859,-0.19394103815623753,1489,1,Sorry Not Sorry,Demi Lovato
-0.21043351683127068,-0.002385817700618015,0.09547115938390847,1488,1,Where Did You Go? (feat. MNEK),Jax Jones
0.9260068747742588,-0.04342444781363537,0.34718365562031694,1496,1,The Lazy Song,Bruno Mars
-0.13022257631921919,0.04041936315525702,-0.035730065185376775,1495,1,Sex Sounds,Lil Tjay
-0.1419707744739168,-0.02548248395554545,0.009388981492476378,1493,1,Después de la Playa,Bad Bunny
-0.171132584478096,0.05251228806224022,0.012668013171866046,1498,1,Asiwaju,Ruger
-0.1859795336009077,-0.0021295825020552083,0.05393317283588771,1492,1,Sticky,Drake
-0.17266958296204207,0.1709489229665428,-0.012874609091446268,1502,1,Mahiye Jinna Sohna Slowed + Reverb,Darshan Raval
0.2615870425472948,-0.22208804274204835,-0.11204133926050311,1501,1,Centuries,Fall Out Boy
0.8094580667329053,-0.19300569775326054,0.14752389123873388,1494,1,What Makes You Beautiful,One Direction
-0.15947219687370823,-0.04716226389427795,0.04943037665951786,1500,1,Sweetest Pie,Megan Thee Stallion
0.546567532433704,-0.24109419721385605,-0.0312039650509755,1497,1,Reggaetón Lento (Bailemos),CNCO
-0.20942116081217652,0.009474954627493445,0.08458938081509962,1503,1,GMFU (w/ 6arelyhuman),Odetari
-0.21943011544331972,0.0033419749677426162,0.10710649944877955,1513,1,SKITZO,Travis Scott
-0.18955377783320942,0.009021628662527257,0.05401939931037158,1508,1,Niña Bonita,Feid
-0.19704886762122095,0.061926282896860564,0.03545162203295786,1510,1,SkeeYee,Sexyy Red
0.008376717392492137,0.018777405767675226,-0.15442964637344733,1506,1,The Git Up,Blanco Brown
-0.014985345651874295,-0.12224321893704938,-0.04253935365449493,1511,1,Beautiful Crazy,Luke Combs
0.10799683236963267,-0.13044047155759114,-0.12635990318043147,1507,1,Lover,Taylor Swift
-0.1320492948047679,-0.06193234899257812,0.02410012571794691,1514,1,Follow You,Imagine Dragons
-0.015284968451249213,0.4242654317983597,-0.18804089702385318,1515,1,ชอบเธออะ,Ptrp Studio
-0.007398253984465371,-0.12174949953060367,-0.053912369709063476,1509,1,Por las Noches,Peso Pluma
-0.11952396348483448,-0.061631759459685236,0.014630551553456845,1520,1,Body Like A Back Road,Sam Hunt
-0.11287802013716326,-0.005563584227208966,-0.0367924647712714,1516,1,Best Part (feat. H.E.R.),Daniel Caesar
0.22279781238298074,-0.07915124336048836,-0.19537600213727482,1518,1,Set Fire to the Rain,Adele
0.7955561537952784,-0.19932733058033897,0.12598487478766648,1517,1,Worth It,Fifth Harmony
0.010119096337265526,0.04470004658072094,-0.16654135235174258,1527,1,Malvadão 3,Xamã
-0.1982332150209978,0.017152312680381376,0.06133544337148971,1525,1,2 Be Loved (Am I Ready),Lizzo
0.0644413267178124,-0.13445442694246088,-0.09484553070026268,1530,1,Shut Up and Dance,WALK THE MOON
0.36020230679285503,0.6659678714048467,0.06075638876920144,1529,1,SugarCrash!,ElyOtto
0.25658039134082367,-0.09311419392955239,-0.20242401774332172,1523,1,Sail,AWOLNATION
-0.11467860550670275,0.07586536883207079,-0.05695536935652103,1526,1,Solo Conmigo,Romeo Santos
-0.22464263298757514,0.00856364603233267,0.11307376889238187,1533,1,Dial Drunk (with Post Malone),Noah Kahan
-0.19616834934917424,-0.012283833773846412,0.07981843331351306,1532,1,Piscina,Maria Becerra
0.02536545479372555,-0.16035328343448463,-0.0503681090792856,1538,1,Bandit (with YoungBoy Never Broke Again),Juice WRLD
0.003671539847322342,-0.01941655088375515,-0.11311007371553128,1531,1,this is what falling in love feels like,JVKE
0.2602923716393264,0.040400568830761076,-0.24233462227250535,1535,1,Galway Girl,Ed Sheeran
0.5564950935199299,-0.20124911243459348,-0.0993005576756337,1534,1,Firework,Katy Perry
-0.19860792725387072,-0.015300149428145168,0.0855604809855874,1537,1,wait in the truck (feat. Lainey Wilson),HARDY
-0.13461406489727293,-0.06545134776742281,0.04220248754642428,1543,1,No Es Por Acá,Carin Leon
0.45915823433027164,0.46627989588653473,0.48189534726119987,1539,1,Funny Song,Cavendish Music
0.4932542303148864,-0.2652591092674452,-0.04512854176229157,1546,1,Adventure Of A Lifetime,Coldplay
-0.008874586174778083,-0.14319066071274406,-0.036987688668966706,1544,1,Nice For What,Drake
-0.1822259138352593,-0.028544636831570824,0.06840405899701435,1542,1,Left and Right (Feat. Jung Kook of BTS),Charlie Puth
-0.12450748020164643,-0.024617641348247583,-0.012876856514302171,1549,1,Obsessed With You,Central Cee
-0.14847270157538275,-0.02713434940846348,0.019394683833759304,1550,1,Bang!,AJR
-0.2080681334293384,0.032782868409611615,0.06893751933047691,1551,1,Style (Taylor's Version),Taylor Swift
-0.21095733935622712,-0.004858195111198933,0.09808453474799794,1548,1,The Door,Teddy Swims
-0.18719691578631126,-0.02347186666582966,0.0725099422087288,1547,1,Gato de Noche,Ñengo Flow
0.033960837815937096,-0.04539305439218117,-0.12039304216373503,1555,1,Despeinada,Ozuna
-0.1495983555486987,-0.05208553865046012,0.03950184235090061,1556,1,Runnin,21 Savage
-0.2194277311904294,0.009442565136909482,0.10301491264671618,1552,1,Hey Driver (feat. The War and Treaty),Zach Bryan
-0.1910787089276438,0.016448792979015893,0.05206602972444596,1557,1,OKI DOKI,KAROL G
-0.16508520455790168,0.0022715749493397285,0.02241413886227733,1559,1,Free Mind,Tems
0.1437763626278616,0.32126015812520614,-0.26142449734456336,1561,1,New Rules,Dua Lipa
-0.10912635063943336,0.01384958998848608,-0.048518035578833156,1564,1,favorite crime,Olivia Rodrigo
0.20638177194320143,-0.20660661370305802,-0.07741461084199022,1560,1,La Forma en Que Me Miras,Super Yei
-0.19298009780848863,-0.016338899245927022,0.07558004331375846,1562,1,When You're Gone,Shawn Mendes
-0.05050124227114958,-0.08665693109232166,-0.046571167971824805,1563,1,Savage,Megan Thee Stallion
-0.1860172867811216,-0.024980221250297467,0.07240673575488166,1572,1,Put It On Da Floor Again (feat. Cardi B),Latto
-0.19073610807655816,-0.02172343995455684,0.07763449007185569,1566,1,You Should Probably Leave,Chris Stapleton
0.7219024848788745,0.1435638988535797,-0.03757825669392471,1567,1,Runaway,AURORA
-0.12964469596796635,-0.06446236759261531,0.023456619824973213,1570,1,Spicy,aespa
-0.16233299502573137,-0.018819031801271712,0.03445239185188602,1574,1,Ya Leil W Yal Ein,AL SHAMI
-0.1700944100997906,-0.0023572683272767175,0.03132794464901303,1565,1,Die For You,The Weeknd
-0.14156530504504752,-0.05908347656296944,0.03432071390222456,1569,1,Need It (feat. YoungBoy Never Broke Again),Migos
0.34827661050817404,-0.04066745282493343,-0.21896987489411127,1571,1,Into You,Ariana Grande
-0.09046913370745954,0.10711778953712639,-0.10706686123814993,1573,1,Invincible,Pop Smoke
-0.1970698630196847,0.1034174298170092,0.021173045105787904,1568,1,Le Monde,Richard Carter
-0.0872674606499438,-0.06465731509635272,-0.02193133068248267,1580,1,Ya No Somos Ni Seremos,Christian Nodal
-0.19531110516567707,0.022158323923423668,0.055170178825734675,1575,1,Macetando,Ivete Sangalo
0.22564373581023695,0.4417689776774286,-0.2773157362718349,1576,1,Goa Beach,Tony Kakkar
-0.14740531388758563,-0.05666174422351527,0.04059341415161569,1579,1,Sharks,Imagine Dragons
-0.1031629241630174,0.2713308912906412,-0.10432102014213661,1578,1,Teenage Dream,Stephen Dawes
-0.17145432271048838,-0.041042805413477185,0.06294817840546359,1582,1,Thunder,Gabry Ponte
-0.18920687132153186,-0.013712401917502953,0.0671121614293585,1583,1,Thousand Miles,The Kid LAROI
-0.19660872158644752,-0.010567426059358693,0.07734266509585884,1586,1,STAYING ALIVE (feat. Drake & Lil Baby),DJ Khaled
-0.03894465880882687,-0.09508476716620817,-0.049501850106728994,1584,1,Walk Em Down (feat. Roddy Ricch),NLE Choppa
0.5117684582935441,-0.27983928032877053,-0.04876247377340352,1587,1,Khairiyat,Arijit Singh
0.0729433833569261,-0.1768899181532572,-0.06140921118186027,1598,1,Moves Like Jagger - Studio Recording From The Voice Performance,Maroon 5
-0.21167994128344336,-0.0004442924667485283,0.09548049723894465,1599,1,Private Landing (feat. Justin Bieber & Future),Don Toliver
-0.20832827822511707,-0.003906839651414012,0.0928354200624545,1593,1,Turn Yo Clic Up (feat. Future),Quavo
-0.11494106620384292,0.10070324198059337,-0.06650391813863654,1588,1,Hotline Bling,Drake
0.018863120687570643,-0.15414390355574464,-0.05066070249207962,1591,1,Down Below,Roddy Ricch
-0.14999189865850812,0.02849944859959065,-0.009637675555539828,1597,1,CHUPON,Yeri Mua
-0.14814016884303002,0.021918907617011436,-0.008349237736699055,1595,1,Emiliana,CKay
0.0603158824337351,0.5650905058058031,-0.13114400329183085,1590,1,Sonríele a la Vida,DnK
0.6649396595626731,-0.0371671054169916,0.043115363669668276,1594,1,Life Goes On,BTS
0.14087046026696767,-0.21067294876278442,-0.0559171284293495,1596,1,11:00 PM,Maluma
0.3311971806467608,0.15579278149421036,-0.2726307107429316,1604,1,One Call Away,Charlie Puth
-0.19987929019394035,-0.011112730810539545,0.08393367792094605,1600,1,Bitch Let's Do It,YoungBoy Never Broke Again
-0.181496821278929,0.0023821810470558953,0.04496644314380812,1606,1,Move Your Body,Öwnboss
-0.138516706164064,-0.05569873391368225,0.027353447030227542,1601,1,Faucet Failure,Ski Mask The Slump God
0.012681755834663981,-0.15142705368622475,-0.04638396235165504,1605,1,Danza Kuduro,Don Omar
-0.10093302610112873,-0.04873116648800207,-0.019359298714684097,1608,1,Suavemente,Soolking
0.48950005209882186,-0.279028193451917,-0.05756007995524819,1602,1,Locked Out Of Heaven,Bruno Mars
0.8628751339834817,-0.16227551300404508,0.266541305031949,1609,1,Party Rock Anthem,LMFAO
-0.13144855732841507,0.02956438965531082,-0.03484313640375105,1615,1,Jealous,Eyedress
0.0631354153641996,-0.1725567291406833,-0.06399193123336387,1613,1,Love Nwantiti - Remix,Dj Yo!
-0.1783377824992753,0.006435924358907557,0.036941992896080064,1616,1,Victoria's Secret,Jax
0.8224536623849982,-0.16459496931103157,0.10756136585237806,1612,1,Not Afraid,Eminem
0.7061104841478447,-0.2450124262140246,0.05208518502106536,1624,1,Bad Romance,Lady Gaga
-0.21760510190069318,0.0018957082712166848,0.10497980664786735,1623,1,The Feeling,Lost Frequencies
-0.1886435467063337,-0.007103455489404549,0.06387712372280477,1620,1,LUNA,Peso Pluma
0.555852957423906,-0.2645196924780285,-0.011582576371897411,1627,1,Just Give Me a Reason,P!nk
-0.03442818060745109,-0.12884015496568194,-0.02621927598715713,1629,1,UN DIA (ONE DAY) (Feat. Tainy),J Balvin
0.3238793464696095,-0.2607757445723715,-0.07982999559784533,1630,1,Fancy,Iggy Azalea
-0.10722866858561028,-0.06408188747655398,-0.005231552714995423,1628,1,Apocalypse,Cigarettes After Sex
-0.16405808858088217,-0.045298449807424396,0.05654216528581717,1634,1,Pacas De Billetes,Natanael Cano
-0.0035592004948278503,-0.09970485508478805,-0.07016001450777355,1636,1,A La Antigüita,Calibre 50
0.23533630525983396,-0.17258593863917512,-0.14203122389004658,1635,1,Castle on the Hill,Ed Sheeran
-0.1423321831757896,0.17132951759629514,-0.0685272241673573,1631,1,GENTO,SB19
0.7197733844286119,-0.25077648794090507,0.07491607916810089,1632,1,Bebe (feat. Anuel AA),Ozuna
0.010157529713315787,0.19146219551347612,-0.20836939091182868,1637,1,Índigo,Camilo
-0.08261361430470078,0.3135724675930772,-0.13539158287664518,1640,1,BABY OTAKU,Pablito Pesadilla
-0.030210644095328424,-0.08789649231613522,-0.06450823141123896,1644,1,The Less I Know The Better,Tame Impala
-0.1074706239436717,-0.08906223683260162,0.01750894219017195,1641,1,ULTRA SOLO REMIX,Polimá Westcoast
-0.22074901708371067,0.015981731977027017,0.09990932173844103,1642,1,Next Thing You Know,Jordan Davis
-0.20508321997802417,-0.006829595861573591,0.08872330673057213,1639,1,Faster n Harder,6arelyhuman
-0.18772229343988855,0.01819709138905972,0.043573259281520414,1647,1,Bongos (feat. Megan Thee Stallion),Cardi B
-0.18858933333941474,0.02873417020542432,0.04081171685844689,1650,1,Better Days (NEIKED x Mae Muller x Polo G),NEIKED
-0.18092877146282194,-0.028601304274819588,0.06799605785425711,1646,1,Cabaña,El Jordan 23
0.050257947644715376,-0.07977643280960205,-0.12445434920821763,1645,1,Golden,Harry Styles
-0.09324015279510349,0.1429844709690233,-0.07083831800142612,1649,1,Music For a Sushi Restaurant,Harry Styles
-0.19884149271820742,0.025065987287401087,0.05699888149153095,1651,1,HYPNOTIC DATA,Odetari
-0.2009285161680069,0.09220007398804016,0.03240412651282998,1652,1,Dance The Night,Dua Lipa
-0.21780108745078436,0.004404360563890539,0.10321182804280177,1661,1,Coal,Dylan Gossett
-0.038014458036035884,0.43757362506592584,-0.13566119301506074,1656,1,RUNAWAY,KAYDEN
0.6222264909683944,-0.20883943690808063,-0.06635917907029293,1658,1,Habits (Stay High),Tove Lo
-0.14105475143211302,-0.06157009642540581,0.03596512242756396,1657,1,Moonwalking in Calabasas (feat. Blueface) - Remix,DDG
-0.17384935537157184,0.037270642743741415,0.014291324039556439,1659,1,Deli,Ice Spice
-0.09948012756949287,-0.023614023079708602,-0.0376985751231392,1665,1,God's Country,Blake Shelton
-0.15032508293387528,-0.052689086305772834,0.04734865788088068,1666,1,Desejo Imortal (It Must Have Been Love),Gusttavo Lima
-0.21720873637540408,0.004876424350350909,0.1017238071618222,1671,1,Relax My Eyes,ANOTR
0.7708936204696485,-0.18168356474714575,0.062288328808051734,1667,1,Alone,Alan Walker
-0.18799636395277192,0.006949087315294404,0.05128069671790583,1668,1,Starlight,Dave
0.8412340972071148,0.03697963116593562,0.3421597370680915,1670,1,IDOL,BTS
0.5373172798064726,-0.28212432418898337,-0.03383466963826407,1672,1,Soy Peor,Bad Bunny
-0.1860792748371501,-0.01082189990123305,0.06209552003717164,1669,1,青のすみか,Tatsuya Kitani
-0.11665158064080532,-0.0811209438242458,0.03284490436094786,1675,1,Earth Song,Wizard Chan
-0.18577245601520764,-0.009890097838284163,0.05942525245091511,1676,1,GREECE (feat. Drake),DJ Khaled
-0.1915755009929273,-0.022169924856147112,0.0783050168564585,1673,1,Jericho,Iniko
-0.1808981863286062,0.12473480520722216,-0.0019220309228669948,1688,1,someday i'll get it,Alek Olsen
0.015842793117036843,-0.15369092211777113,-0.048316556519286284,1683,1,I Fall Apart,Post Malone
-0.09656881458802859,0.3295015811811495,-0.09050831679102346,1678,1,Iced Coffee,Arthur Hill
-0.09029610882389405,-0.053579416641640606,-0.02935350212040843,1687,1,Anyone,Justin Bieber
-0.1521795367747688,0.07452789750325638,-0.020626776659686295,1685,1,Betty (Get Money),Yung Gravy
-0.17947651676041856,-0.030059670273095116,0.06612458150649297,1679,1,Paradise (feat. Dermot Kennedy),MEDUZA
-0.22107209925392707,0.015182845725486739,0.10118915244407573,1681,1,Bel Mercy,Jengi
0.6015370685991687,0.040004783763352224,-0.21758474163263486,1680,1,The Nights,Avicii
-0.1850147793440636,-0.012908587058353047,0.0615687256664602,1684,1,Run,OneRepublic
-0.05062420985269239,-0.10430337312667635,-0.028986184132120077,1677,1,Hate Me (with Juice WRLD),Ellie Goulding
-0.1854391827971435,0.12152034026664348,-0.003269044253644855,1691,1,Wellerman - Sea Shanty / 220 KID x Billen Ted Remix,Nathan Evans
0.03942818534740642,-0.058994140928533584,-0.12244985017562059,1694,1,Mi Cuarto,Jerry Di
-0.2186469965855723,0.003548908444387007,0.1055011845474933,1690,1,Dial Drunk,Noah Kahan
-0.07567696329006357,0.17703679986519943,-0.1363684756268506,1697,1,Angels Like You,Miley Cyrus
0.14026970155024074,-0.18668258456253267,-0.09828079405725433,1692,1,Dime Cómo Quieres,Christian Nodal
-0.1789015836124355,-0.03203138865146206,0.06608818087641868,1695,1,Rodeo (Remix),Lah Pat
0.028577166973276603,-0.1618806109373549,-0.0505038558508892,1702,1,Vete,Bad Bunny
0.3681854300096609,0.8289846561883941,-0.03900958579122431,1707,1,What If,Johnny Orlando
-0.2124860493004388,-0.0010553023442469547,0.09842482509142918,1699,1,TRUCK BED,HARDY
-0.16940054460891343,-0.025767849641423306,0.04698759717170808,1705,1,Chosen (feat. Ty Dolla $ign),Blxst
0.21829590313721975,-0.2176921056300809,-0.09344832640948943,1700,1,Que Tire Pa Lante,Daddy Yankee
-0.21851086517166105,0.0024821162900604695,0.10648709415097689,1701,1,Where the Wild Things Are,Luke Combs
-0.026610335006075923,-0.04744159806025985,-0.08739968002588608,1704,1,ANTIFRAGILE,LE SSERAFIM
0.0456698013197503,-0.16926412075713426,-0.05682680206657049,1719,1,This Girl (Kungs Vs. Cookin' On 3 Burners),Kungs
-0.22446659750079803,0.008596171090045047,0.11272741435485284,1716,1,Dreaming,Marshmello
0.14654171152093687,0.5926022374510068,-0.15173038197678124,1718,1,Own Brand Freestyle,FelixThe1st
-0.21812540865207308,0.004510398715526447,0.10353820389714241,1712,1,Pussy & Millions (feat. Travis Scott),Drake
-0.13349909378443414,-0.07183500017168877,0.03874779059183824,1717,1,Sent Gamkauwa,Shivani Singh
-0.1273086769921907,-0.06472994297783405,0.021937705649719044,1714,1,I Hope,Gabby Barrett
-0.07022565117248444,-0.06388987389912645,-0.042558541142047504,1709,1,"...And to Those I Love, Thanks for Sticking Around",$uicideboy$
-0.10120688588493457,-0.05815147117234567,-0.014651558196941418,1713,1,Bite Me,ENHYPEN
0.018490421826907986,-0.161319692275864,-0.03896893845977527,1711,1,Promises (with Sam Smith),Calvin Harris
-0.17111842402292543,-0.011651169115304505,0.040085147117163995,1715,1,Cover Me In Sunshine,P!nk
0.28946452718314436,-0.17934636359786316,-0.15469065297288848,1708,1,Outside (feat. Ellie Goulding),Calvin Harris
-0.19246955370707272,-0.013408837683453826,0.07336461387415107,1723,1,Bamba (feat. Aitch & BIA),Luciano
-0.19447408267879532,-0.007086429023669948,0.07347340089470576,1720,1,Sin Querer,Fer Vazquez
0.4108409903943469,-0.20702316736528278,-0.13835982360201404,1721,1,Filhall 2,B Praak
0.019901809315814176,-0.15043554738446624,-0.05570441971087813,1724,1,TOMBOY,(G)I-DLE
-0.21794383467220782,0.020246559763637113,0.09265382714790818,1722,1,Everything I Love,Morgan Wallen
-0.18981687847767187,0.0969233807694115,0.020450377356268507,1729,1,Butta My Bread,JZyNo
0.1844540812442294,0.6895827654885633,-0.14404524015191486,1726,1,Barking,Ramz
-0.16685209752415056,-0.01978360707054893,0.04222946654051579,1728,1,One Of Them Girls,Lee Brice
0.08897710268226164,0.2487812179395594,-0.263037282617712,1730,1,INFERNO,Sub Urban
0.2811422376600159,-0.15739720848278013,-0.17164862011340978,1725,1,Hold On,Chord Overstreet
0.05086049258150785,0.1741506915711186,-0.21681266577225153,1727,1,Bipolar,Mc Davi
0.29654839874561256,-0.10605099408747654,-0.18977129084968408,1739,1,bury a friend,Billie Eilish
0.10527411153413911,0.0028782197944958324,-0.19338271905302348,1740,1,"Alone, Pt. II",Alan Walker
-0.17357895089723765,-0.03323629036276136,0.06147614748713489,1741,1,El Tsurito,Junior H
-0.18087524209627975,0.060919789213625994,0.013356170138646479,1734,1,GOOD LOYAL THOTS,Odetari
0.3347056634696276,-0.241151954724947,-0.061133230605534376,1733,1,No Me Acuerdo,Thalia
-0.18538550443453983,-0.029743848245906205,0.07643961018940071,1738,1,Abcdario,Eden Muñoz
0.05575776841636885,-0.17576661081362055,-0.05206135571159256,1735,1,Freestyle,Lil Baby
-0.013145679293359212,-0.1421930406523564,-0.025702624052390863,1732,1,Una Locura,Ozuna
0.0537888611222374,0.2451117821387507,-0.2374195584050602,1737,1,double take,Dhruv
0.040523289616218636,-0.0388472813281234,-0.1346611674693237,1747,1,Trip,Ella Mai
-0.17814767078727456,-0.031235099742012468,0.06723735418366361,1743,1,Ni Una Ni Dos,BM
-0.16197223090673143,-0.03352242596350563,0.043058346239046454,1745,1,La Corriente,Bad Bunny
-0.21487932916147476,0.05211850862801371,0.0680441381196498,1748,1,Love Tonight - David Guetta Remix Edit,Shouse
-0.22337870532542908,0.019110939574801995,0.10306913330757873,1742,1,5 Foot 9,Tyler Hubbard
-0.20023623660123707,0.05982646526543901,0.04816212546212318,1744,1,Mejor Que Ayer,Diego Torres
-0.14294998743650236,-0.05702544513207561,0.034835819801552495,1758,1,Broadway Girls (feat. Morgan Wallen),Lil Durk
0.04952103081894914,0.008432039592440455,-0.1696303177223264,1756,1,Se Te Nota (with Guaynaa),Lele Pons
0.00029751038200356866,0.4144012520596443,-0.17951251430936702,1759,1,Ameno Amapiano Remix (You Wanna Bamba),Goya Menor
-0.06933620913647415,-0.048068255566236076,-0.04992801956052609,1755,1,MAMACITA,Black Eyed Peas
-0.21164771794542908,0.005422652802968116,0.0915153007506812,1757,1,I Took A Pill In Ibiza - Seeb Remix,Mike Posner
0.16486667444415115,-0.2000782001959876,-0.08875878627939375,1766,1,El Efecto,Rauw Alejandro
0.034147760496521164,-0.16944404891588127,-0.040506361846413666,1763,1,What Lovers Do (feat. SZA),Maroon 5
-0.12834089458905026,0.05658763532962957,-0.048170548999522333,1764,1,Zona De Perigo,Leo Santana
-0.18100716380893137,-0.029828353372667968,0.06774579989629512,1765,1,Crazy Form,ATEEZ
-0.19051431757159676,-0.022353902307880258,0.08057367794014939,1761,1,Kehribar,Burak Bulut
-0.21571811406088232,0.0032731732488597205,0.10001197628662402,1776,1,Drugs From Amsterdam,Mau P
-0.22344284166123904,0.009522539192782311,0.1101180666492196,1769,1,What My World Spins Around,Jordan Davis
0.019137578397753565,-0.05365364692787123,-0.12140821488441261,1774,1,HOLIDAY,Lil Nas X
0.07908844105628163,-0.1256971850943992,-0.11320826466007909,1775,1,Beautiful People (feat. Khalid),Ed Sheeran
-0.16321120938379505,-0.037253509952334486,0.04754793125584856,1773,1,Son Of A Sinner,Jelly Roll
0.4396284901647835,-0.2264003552206036,-0.12208733992693695,1772,1,Animals,Maroon 5
0.8525650082486582,0.08455321479486272,0.4504242556552502,1778,1,DNA,BTS
-0.20853456522700115,0.030853485776286535,0.07176952123495377,1782,1,VVV,mikeeysmind
-0.005765618725427994,-0.133123242945031,-0.03410489573858454,1780,1,EL BARCO,KAROL G
0.3790235365667036,-0.2707372563949196,-0.044772995879838386,1779,1,Ahora Dice,Chris Jedi
0.11984186901164466,0.6810274076212665,-0.1959873081792658,1781,1,Breakfast Challenge Song (Slowly),SPENCE
-0.20525891902898494,0.0029581205294596027,0.08127965715166315,1784,1,Heaven,Niall Horan
-0.20012288592283006,-0.004879389529622491,0.07871159645037827,1783,1,Fingers Crossed,Lauren Spencer Smith
-0.08947813825523983,0.04492650456674448,-0.07514116932485446,1789,1,This Side of Paradise,Coyote Theory
-0.05155760846006108,-0.05951838098756628,-0.06417771686015453,1794,1,Pipoco,Ana Castela
-0.11712160448280079,-0.04120052233306519,-0.01048294092778936,1791,1,Don't Go Yet,Camila Cabello
-0.140636820701652,0.22004834166754772,-0.052793705271667074,1787,1,My Baby,Diamond Platnumz
-0.2177996396543228,0.003083832997178667,0.10466483195518571,1792,1,DNA (Loving You) [feat. Hannah Boleyn],Billy Gillies
0.20243162573699655,0.7533842494974916,-0.17698650313327374,1788,1,The Magic Bomb (Questions I Get Asked),Hoàng Read
0.3320245781352438,-0.24869680509766412,-0.05731446640455945,1793,1,How Far I'll Go,Auli'i Cravalho
-0.19991044070255282,0.05993693682330563,0.042862312004030394,1786,1,Static,Steve Lacy
-0.14849220337329783,-0.05567670238078393,0.041066726483388986,1800,1,Through Da Storm,Polo G
-0.19804166706874782,-0.017668582580025256,0.08614787305026879,1796,1,Komet,Udo Lindenberg
0.904223422732454,-0.11315192372001287,0.2933720127311204,1803,1,In the End,Linkin Park
0.37717828894140176,-0.22109767480603876,-0.060969795350612706,1802,1,La Bicicleta,Carlos Vives
-0.06055994336699325,0.09732929045435915,-0.11989035461874255,1797,1,Hecha Pa' Mi,Boza
-0.13829554346258377,-0.03297488233611462,0.009326263345323802,1798,1,SPIT IN MY FACE!,ThxSoMch
-0.0056194859040360635,-0.08566896917002723,-0.07662145368586917,1795,1,Caramelo,Ozuna
-0.17069929202879666,-0.04115755702461822,0.061915082561925947,1799,1,Calling My Spirit,Kodak Black
0.19156410268341578,-0.17195285490196713,-0.12586557312207772,1812,1,Everybody Dies In Their Nightmares,XXXTENTACION
-0.1809077088598835,0.03429162025653629,0.024920384156238654,1808,1,FΛSHION,Britney Manson
0.22797334668437538,-0.2087033247420554,-0.08998813623591105,1814,1,Me Niego (feat. Ozuna & Wisin),Reik
-0.19465754487703216,0.05587873054674559,0.04312361541086488,1804,1,วาสนาผู้ใด,Parkmalody
-0.09968009495802416,-0.04403024038282578,-0.027142377017655085,1821,1,NEON BLADE,MoonDeity
-0.07202413065848552,-0.10452632057996573,-0.010564965577847984,1818,1,Ho Hey,The Lumineers
-0.15065969777334826,0.1447807718379964,-0.04508905138066802,1817,1,Frozen,Madonna
-0.16357686779826794,0.000780445311811812,0.023599789270649776,1823,1,Mahiye Jinna Sohna,Darshan Raval
-0.19195828172731416,0.01666143379824556,0.05088839118118934,1819,1,Pain,PinkPantheress
0.15039425910211127,-0.18528159582107442,-0.09165108581980805,1815,1,Arms Around You (feat. Maluma & Swae Lee),XXXTENTACION
0.357744619984427,-0.250322291638111,-0.0981244868696487,1820,1,Titliaan,Afsana Khan
-0.20816906096029944,0.0008197670488653028,0.08840045993217183,1826,1,Padam Padam,Kylie Minogue
-0.19544436068675014,0.07967502075272158,0.026014553675688716,1830,1,Finesse,Pheelz
0.5881290933441463,-0.2564387177385903,-0.042467863563074436,1834,1,Bad Blood,Taylor Swift
-0.2004627378117941,0.06922608416636573,0.03838745733435906,1828,1,SNAP,Rosa Linn
-0.20952228598317763,0.0005155574386173106,0.0910862479462657,1831,1,La Intención,Christian Nodal
-0.2121064292463796,-0.003469916738319111,0.09929382356725039,1825,1,Crazy What Love Can Do,David Guetta
-0.2080904115051571,-0.0037087789796550175,0.09304764224165978,1824,1,Man Made A Bar (feat. Eric Church),Morgan Wallen
-0.1992758260845859,-0.013259115143223733,0.08512436891541397,1833,1,Volví,Aventura
0.1266302297719299,-0.19926524093279954,-0.08080821777212636,1832,1,Bijlee Bijlee,Harrdy Sandhu
-0.09492533084193765,-0.049486093959467424,-0.027855424202968992,1839,1,Super,SEVENTEEN
-0.13606724354320887,-0.051043997314304014,0.02097214615644901,1835,1,Diamonds,Sam Smith
0.014022371958861484,-0.1512109591483777,-0.04930404473128533,1837,1,Do I Wanna Know?,Arctic Monkeys
0.3656038321851813,-0.21876747191949075,-0.13145980120326958,1842,1,Another Love,Tom Odell
0.26365048500900834,-0.24422761764158016,-0.0893508479527537,1849,1,Djadja,Aya Nakamura
-0.19466233427331098,-0.011968861266933457,0.0753940725398429,1848,1,LOOK DON’T TOUCH (w/ cade clair),Odetari
-0.05131561815069072,0.16154137297238075,-0.11216016640950212,1845,1,"Body (Remix) [feat. ArrDee, E1 (3x3), ZT (3x3), Bugzy Malone, Buni, Fivio Foreign & Darkoo]",Tion Wayne
-0.11911398153998866,-0.08174448324353917,0.026957851080280155,1846,1,Piyar Farak Wali,Pawan Singh
0.5359805824555006,-0.20126819478670355,-0.09209396673115638,1850,1,Timber (feat. Ke$ha),Pitbull
-0.17907167736885257,0.15069581460864961,-0.016429286661907724,1844,1,Little Life,Cordelia
-0.20253080442865073,-0.009412806268301393,0.08694844837271991,1843,1,LOVE YOU BETTER,Future
-0.040014066633327953,-0.10975595915990533,-0.03678729689699359,1851,1,Woah,Lil Baby
0.8119370481809683,-0.15260089599910553,0.14311469988624012,1858,1,As If It's Your Last,BLACKPINK
0.08243754248610315,-0.0995107166316714,-0.1277133436398656,1863,1,679 (feat. Remy Boyz),Fetty Wap
-0.20060003155316788,-0.014421528444604597,0.08911830463101557,1856,1,DE LUNES A LUNES,Manuel Turizo
-0.21601320706103302,0.0011742660032605214,0.10272368094375635,1859,1,Whistle,Jax Jones
0.41619411035989623,0.139230690321378,-0.27818302075587636,1864,1,Look At Me!,XXXTENTACION
-0.20544653800678359,0.00880152198813578,0.07997838908680933,1860,1,Thang For You (feat. No Cap),Rylo Rodriguez
-0.07741008866947806,-0.015657409838598046,-0.06007455622696248,1855,1,XO Tour Llif3,Lil Uzi Vert
0.18259766056149151,-0.2063158064753966,-0.09898871360706218,1857,1,"break up with your girlfriend, i'm bored",Ariana Grande
0.10099895379790455,-0.1372702370903246,-0.12048467882384728,1852,1,Nothing Breaks Like a Heart (feat. Miley Cyrus),Mark Ronson
-0.13652203074681907,0.12421576811234193,-0.05431111000665989,1862,1,TUS LÁGRIMAS,Mora
0.4205615352507245,0.8454437300421104,0.12273430246553921,1873,1,Pump,Valentino Khan
-0.12559798384858706,-0.07208257826042591,0.027317069623945728,1875,1,Higher Love,Kygo
-0.1320583718835675,0.14280946046053014,-0.03144167362107516,1868,1,WORTH NOTHING (feat. Oliver Tree) - Fast & Furious: Drift Tape/Phonk Vol 1,TWISTED
-0.017003275760262452,-0.12663646704310763,-0.0433477312969284,1865,1,Love Lies (with Normani),Khalid
-0.0016752225774045218,-0.14013246898486767,-0.032405626599244786,1877,1,El Tóxico,Grupo Firme
-0.10306753828931012,-0.06397837652622851,-0.00988048763365945,1878,1,"jealousy, jealousy",Olivia Rodrigo
0.5079114090714735,-0.22950423718221585,-0.053908854174863394,1872,1,Shaky Shaky,Daddy Yankee
0.2951159611067451,-0.23663132599534184,-0.057494692068158076,1870,1,El Amante,Nicky Jam
-0.1984129621118516,-0.01126559275067246,0.08145809010824487,1881,1,ICU,Coco Jones
0.3265006835931597,-0.02281095700535809,-0.25228762579034164,1879,1,Way down We Go,KALEO
-0.15168666128430683,-0.056789165544009375,0.06165230948145793,1880,1,Joy (In My Own Time) - Tribe Song,DAMIEN
0.5311201143334471,-0.26712413025717874,-0.05773105505318126,1883,1,PILLOWTALK,ZAYN
-0.20678461693444708,-0.005280762506737549,0.09135953135851471,1884,1,When It Comes To You,Fridayy
-0.09699688340211479,0.325281032824011,-0.08440832601695089,1891,1,Semangat Kerjanya Kawan,Aldo Zee
0.36998515309776486,-0.2442141191621926,-0.10175314044781493,1889,1,Libaas,Kaka
0.0055335978105882505,-0.1410071762403632,-0.052249183177693045,1888,1,OOOUUU,Young M.A
-0.2217808028597033,0.006419061737036093,0.1091900056234933,1885,1,Flooded The Face,Lil Uzi Vert
-0.2027870204995717,-0.0030300407711845202,0.08395077711796863,1892,1,"90-90 Nabbe Nabbe (From ""Jatt Nuu Chudail Takri"")",Gippy Grewal
-0.18743370124614686,-0.02204652804525221,0.07163063482680755,1887,1,X SI VOLVEMOS,KAROL G
-0.2063788629636526,0.03094481051953895,0.06489396133718182,1894,1,IT GIRL,Aliyah's Interlude
0.3236993350923294,-0.2529783825403814,-0.07861408064685367,1898,1,"Give Me Everything (feat. Ne-Yo, Afrojack & Nayer)",Pitbull
-0.034246841946815175,0.28171613556900355,-0.18462416323543399,1901,1,Iko Iko (My Bestie),Justin Wellington
0.07437943735283413,-0.18709545825896529,-0.04940081817561027,1897,1,Low Life,Future
0.040660974620350177,-0.1122146830417642,-0.08823156755262707,1893,1,"These Days (feat. Jess Glynne, Macklemore & Dan Caplen)",Rudimental
0.04654248498408359,-0.1731465519220752,-0.05439762076422961,1907,1,Light It Up (feat. Nyla & Fuse ODG) [Remix],Major Lazer
-0.14288267033141802,-0.05183205526852555,0.03080240841358812,1904,1,Un Coco,Bad Bunny
0.24277963493400534,-0.19046141402490188,-0.13316464621429897,1908,1,Tutu,Camilo
0.13858618849849663,-0.062099701604044356,-0.18752399919882407,1911,1,Tadow,Masego
-0.19228823780608045,-0.000821890383281188,0.06466376600228561,1906,1,Heart Like A Truck,Lainey Wilson
-0.13399551499454349,-0.06929161310526079,0.052604510711766625,1915,1,Creeper Star,Leo Walrus
-0.0028145602144286465,-0.13651663322914376,-0.042878830643819164,1916,1,Ya Acabo,Marca MP
0.4444583540181743,0.40308000947090455,0.4824340631744392,1918,1,Love You So,The King Khan & BBQ Show
-0.20905679794357085,-0.005970304577581281,0.09511832613757992,1914,1,DOGTOOTH,"Tyler, The Creator"
0.0752046797956201,-0.12562832320421088,-0.09701158087937045,1912,1,All Too Well (10 Minute Version) (Taylor's Version) (From The Vault),Taylor Swift
-0.1809463490005487,-0.03186853150820542,0.0693609969312283,1923,1,Did It Again,Lil Tecca
0.1671593074158267,-0.22168587439704132,-0.0651860356796343,1928,1,Firestone,Kygo
0.4760052575203432,-0.07342723508171861,-0.19477559918817383,1924,1,Cheap Thrills,Sia
-0.19220096812934007,0.004931372869294895,0.06052287793502065,1925,1,GOSSIP (feat. Tom Morello),Måneskin
-0.2042924471404315,-0.0061076769237539885,0.08741534137451759,1921,1,Meridian,Dave
-0.1719724729213549,-0.03843784663654007,0.06397723064985249,1922,1,Царица,ANNA ASTI
-0.20990952525765122,-0.0010470974670178644,0.09371758126917844,1926,1,LOU LOU,Gabito Ballesteros
0.4502047036443988,-0.16810898736922017,-0.15676250670368017,1934,1,Dangerous Woman,Ariana Grande
0.7593999423170276,0.10063460805641049,0.36080036288798334,1939,1,ON,BTS
0.4432994303163046,-0.2804988710763917,-0.053173665218013644,1930,1,Problem,Ariana Grande
-0.20703037697404955,0.011053999607188811,0.0790874480580443,1936,1,SUPERMODEL,Måneskin
-0.032890375643134635,-0.13065590971260146,-0.02608577522334821,1935,1,Don't Call Me Up,Mabel
-0.13624298420063347,0.1512670161932994,-0.05570940014645692,1932,1,Bodak Yellow,Cardi B
0.0015878604253160527,-0.12344892795983482,-0.06167102345028062,1933,1,Latch,Disclosure
-0.1991338466117624,-0.01438731047738056,0.08460623226473714,1938,1,Mourning,Post Malone
0.019056420898527306,-0.15490276617265442,-0.050113566189882115,1931,1,How Do You Sleep?,Sam Smith
-0.18204423885657262,0.01579167752889268,0.037387668842333986,1942,1,BAIXO,xxanteria
-0.21776767856766635,0.03890572189136141,0.08355989431293401,1940,1,Asylum,Olivetheboy
-0.16757838414103052,0.10868549993966431,-0.015470045566184523,1944,1,ceilings,Lizzy McAlpine
0.14270294763862917,-0.21493154419222651,-0.05734886734589903,1943,1,Love On The Brain,Rihanna
-0.03979771607709233,-0.1184551307516977,-0.03038117630005237,1947,1,Broccoli (feat. Lil Yachty),DRAM
0.016100312728300974,-0.13438064419159196,-0.06422791980869003,1949,1,Stay (with Alessia Cara),Zedd
-0.15748077240793865,0.0014838406696417268,0.013005605990904,1950,1,YuNg BrAtZ,XXXTENTACION
-0.06488962027951836,-0.11772802192916068,0.002344811364990264,1954,1,Facas - Ao Vivo,Diego & Victor Hugo
0.2684884714708927,-0.2533640325063569,-0.08015625891891216,1960,1,Black And Yellow,Wiz Khalifa
-0.19165591863413317,0.07983501256662257,0.0220696938679807,1956,1,SKEU SKEU (SPEED UP),Jogga
-0.055148923973929835,0.06172403298145538,-0.10211239702338286,1953,1,Sahara,Hensonn
0.04756751092867357,-0.13114368673192472,-0.08453926281054007,1951,1,The Search,NF
-0.18630468023802527,0.03657623248453594,0.03143317216342235,1962,1,wiggy,Young Miko
-0.052140280770567086,-0.11667197205495981,-0.019104312203233685,1969,1,Nxde,(G)I-DLE
0.15761375914403342,-0.19843192645755445,-0.0711420662618101,1963,1,Vaina Loca,Ozuna
-0.1247289462775754,-0.07122716054459681,0.024428358763981934,1961,1,Street Runner,Rod Wave
-0.07156655608038082,-0.10371675009772918,-0.01089248332768329,1971,1,Pure Water (with Migos),Mustard
0.531444534849623,-0.25584678169658215,0.029219427981365866,1966,1,Ay Vamos,J Balvin
-0.1474381485765387,0.02281113832779173,-0.011571909552015189,1983,1,Shut up My Moms Calling,Hotel Ugly
-0.19464984705256844,0.05432257253062816,0.03637945101201303,1975,1,Hell N Back,Bakar
-0.21231755896944082,0.0005820342424599472,0.09626763774071692,1978,1,Stand By Me (feat. Morgan Wallen),Lil Durk
0.19212045800080704,0.22304959408217234,-0.2600088302656534,1976,1,Yaad Piya Ki Aane Lagi,Neha Kakkar
-0.16383077086632158,0.15329932660658174,-0.02252347860575512,1982,1,A-O-K,Tai Verdes
-0.055710604961927965,-0.10361437157679113,-0.023315633492164683,1980,1,Shotgun,George Ezra
-0.2085019147276713,-0.0038954284354307655,0.09374859279846756,1973,1,Kiss Me,Dermot Kennedy
-0.22033059105290606,0.0045022326250175,0.10779163141599817,1979,1,"I spoke to the devil in miami, he said everything would be fine",XXXTENTACION
-0.19636946529600713,-0.005172996886378576,0.07338132863398474,1999,1,Goosebumps,HVME
-0.13785528746117345,0.25140608062587066,-0.05728543308877004,1994,1,Tết Bình An Remix,Hana Cẩm Tiên
0.292816573405052,0.7423339961685516,-0.11544667001739015,1996,1,Rolex,Ayo & Teo
-0.2171627710921254,0.006141445044941801,0.1013321414750235,1985,1,Whiskey On You,Nate Smith
-0.15596066563806302,-0.01662458663141617,0.02222047432714652,1992,1,Nostálgico,Rvssian
0.334854297761963,0.2500086566621492,-0.32447523201686196,1988,1,NO,Meghan Trainor
0.13060468487525892,-0.20598480377935446,-0.06094507966186715,1997,1,HP,Maluma
0.206170045676639,-0.036625962306643015,-0.20718509194127402,1987,1,I'm a Mess,Bebe Rexha
-0.15424517488445144,-0.0520862761553763,0.04685803990872435,1990,1,Un Ratito,Bad Bunny
-0.2114460217601209,0.005602661328727307,0.08983438256436256,1984,1,hotline (edit),Billie Eilish
0.20427294001010923,-0.20468825157281376,-0.09572175501441677,1989,1,One More Night,Maroon 5
-0.17588980802568643,-0.03293684525333312,0.06432891447725278,2008,1,Sigue,Beny Jr
0.1919000484728587,-0.2258113369509476,-0.057863371568708265,2006,1,Desconocidos,Mau y Ricky
-0.14763197083308344,0.005382027491660185,-0.003092330075872216,2005,1,After Party,Don Toliver
-0.11929790741452216,-0.04874226045493297,-0.001102603431489692,2002,1,Fluxxwave,Clovis Reyes
0.36488959662215836,-0.25949050475372876,-0.08636232620396227,2003,1,We Can't Stop,Miley Cyrus
-0.2143331007718206,0.013112530547579434,0.09052197749616095,2007,1,Buy Dirt,Jordan Davis
-0.1796377297051216,-0.03127317264813485,0.06782706169474868,2004,1,Las Morras,Peso Pluma
0.09177232233491792,-0.16637856535147996,-0.0918161239234008,2013,1,Mamichula - con Nicki Nicole,Trueno
0.5046421549559972,-0.27484677734336904,-0.058297125334182666,2022,1,The Sound Of Silence,Disturbed
-0.1577829316166581,-0.02080000624305265,0.027719799719779305,2016,1,Higher Power,Coldplay
0.007989131656615115,-0.05549748276557073,-0.10865757971444284,2018,1,The Perfect Girl,Mareux
0.390488024535004,-0.21970689516314584,-0.1325649049382912,2020,1,Yeah! (feat. Lil Jon & Ludacris),USHER
-0.16317448515066096,-0.013422516006937151,0.033473459256867386,2012,1,Prohibidox,Feid
-0.2090459535976608,0.02911278033311928,0.07087734181154332,2021,1,Montagem Mysterious Game,LXNGVX
-0.1613181162008036,-0.005759368242117532,0.024362883551141763,2017,1,soso,Omah Lay
-0.01703688052416521,-0.1125823380516539,-0.05682894230273183,2033,1,You Say,Lauren Daigle
-0.17557727374800075,-0.032789467311883216,0.06140276381611079,2029,1,Watch The World Burn,Falling In Reverse
-0.17398621173907935,-0.03627859447620846,0.06215226276423905,2025,1,With You,AP Dhillon
0.2851816233803408,-0.23095435798937733,-0.10047892881066066,2035,1,I Love It (& Lil Pump),Kanye West
-0.05752186973753452,0.2705514867789545,-0.15016661836106998,2031,1,Love Songs - Bonus,Kaash Paige
-0.14571598086459567,-0.026456111880868303,0.018518048691589784,2027,1,Me Atraiu - Ao Vivo,Gabriela Rocha
-0.1998239396593329,-0.01396314539620605,0.08558098401967203,2032,1,HAPPY,NF
0.8340770705470851,-0.1493749493986104,0.18127367464488447,2024,1,BOOMBAYAH,BLACKPINK
-0.00013563625130343695,-0.14828817793665952,-0.03996825900974612,2040,1,Min Awel Dekika,Elissa
-0.18222558241232628,0.00042164163093459054,0.047815024878200746,2038,1,cómo dormiste?,Rels B
-0.147828539038474,-0.058378927019537355,0.0425184863501272,2042,1,my ex's best friend (with blackbear),mgk
-0.008551585182195927,-0.006339055988228257,-0.12017448963311982,2046,1,Parce (feat. Justin Quiles),Maluma
-0.19187282202604425,-0.013823757859430205,0.07493943484543464,2041,1,¿Cuál Es Su Nombre?,Lucky Brown
0.3663719718213089,-0.24386556295606773,-0.04425370992154481,2045,1,Borro Cassette,Maluma
-0.21364557278737115,0.011132367012654194,0.0914875086261712,2043,1,Wild Thoughts,DJ Khaled
0.3592403165625152,-0.2705807423472985,-0.06951664291804346,2036,1,Where Are Ü Now (with Justin Bieber),Jack Ü
0.035190995250839754,0.045717171963647905,-0.1826006752725618,2047,1,TKN (feat. Travis Scott),ROSALÍA
-0.13100837049497185,0.06494186291690675,-0.05092868531250019,2037,1,Está Dañada,Ivan Cornejo
-0.1292875585960116,-0.020108009334874576,-0.008709375736937619,2054,1,In Your Eyes,The Weeknd
-0.2245030322116493,0.008664359701917161,0.11275348524919733,2048,1,Take Her Home,Kenny Chesney
0.18725970462748648,-0.17942986825638813,-0.11871648655073852,2055,1,Don't Wanna Know (feat. Kendrick Lamar),Maroon 5
0.010969159084317516,-0.132432727514311,-0.05613080894839543,2050,1,Falling,Harry Styles
0.15075446747871482,-0.2101396711878447,-0.0760014804630783,2052,1,Maps,Maroon 5
-0.1615919844325096,-0.03686777606903773,0.04395751785128229,2049,1,We're Good,Dua Lipa
-0.13958428232663028,0.011164213484868577,-0.008742368397873996,2063,1,Sip (Alcohol),Joeboy
-0.12952338842750927,-0.06824941498562007,0.026544421123905163,2056,1,Get You (feat. Kali Uchis),Daniel Caesar
-0.12215642976115654,-0.06337027822296123,0.015532461805479356,2059,1,Body,Loud Luxury
-0.21391472697189104,-0.0010657602974455261,0.10071148117781717,2057,1,One Thing At A Time,Morgan Wallen
-0.07435319179459082,-0.07460025150350028,-0.028737074773451877,2058,1,911,Sech
-0.21577726723788468,0.0074798110902118,0.0976056460194951,2061,1,Boyz Don't Cry,Rod Wave
-0.16050786249143018,-0.03771506262919453,0.04431798358532918,2066,1,You Make It Easy,Jason Aldean
-0.0071941000287562475,-0.09353987221786636,-0.07805709007222525,2053,1,Suge,DaBaby
-0.16211635557188908,-0.045636685565535025,0.05199891058429081,2068,1,ball w/o you,21 Savage
0.12328548591243217,-0.06818512821394197,-0.1771057684878145,2070,1,Money,Cardi B
-0.17466681586519076,-0.02708906969690755,0.05555807290985748,2069,1,Queen of Kings,Alessandra
-0.06716205250955452,-0.11108285231972687,-0.0039932062851710136,2071,1,Hasta Que Dios Diga,Anuel AA
-0.11552555616181874,-0.08406689143107644,0.024288497194426453,2073,1,Hackearam-me,Marília Mendonça
0.1793510349263057,-0.19528225087258994,-0.10887310169729436,2072,1,No Type,Rae Sremmurd
0.10501876973630127,-0.17265085086581822,-0.09512565765116711,2085,1,夜に駆ける,YOASOBI
-0.18244961900745918,-0.025833723300620184,0.06787982904567232,2078,1,Sand In My Boots,Morgan Wallen
0.05139920532255435,-0.17131448576852953,-0.05918977163149914,2076,1,A Cara do Crime (Nós Incomoda),Mc Poze do Rodo
-0.19465619844235635,-0.01565021123314588,0.07862739034405242,2086,1,Overseas,D-Block Europe
-0.036115606938428926,-0.10473550451558057,-0.0405461705368638,2075,1,Monster (Shawn Mendes &amp; Justin Bieber),Shawn Mendes
0.48029549634609076,-0.27066401631466597,-0.05496537186058146,2084,1,Last Friday Night (T.G.I.F.),Katy Perry
-0.21657111770742857,0.004747010842487246,0.10049447936516707,2077,1,Circo Loco,Drake
-0.17884110017140795,-0.03378758551159598,0.07129050513635575,2082,1,Canın Sağ Olsun,Semicenk
-0.20414582232697706,0.030524594254142372,0.061667577559562196,2080,1,Limbo,Freddie Dredd
0.37347071565854856,-0.26400924418866156,-0.046592697230346314,2100,1,DUELE EL CORAZON,Enrique Iglesias
-0.21732460410727528,0.0028068393167418413,0.10379251853117497,2102,1,Jálale alv,Bb trickz
-0.17525098948814885,-0.01578853034984336,0.04729531248470051,2094,1,Baddie,IVE
-0.13807203649204322,-0.05358858236184436,0.024980107820870845,2101,1,Prisoner (feat. Dua Lipa),Miley Cyrus
-0.14627878762651272,-0.033416757294090875,0.0197214109735057,2099,1,Why Not,Ghostface Playa
-0.14203938157175425,-0.051331454000760446,0.028653198886125414,2096,1,Got It On Me,Pop Smoke
0.4951172682895714,0.5903265407547356,0.4380971292173118,2097,1,All I Want for Christmas Is You,Mariah Carey
0.2913912737430164,-0.23194280807136583,-0.06690527419945079,2093,1,La Rompe Corazones,Daddy Yankee
-0.20093784383587607,-0.010009162917104554,0.08702273292184454,2089,1,QUE ME FALTE TODO,Luck Ra
0.13861362008773864,-0.20477234296794639,-0.0812989266718307,2106,1,Si Estuviésemos Juntos,Bad Bunny
0.483362890108521,-0.26083344145512494,-0.00017164619501710572,2108,1,El Perdón (with Enrique Iglesias),Nicky Jam
-0.17883624533019696,-0.006701051187448055,0.04780538468459951,2103,1,Love Scars,Trippie Redd
-0.2072356592666954,-0.008008925014900687,0.0938282261723844,2107,1,Die Hard,Kendrick Lamar
-0.18720522647104665,0.13990787002459387,0.006210476066722202,2109,1,Akher Yawm,Ghaliaa
-0.19572650450483534,-0.0033553860072048727,0.07155729828747971,2114,1,Ascend,Dezko
0.13383978944588432,-0.20631856494191336,-0.07711304845524876,2118,1,No Limit,G-Eazy
0.06075854894977108,-0.0786712590034748,-0.13566490834297074,2112,1,Paro,Nej
-0.14076089179827728,-0.05300273569328061,0.02844701246375868,2111,1,HOPE,NF
0.40248069029749023,-0.12974869078293175,-0.16040633198003915,2119,1,On My Way,Alan Walker
0.06922174158361218,-0.15593546554420717,-0.0808853955195322,2113,1,You Need To Calm Down,Taylor Swift
-0.22127625367521242,0.006887600997078951,0.10803151904714196,2129,1,Dancin’ In The Country,Tyler Hubbard
-0.17534622577492395,-0.03571694353914811,0.06550963902046673,2134,1,Starting Over,Chris Stapleton
0.3600209921521441,-0.21556239695164803,-0.09533421212620394,2130,1,295,Sidhu Moose Wala
-0.1405596940231598,-0.06487104501186157,0.03837129820280847,2122,1,Gulabi Sharara,Inder Arya
-0.1634287419847325,-0.03679270766011543,0.047553210742812144,2126,1,Otro Atardecer,Bad Bunny
-0.20192605082335396,-0.011585436328399508,0.08956507239185246,2132,1,İlle De Sen,Muti
-0.16438126247264465,0.02951944781431142,0.009625711261550514,2123,1,Soweto,Victony
-0.18940957640537107,0.11839875840731769,0.013132639795784747,2127,1,Enjoy,Jux
-0.2147950191961628,0.0033146719321578474,0.09802027295206482,2131,1,Poland,Lil Yachty
-0.19410162102127845,-0.019250409979881165,0.08259318195473808,2124,1,Bertaraf,Canbay & Wolker
0.25696717157726173,-0.055579092591298326,-0.22786204037968558,2121,1,Devil Eyes,Hippie Sabotage
-0.11408003581860106,-0.07241948416387005,0.014817348978615875,2136,1,I'm Yours,Jason Mraz
-0.21367016577693207,0.0010535532426326603,0.09887069145602705,2139,1,"Going, Going, Gone",Luke Combs
0.20905246763154575,-0.1561699312445441,-0.1460256756312601,2142,1,Baarish Ki Jaaye,B Praak
-0.021450676179251643,-0.08292425839817386,-0.06745265807629018,2144,1,Company,Emiway Bantai
-0.20758205927397325,-0.008749314660974599,0.09608742419415792,2143,1,LA PEOPLE,Peso Pluma
-0.20739767388379937,-0.007866841434354031,0.09456966429426494,2138,1,REACT,Switch Disco
0.17157882446320563,-0.009280183058277105,-0.2107322765239521,2149,1,Ocean,KAROL G
-0.15108074179065928,-0.05526638656279784,0.044790941203789514,2153,1,Wrecked,Imagine Dragons
0.23713122226389388,-0.21331899444915162,-0.11102864016755162,2148,1,Brown Munde,AP Dhillon
-0.1048291262126239,0.061906047422180865,-0.07589671444830877,2147,1,pov,Ariana Grande
0.12216477607085678,-0.19986912568654389,-0.07492060605794292,2154,1,Dancing On My Own,Calum Scott
-0.14444557702382974,-0.04834840770831919,0.029641315391938913,2152,1,Stay With Me,Sam Smith
-0.2246213256147025,0.008633424684810192,0.11298161915565659,2150,1,Back Then Right Now,Tyler Hubbard
-0.023028347638719582,0.03127635720232685,-0.131309145558193,2151,1,Fulanito,Becky G
0.103746824414217,0.5385540937288135,-0.1263431956034478,2156,1,Only Love Can Hurt Like This (feat. Teddy Swims) - Remix,Paloma Faith
-0.20215837544227194,-0.009386379666717582,0.0869564418960812,2160,1,Business (feat. Naza),DYSTINCT
0.09410667709891898,-0.11802418200532933,-0.11723312877857743,2163,1,MANIAC,Stray Kids
-0.22512163981306688,0.010693387233484734,0.1122011988616888,2159,1,Mona Lisa - Spider-Man: Across the Spider-Verse (Deluxe Edition),Dominic Fike
-0.15649073820779727,0.0034117623986866397,0.014021728570007356,2157,1,ADIÓS,Maria Becerra
-0.20319669134273946,0.013891552418525506,0.07017609755510745,2162,1,Something About You,Eyedress
-0.08943490942573762,-0.09659195322083312,0.0019569459334073725,2169,1,After LIKE,IVE
0.09633269179433905,-0.14876427034235465,-0.10612484193457751,2166,1,idontwannabeyouanymore,Billie Eilish
0.2047795556259312,-0.20965844323530713,-0.10616679846074417,2168,1,Debo Entender,Santa Fe Klan
0.3324740758622837,-0.24100151570877276,-0.1042151775170627,2173,1,Darkside,Alan Walker
-0.17407730896434007,-0.02950044650887095,0.057420936469488426,2174,1,Call Me Every Day (feat. WizKid),Chris Brown
0.03908395358981484,0.1057425460551305,-0.15210408926219415,2165,1,World's Smallest Violin,AJR
-0.05952654287360765,0.10046906117516431,-0.10815113737114748,2176,1,Thot Shit,Megan Thee Stallion
-0.025087614038338556,0.012040273958517388,-0.12583920434081206,2167,1,Money Trees,Kendrick Lamar
-0.18693475229722806,-0.01772337848852704,0.06740380346604882,2175,1,Si La Calle Llama - Remix,Eladio Carrion
-0.2178804498606208,0.007454390252732553,0.10100693717706076,2170,1,Waffle House,Jonas Brothers
-0.17612631390717287,0.02748982408022892,0.02218679541090666,2172,1,Tacata,Tiagz
-0.21400966543549868,0.0009036443601187462,0.098581158970938,2180,1,Got Me Started,Troye Sivan
-0.21138995037913108,0.012285103735680869,0.08534379469617204,2178,1,Low,SZA
0.3628972782532533,-0.16710147573933237,-0.17349349464343572,2179,1,Night Changes,One Direction
0.08115301348329798,-0.17866898444928472,-0.043349697452397425,2182,1,De Los Besos Que Te Di,Christian Nodal
-0.19721035279931298,0.02130676353526152,0.056836145637408866,2183,1,BRODYAGA FUNK,Eternxlkz
0.011193831817473883,-0.1444497487111188,-0.04700935842700391,2181,1,Private Jet,D. Savage
-0.04865065990441007,-0.11348583332211883,-0.026248488424059555,2184,1,DNA.,Kendrick Lamar
0.1526029618506022,-0.21602233671008228,-0.07734975915927163,2197,1,"Or Nah (feat. The Weeknd, Wiz Khalifa and DJ Mustard) - Remix",Ty Dolla $ign
0.06601677168666477,0.4161330961595763,-0.12299842320979634,2192,1,BIZCOCHITO,ROSALÍA
-0.19696916877763299,0.03617619568302757,0.04850778638997309,2193,1,"Love Me Like You Do - From ""Fifty Shades Of Grey""",Ellie Goulding
0.01215659601818309,0.16946886458878982,-0.1886032238122389,2185,1,Still Don't Know My Name,Labrinth
-0.2143055956795417,0.008229392307135134,0.09442973965170032,2196,1,Sittin' On Top Of The World,Burna Boy
-0.12465063490810258,-0.0709988010279407,0.025600578232188854,2195,1,Si Fuera Fácil,Grupo Marca Registrada
-0.20238989341629107,-0.009606576954227272,0.08632619486636661,2186,1,Broke In A Minute,Tory Lanez
0.11439289892438982,-0.17200077421359136,-0.08951508893343986,2198,1,In Case You Didn't Know,Brett Young
-0.11167723791632207,-0.07837348525799552,0.014933238880375769,2191,1,"Arcángel: Bzrp Music Sessions, Vol. 54",Bizarrap
0.46625612157121316,-0.25240994282556134,-0.07970944221855218,2199,1,Tu No Vive Asi (feat. Mambo Kingz & DJ Luian),Arcángel
-0.22227924230027835,0.008090560760559565,0.10891228361115804,2201,1,HVN ON EARTH (with Kodak Black),Lil Tecca
-0.21660288499328612,0.005429942632955908,0.100071547045903,2204,1,Gently (feat. Bad Bunny),Drake
-0.08501277056022755,-0.0777364824645762,-0.016697073650038464,2205,1,It Ain't Me (with Selena Gomez),Kygo
0.13052877138004693,-0.20865143218558171,-0.074336552697729,2202,1,Baarish Ban Jaana,Payal Dev
0.22499466403503518,-0.19104548153715512,-0.1265688198171556,2200,1,I CAN'T STOP ME,TWICE
-0.10019662658783857,-0.09027628269081779,0.009020845192150167,2203,1,Take What You Want (feat. Ozzy Osbourne & Travis Scott),Post Malone
0.17959858734762094,-0.20481409031535933,-0.10017575120695375,2206,1,Filhaal2 Mohabbat,B Praak
-0.22349603806588658,0.009143522613623811,0.1104857501265953,2207,1,8am in Charlotte,Drake
0.283916229224669,-0.19561423777016915,-0.09537697109366126,2210,1,Vivir Mi Vida,Marc Anthony
-0.12636350475184932,-0.026722714200312515,-0.006408678695607657,2212,1,Love Not War (The Tampa Beat),Jason Derulo
0.486101456931191,-0.27766813825209996,-0.05977172224646834,2222,1,"Lose Yourself - From ""8 Mile"" Soundtrack",Eminem
-0.11383132221437973,-0.07031917027623782,0.00870906725338313,2217,1,willow,Taylor Swift
-0.2184625695914262,0.00262158641216659,0.10603337785877286,2218,1,OUT OUT (feat. Charli XCX & Saweetie),Joel Corry
-0.15348030996722997,0.05840207351209126,-0.021210740180381663,2215,1,Cúrame,Rauw Alejandro
-0.17577689520944637,-0.022366805834117893,0.05288505786652895,2220,1,What’s Next,Drake
-0.2207547664761751,0.02059369244066796,0.09646104905046674,2214,1,Turn On The Lights again.. (feat. Future),Fred again..
-0.009111801663041375,-0.14222093016426604,0.0009240387833478275,2209,1,"Mommy, Mommy Give Me Yummy",D Billions
0.291758286649292,0.5167352505070345,-0.23478529254322505,2224,1,Illegal Weapon,Garry Sandhu
0.020167358347408824,-0.1280251885891219,-0.07228860545971623,2225,1,Starships,Nicki Minaj
-0.14841395820435557,-0.014287651639904083,0.018581400974155726,2238,0,Calidad,Grupo Firme
0.2298094605741766,-0.23235404593032355,-0.09365329703199944,2234,1,Send My Love (To Your New Lover),Adele
0.3133512847519049,-0.24198840808525834,-0.09019301190560612,2239,0,No Hay Nadie Más,Sebastian Yatra
0.17116005885356703,-0.10894233843969457,-0.16655855987192136,2236,1,Rather Be (feat. Jess Glynne),Clean Bandit
0.3980154711211892,0.5789488595811808,-0.17759504829963263,2232,1,Into Your Arms (feat. Ava Max),Witt Lowry
0.07173169086143226,-0.05776742371414771,-0.15307204088696788,2233,1,Ramenez la coupe à la maison,Vegedream
-0.19492338349565697,-0.020381772222496465,0.0829612563624553,2237,0,1000 Blunts,$uicideboy$
0.012247417186485489,0.10937582404764118,-0.19054662988161,2230,1,#BrooklynBloodPop!,SyKo
0.05913874941071306,-0.17993343334068845,-0.03329423299733708,2227,1,Baby Songs,Baby Lullaby
-0.2181452324698556,0.001833911589961917,0.10613596874672576,2226,1,Mädchen auf dem Pferd,Luca-Dante Spadafora
0.24584606185037697,-0.23940042070625991,-0.08411535323437049,2240,0,Cuando Te Besé,Becky G
0.07232701258188849,-0.17309060276613586,-0.07264555788929353,2231,1,Clout (feat. Cardi B),Offset
0.38446273825737093,-0.25807872517853714,-0.09499963903307933,2243,0,One Last Time,Ariana Grande
-0.11498417891150821,0.116233270268552,-0.0809354251209579,2246,0,Malas Decisiones,Kenia OS
-0.15050251112508226,-0.019956136865513036,0.017399591417311098,2249,0,Dos Mil 16,Bad Bunny
0.714205480500074,-0.19310037053344897,0.19186720071326868,2250,0,La Vaca Lola,Toy Cantando
-0.08485098105804947,-0.09962171673569853,0.006314331837789801,2241,0,Termina Comigo Antes,Gusttavo Lima
0.10337439757126468,0.5066458319924164,-0.18581923216060267,2244,0,Baarish,Payal Dev
-0.09003180180180703,-0.07040976084747402,-0.019696779318723604,2242,0,ZITTI E BUONI,Måneskin
-0.21485545202779555,0.014767065946288106,0.09177844033769648,2252,0,Is It Love,Loreen
0.059923317507233204,-0.1603325850730449,-0.07730185592661375,2263,0,Feel It Still,Portugal. The Man
0.09045574288461014,-0.16430246031624063,-0.08987199256786235,2262,0,MotorSport,Migos
0.04396826450904796,-0.13237255718040572,-0.0847728415575984,2265,0,Bad At Love,Halsey
-0.18506260716261982,-0.026474010668143116,0.0716966373464728,2251,0,Nevada,YoungBoy Never Broke Again
-0.1471034769969106,-0.027477289597671213,0.016864305869952405,2264,0,The Adults Are Talking,The Strokes
0.6035244820135925,-0.056356829009348505,-0.17020228830274192,2257,0,Hips Don't Lie (feat. Wyclef Jean),Shakira
-0.08889731870873355,-0.07043228917065826,-0.020554583181047092,2259,0,Overdose,natori
-0.15708498832297005,0.004834609153265301,0.012348503606119325,2253,0,Tak Segampang Itu,Anggi Marito
-0.12075374685699622,-0.07686063390513179,0.02438741013220358,2261,0,Emotionally Scarred,Lil Baby
-0.050293861756208945,-0.12313236091417963,-0.0057515130289599575,2258,0,When It Rains It Pours,Luke Combs
-0.1937992597653158,-0.021062933433691103,0.08172912592624762,2268,0,If I Didn't Love You,Jason Aldean
-0.21397190358488913,-0.002030541426092331,0.10138677122097732,2269,0,NO ME QUIERO CASAR,Bad Bunny
-0.21752085245337124,0.003319656810339498,0.10342262023849057,2274,0,UNHEALTHY (feat. Shania Twain),Anne-Marie
-0.18015742687574562,-0.03418424025173038,0.07336908378361733,2280,0,ATORRANTE - con Los Palmeras,Emanero
-0.20317530637351544,0.08414841889467686,0.041032743970948166,2282,0,El Mejor,Chayín Rubio
-0.1299633920274962,-0.02659489404198021,-0.0022191260806135754,2276,0,Take Me to Church,Hozier
0.006565190357482581,-0.12541760031169666,-0.06292180801176567,2270,0,Roses,The Chainsmokers
-0.022059754508998677,-0.1361331061958468,-0.030703373119985406,2267,0,Close Friends (Lil Baby & Gunna),Lil Baby
-0.010443184765499486,-0.04187744320573612,-0.1059096745871326,2277,0,BEBÉ,Camilo
0.5745710181425886,-0.24475036452125726,0.05197297395474813,2266,0,Propuesta Indecente,Romeo Santos
-0.22526180872818627,0.009880020024487169,0.11327290866504526,2278,0,Atmosphere,FISHER
-0.09832807156414403,0.2967712820412521,-0.08997958218728952,2273,0,Eid,Mehmood J
-0.12351542297732802,-0.058194593503963325,0.010214430992489216,2275,0,Money In The Grave (Drake ft. Rick Ross),Drake
-0.21148208643983238,-0.0004809418454575325,0.095636195788659,2283,0,BABY NUEVA,Bad Bunny
0.10582583777509869,-0.08518183969062287,-0.14723583972215543,2287,0,Happier,Ed Sheeran
0.3568900076059251,0.6106633712270015,-0.20285519965007262,2290,0,Kill Em With Kindness,Selena Gomez
-0.21944820248159327,0.004375707821088616,0.10662019148749574,2296,0,Good Love,Hannah Laing
-0.18543911208529712,0.07290082795209353,0.014625195574323947,2297,0,Little Girl Gone,CHINCHILLA
0.027502103398934254,-0.16464183093266413,-0.03121247440575103,2299,0,Ella Quiere Beber - Remix,Anuel AA
-0.13119013689053907,0.2625138102304322,-0.09164928707609717,2292,0,Blicky,Fresh X Reckless
-0.13822512491994388,-0.05950681165759341,0.030527578840469378,2294,0,Baby (Lil Baby feat. DaBaby),Quality Control
-0.20405303728411386,0.009398988571260732,0.0748591221490402,2291,0,Hotel,Montell Fish
-0.1834248214328391,-0.02870937129020399,0.07169136977090718,2288,0,Mas Altas Que Bajadas,Natanael Cano
-0.11528248355593515,0.15344005782319295,-0.09096154315854925,2286,0,Somewhere Only We Know,Gustixa
-0.0858806854228349,-0.05434029391926138,-0.028026344160028763,2285,0,X1,MC Cabelinho
0.5008329562045396,-0.2770291104834735,-0.02107429258832166,2306,0,Burn,Ellie Goulding
-0.184208206505566,-0.026533403555880113,0.07034483175739606,2303,0,By Your Side,Rod Wave
-0.13970190635174767,0.2545506474285328,-0.07539102170746181,2309,0,Very Sad,Enchan
0.13376731954542748,-0.20603160007765167,-0.045620367565644374,2312,0,No Te Contaron Mal,Christian Nodal
0.23953404327942748,-0.2341232473018168,-0.09503607257055954,2305,0,When We Were Young,Adele
-0.21422579326790292,0.003734502255161014,0.09774342406542832,2302,0,Ain’t That Some,Morgan Wallen
0.8330055695245289,0.03505104399543002,0.4925620823105479,2307,0,I Am A Gummy Bear (English),Gummibär
-0.19111573673207607,0.01699030442446343,0.049761167528843506,2313,0,Do It Again (feat. 2Rare),NLE Choppa
-0.12848843475525482,-0.06288651299927897,0.02014187608332174,2311,0,Loading,Central Cee
-0.1983654420089662,-0.0027715945680982373,0.07583173521609328,2326,0,Tek Tek (feat. MHD),DYSTINCT
-0.1461849077475315,0.09511810185108091,-0.04144368564194542,2320,0,Dos Besitos,La Joaqui
-0.21575597713519595,0.0050510016348943865,0.09846006390422943,2318,0,Deep Down (feat. Never Dull),Alok
-0.17656810010676127,-0.026814214068799712,0.06109830282887703,2322,0,No Me Conoce - Remix,Jhay Cortez
0.20612329030085852,-0.21173426331624504,-0.10616327898137158,2321,0,Freaky Friday (feat. Chris Brown),Lil Dicky
-0.170326982773894,-0.02184590535488482,0.04683627680785502,2325,0,Still Rollin,Shubh
-0.0691092537511865,-0.07200105231750385,-0.04012213688825883,2317,0,Safe And Sound,Capital Cities
-0.1561403849553761,-0.008348088685222736,0.01720385619354709,2323,0,Mal Hombre,Kim Loaiza
0.014030608850665895,-0.11327093294014218,-0.07632015644496212,2315,0,Teeth,5 Seconds of Summer
0.7021882635310294,-0.23759171377269722,0.03895647459808929,2316,0,I Took A Pill In Ibiza,Mike Posner
0.34334675323895253,0.8688496324937847,-0.03753225063732702,2334,0,Run Free,Deep Chills
-0.20787281487664858,-0.0076480697658517435,0.09531016289513043,2330,0,In The Dark,Purple Disco Machine
-0.15305643729036092,-0.025549417952037898,0.026358951453266586,2331,0,Felina,WIU
-0.21614583976197646,0.014162261562704647,0.09294777477135524,2327,0,Meet you at the Graveyard,Cleffy
-0.08283069456504212,0.16766618757173243,-0.12805745476509062,2332,0,Se Le Ve,Dímelo Flow
-0.16081207467106057,-0.024896212748969592,0.03576701625980346,2333,0,Coração de Gelo,WIU
0.01147596314353916,-0.10876548973860987,-0.08195476436835782,2328,0,FEARLESS,LE SSERAFIM
0.009465156824857017,-0.14835073789600942,-0.04659758030181046,2338,0,Let It Go,James Bay
-0.21625523939900357,0.008503961542714416,0.09740316487783003,2343,0,Where It Ends,Bailey Zimmerman
-0.10030903904095598,0.3218631003443411,-0.120087396210499,2340,0,Desenrola Bate Joga de Ladin (feat. DJ Biel do Furduncinho),L7NNON
-0.18691587572249366,0.036622840253373076,0.03576099015422184,2342,0,City Boys,Burna Boy
-0.17440148468166664,-0.02280857078753589,0.05189352257333594,2336,0,Wellerman - Sea Shanty,Nathan Evans
-0.12249490841367554,0.17190425106812943,-0.09159511612594633,2346,0,Every Summertime,NIKI
-0.21715940012171991,0.016781105499598048,0.09286188024108354,2344,0,MANDA BALA,Ariis
-0.07331854958441915,-0.056131572931919414,-0.04688858625300091,2337,0,Walk It Talk It,Migos
-0.01026377938074089,0.15049392074276746,-0.15158030106062464,2347,0,Face Off,Tech N9ne
0.19507265189596382,-0.21574380909460214,-0.038879947618487204,2345,0,Otra vez (feat. J Balvin),Zion & Lennox
0.035659450964643825,-0.09454296651375234,-0.11103691378471672,2351,0,BOOKER T,Bad Bunny
-0.20415817369489442,0.04710165392331426,0.05715514690755615,2359,0,"24/7, 365",elijah woods
-0.1742312029061735,-0.022677540039609746,0.05110695536798017,2358,0,Je M'appelle,Benzz
0.42323541771624923,0.8409254603641299,0.03789790511753019,2349,0,Soap,Melanie Martinez
0.22771442572054232,-0.22901204016433063,-0.09768160098548907,2348,0,Never Forget You,Zara Larsson
-0.16659711871104435,-0.037752097919748505,0.051782298464737156,2355,0,Tyler Herro,Jack Harlow
0.39608615880047415,-0.09922482453354389,-0.20124818512216486,2354,0,"i hate u, i love u (feat. olivia o'brien)",gnash
-0.11950641638863868,-0.07048648053911127,0.01526710678652933,2350,0,Ophelia,The Lumineers
-0.08615748846811437,0.059125558715487934,-0.09160577461656423,2353,0,Ella No Es Tuya - Remix,Rochy RD
-0.17215692704148963,-0.012671409341511914,0.040688579442953246,2373,0,Satellite,Harry Styles
-0.11348515697320162,-0.08360758889662757,0.02363650645668177,2361,0,La Santa,Bad Bunny
0.13870538914590128,0.4471988397677015,-0.2137793433922054,2372,0,Tera Ban Jaunga,Akhil Sachdeva
-0.19708064525133107,0.007547179641460066,0.06439250777449998,2368,0,Monëy so big,Yeat
-0.15446935613043555,-0.019955281828534118,0.021950756701509134,2362,0,Sure Thing,Miguel
-0.18823020219717407,-0.019483321411631286,0.07215529214596877,2371,0,Talibans,Byron Messia
-0.1300440969655181,0.04520956286120477,-0.04167071934577426,2363,0,Love Story (Taylor’s Version),Taylor Swift
-0.20391527605670637,-0.011737283571871253,0.09205715042397854,2364,0,Skin de Bandida,Oscar Maydon
-0.16255948258882338,-0.044278223858445105,0.05129436873685006,2365,0,Lisa,Young Miko
-0.22486071371557823,0.00985641800264629,0.1125271249464173,2369,0,I Can Feel It,Kane Brown
0.26152070435940683,-0.16799019620776068,-0.13021508920645344,2370,0,you should see me in a crown,Billie Eilish
0.030945568507464265,-0.16850750064466616,-0.033603587842085836,2366,0,Te Robaré,Nicky Jam
0.22916264504898004,-0.12656222691037092,-0.17956005622301047,2377,0,Rewrite The Stars (with James Arthur & Anne-Marie),James Arthur
0.022490357575879704,0.38590205255667176,-0.1662167685533089,2383,0,Dandelions,Ruth B.
-0.048454212429281045,-0.03925837991662542,-0.07862709147811607,2382,0,Malvada,Zé Felipe
0.0757229911079536,-0.002794073428485433,-0.17464143529411116,2394,0,I Love You So,The Walters
-0.05688797046500202,-0.060437611031128324,-0.05881445633593829,2390,0,i love you,Billie Eilish
-0.22506446899184493,0.010142576379548969,0.1127231719147391,2392,0,Not Fair,Niklas Dee
-0.16648527219803086,0.17515099632135733,-0.03123158185917504,2389,0,Benjamins Deli,JRitt
-0.1326850675449008,-0.03760076034824495,0.005863599643797262,2384,0,Him & I (with Halsey),G-Eazy
-0.21256364585079746,0.000343645084267079,0.09710730983505193,2395,0,Call Your Friends,Rod Wave
-0.18995231784771077,-0.023833476184452283,0.0778775777552105,2391,0,Rosa Pastel,Peso Pluma
-0.22119911153906435,0.008999451755454049,0.10661752777225451,2387,0,Dirt Cheap,Cody Johnson
-0.15415103275435527,-0.0071091093865267895,0.01244251226462425,2380,0,Borderline,Tame Impala
0.003697586022566416,-0.13608683785667292,-0.041105092779915677,2393,0,Tu - En Vivo,Carin Leon
0.11188683236758748,-0.1704239967466959,-0.07854829566381129,2388,0,No Time To Die,Billie Eilish
-0.17254935114911352,0.14742779687392513,-0.024187564122132958,2401,0,All Eyes on Me,Dj Belite
-0.10959987480789639,-0.05041202505241516,-0.010532340518749605,2399,0,En El Radio Un Cochinero,Victor Cibrian
0.2400611122976081,-0.23482099539566798,-0.06837500864029317,2402,0,Safari,J Balvin
0.15172511559457247,-0.11858759133439248,-0.15523583366230906,2405,0,comethru,Jeremy Zucker
0.08679460225673806,-0.18580214266157868,-0.03665559621560477,2396,0,O Patinho Colorido,Bento e Totó
0.17831580883379927,-0.16825643836934465,-0.11925886169142008,2398,0,La Mejor Version de Mi,NATTI NATASHA
-0.13342276333887046,0.14537042916989812,-0.06535636532652042,2397,0,B.O.T.A. (Baddest Of Them All),Eliza Rose
-0.20732488552634704,-0.007609588183733372,0.09352154889933334,2408,0,Lucky Girl Syndrome,ILLIT
0.08155576732083235,-0.07597370612357483,-0.14251052741534884,2415,0,Little Dark Age,MGMT
-0.1633136458377963,-0.04633908616421705,0.056663596774002276,2419,0,Hypnotized,Purple Disco Machine
-0.1789063733727979,-0.0348337700208613,0.06932460110949129,2417,0,Koka,Mankirt Aulakh
0.0692881889419183,-0.13107106960954992,-0.10415732489684429,2407,0,ELEVEN,IVE
-0.1274441808627862,-0.057740475199548585,0.014007280352884408,2416,0,Space Cadet (feat. Gunna),Metro Boomin
-0.07923963282462192,0.05899015494008487,-0.09157708306510812,2421,0,СОЛНЦЕ МОНАКО,Lusia Chebotina
-0.2147329998277237,0.0012060531227709238,0.10063999335270257,2414,0,We Ride,Bryan Martin
-0.18781426818478014,-0.02318614335182369,0.07300770505404951,2437,0,Rich Spirit,Kendrick Lamar
-0.11460895454893408,-0.0135212286185734,-0.027599360630135433,2438,0,Cochinae,Julianno Sosa
0.04636268173264776,-0.15803857400191504,-0.06788001492557404,2427,0,Juju On That Beat (TZ Anthem),Zay Hilfigerrr
-0.04690244527213041,-0.11232851634743331,-0.02848910350856805,2428,0,I'm Not The Only One,Sam Smith
-0.14744100131482357,0.23926959582235285,-0.06936850736096281,2431,0,Murder,Bgnzinho
-0.21478057487196645,0.0018463757995745987,0.0994349958507636,2430,0,Major Distribution,Drake
-0.0015973191224032176,-0.1426186930090146,-0.04185130402939706,2439,0,Dynamite,Taio Cruz
0.1491251220546575,-0.2059532311734699,-0.08688808549244242,2425,0,Chlorine,Twenty One Pilots
-0.1259246043999014,-0.062408252096711636,0.015993347952980883,2436,0,GIVENCHY,Duki
0.22601554542013422,-0.11679908027396005,-0.17322723983593488,2441,0,Here,Alessia Cara
0.06984955611879294,-0.09213071698795905,-0.13093084363663893,2435,0,Favorito,Camilo
-0.1194970152413205,0.025991703864249937,-0.04621456807326135,2432,0,Royalty,Egzod
-0.11973409930544729,-0.04205781494003837,-0.006395649683269903,2440,0,Am I Wrong,Nico & Vinz
-0.21586957566886922,0.008277195492616579,0.09734689452845058,2424,0,Tennessee Orange,Megan Moroney
-0.18584243274039233,-0.0268070581255348,0.07292723954257313,2448,0,Still Trappin' (with King Von),Lil Durk
-0.1749075294140488,0.034602993056679174,0.018597178459462498,2450,0,YUM YUM (Slowed),LXNGVX
-0.045472774585024876,-0.036531307379750064,-0.07769050003248502,2446,0,Issues,Julia Michaels
-0.17259347528684468,-0.02306962685498405,0.05034018914893558,2457,0,Element,Pop Smoke
-0.2182832783269896,0.0027562262751710267,0.10524043073767943,2455,0,GOD'S COUNTRY,Travis Scott
0.13293971606445856,0.19051287812468673,-0.2730492571729299,2442,0,Parado no Bailão,MC L da Vinte
0.09399665665663669,0.6310335426863465,-0.15980177523638414,2451,0,F Boy,Ander Huang
0.04121378588305848,-0.15480642283715257,-0.06535192073933986,2452,0,"Yo x Ti, Tu x Mi",ROSALÍA
-0.02015949638075269,-0.136039123901043,-0.033309642380257014,2447,0,Say It,Tory Lanez
-0.13395758528681964,-0.036893647527792194,0.006700912694640082,2454,0,Ain't Shit,Doja Cat
-0.06606292307295684,0.3285432424905948,-0.13407026889988355,2458,0,Dancing With Your Ghost,Sasha Alex Sloan
-0.2163002382499717,0.0004324691580883063,0.10358938716261264,2449,0,SIRENS,Travis Scott
-0.15863160086828268,-0.04518323789452833,0.046683671418709244,2453,0,Conexões de Máfia (feat. Rich The Kid),Matuê
-0.17221091881648207,0.1207475568974961,-0.018669730459559677,2443,0,2 Hielos,King Savagge
-0.03656907689612238,0.3311327810655823,-0.1660134594119608,2468,0,I Love Mama Mantu,Bulan Sutena
0.432603288643276,-0.015792021037032363,-0.2548103056058343,2465,0,Hall of Fame (feat. will.i.am),The Script
-0.14278797234948815,-0.05825887379816639,0.03764362921896939,2467,0,Deixa,Maria Marçal
-0.21465891574884932,0.0011374486049797563,0.09964191830262065,2464,0,We Didn’t Start The Fire,Fall Out Boy
0.08091749470979243,-0.15866100167068667,-0.0927793572110093,2469,0,Runaway (U & I),Galantis
-0.1628575089433553,-0.04069225186279782,0.05104207998191369,2462,0,Ley Seca,Jhay Cortez
-0.22137449905034592,0.015560627019779328,0.10178154486229937,2461,0,Dawns (feat. Maggie Rogers),Zach Bryan
-0.19758341444151042,-0.008423832060877198,0.08038725885639073,2470,0,Mesafe,Semicenk
0.8754835186719001,-0.15624604957472182,0.24708077083576888,2472,0,Numb,Linkin Park
0.22687983031083397,-0.23940129483848993,-0.06936905648996484,2483,0,Hola,Dalex
-0.14178183831057153,-0.03511187586323445,0.015114110088340644,2475,0,Dark Red,Steve Lacy
-0.00824496561198253,-0.11905810477969919,-0.05292660191442824,2484,0,Diosa,Myke Towers
-0.04219726797058519,-0.12478315506693458,-0.015453588779200288,2477,0,Wagon Wheel,Darius Rucker
0.13663770968472358,-0.20278918706231452,-0.08128185133215853,2482,0,Dil Galti Kar Baitha Hai,Jubin Nautiyal
-0.1319541020399793,-0.0684599345986745,0.029349259423233895,2485,0,Is There Someone Else?,The Weeknd
0.268342267028434,0.7898479044314737,-0.15935307922163136,2481,0,Dream Girl,Ir Sais
-0.09118070452336242,-0.07561053975604454,-0.013706356031440728,2476,0,Wild Side (feat. Cardi B),Normani
-0.13981733744950556,-0.0387570122343391,0.023673820781918847,2480,0,Bi' Tek Ben Anlarım,KÖFN
-0.13900250009719148,-0.0637755659948811,0.03765129325894285,2490,0,Location (feat. Burna Boy),Dave
-0.18607208725694863,0.04456474036046943,0.033612175336728854,2488,0,Mon Amour,Annalisa
-0.04947591663359994,-0.11551140642941697,-0.02426757908649859,2491,0,Pray For Me,The Weeknd
-0.17414703444377577,-0.03420432336508086,0.06034603725801059,2486,0,Motley Crew,Post Malone
-0.20329481281681183,-0.005766949686808388,0.08461766964784805,2493,0,Poppin,Yeat
-0.17904163402378115,-0.013372115207581423,0.05130750082850193,2494,0,Memories,Conan Gray
-0.14251237430941444,-0.036747294408316075,0.020848218672810472,2502,0,Roça Em Mim,Zé Felipe
-0.1571149367638486,0.11173915931198007,-0.02302825926036087,2498,0,"Sugarcane (Remix) [feat. King Promise, Mayorkun & Darkoo]",Camidoh
-0.1861337212777329,0.0359503461026735,0.032576405619166894,2499,0,TOES (feat. Lil Baby & Moneybagg Yo),DaBaby
-0.16128685926838654,0.1638868897612526,-0.04502278266439002,2496,0,10 Things I Hate About You,Leah Kate
-0.16219422722318366,0.023638342779903194,0.00587448428279679,2503,0,X ÚLTIMA VEZ,Daddy Yankee
-0.21034877456571752,0.002496277787580423,0.09186282980358268,2514,0,Poco A Poco,Xavi
-0.20471446348119707,-0.009628432914169803,0.09045955820398324,2504,0,Red Ruby Da Sleeze,Nicki Minaj
0.15799082888345212,-0.21692178179452093,-0.0753421890195596,2509,0,Mama,Jonas Blue
-0.15934101720749347,0.016853702126508014,0.006569106011554385,2508,0,Puta Mexicana,DJ Jeeh FDC
-0.034886053000748374,-0.12617043644804277,-0.027151880714135133,2516,0,Self Care,Mac Miller
-0.1104352523868918,-0.0769034846215901,0.009324910145726568,2507,0,Out of Time,The Weeknd
-0.19757847215090546,0.014851669816629168,0.06134107164287034,2506,0,About You,The 1975
-0.20901376652777262,0.0026200651614502607,0.0896969224242373,2512,0,BED,Joel Corry
-0.1990085322701439,-0.01487165135175759,0.08576903996521527,2511,0,23,Chayce Beckham
-0.20410941503546182,-0.00936758583444994,0.08982042260329627,2529,0,Remember,Becky Hill
-0.029867947016283862,-0.009457296625018922,-0.11245383202533682,2523,0,Here's Your Perfect,Jamie Miller
-0.195101186676044,0.05044102915005411,0.04179803304209598,2530,0,Highs & Lows,Prinz
-0.21225450989990255,-0.0014513189994694467,0.09731844285868409,2533,0,Impossible,RIIZE
-0.17423576807116126,0.02298544791235637,0.02357404525658565,2528,0,El Rescate,Grupo Marca Registrada
-0.15903357206619137,-0.04577052236773654,0.0477722910297758,2518,0,Wockesha,Moneybagg Yo
-0.1774125665513776,0.01709984206921714,0.030740009998722482,2526,0,Pantysito,Alejo
-0.08744610162201312,-0.0543472380714063,-0.03050109337113453,2524,0,brutal,Olivia Rodrigo
-0.13260684554300883,-0.06578811517285706,0.030846138427191337,2531,0,Recognize (feat. Drake),PARTYNEXTDOOR
-0.223501630187054,0.00861604304735523,0.11070725302364967,2521,0,Daylight,Drake
-0.13327892693182164,-0.004497460324611506,-0.011403452519480281,2519,0,Lovefool,twocolors
-0.18148845664385818,-0.02941885973875824,0.06911932418960107,2527,0,MEMORIAS,Mora
-0.20458765740067517,-0.01201110628065704,0.09371863157484775,2538,0,Mood Malandro,Código FN
-0.2065099103798513,-0.004919065597219718,0.09002397102469575,2542,0,JACKIE BROWN,Brent Faiyaz
-0.2081791733446727,-0.007276051133024902,0.09480141289007996,2544,0,TELEFONO NUEVO,Bad Bunny
0.10308966075967853,-0.18934371185238397,-0.023451019645120547,2536,0,Dança Maluca,Bolofofos
-0.19750132903916176,-0.015031318905030823,0.08311028855970948,2539,0,Never Going Home,Kungs
-0.1276600406093358,0.17432019240730076,-0.0851194574486001,2548,0,Problemón,Alvaro Diaz
-0.19378909976665723,0.029094611789839155,0.05008200360112908,2547,0,Pacto (feat. Luar La L),Jay Wheeler
-0.04314774168163301,-0.01756565262137247,-0.0949392290994113,2543,0,Daisy,Ashnikko
-0.19561381403482847,-0.006656583787609436,0.07542291264039601,2556,0,Fast Forward,JEON SOMI
-0.10755722175389455,0.025641120814279633,-0.05752212258488044,2558,0,Stolen Dance,Milky Chance
0.0009338080406296231,-0.09268045461407073,-0.06832522382722589,2554,0,Set Me Free Pt.2,Jimin
-0.15706320772366356,0.206080453670883,-0.030783737217790593,2555,0,Satu Rasa Cinta,Fira Cantika
-0.019262848730468393,-0.07195881559895774,-0.07941097912107019,2557,0,Azul,J Balvin
-0.024443721482762006,-0.11940079808108141,-0.041652044578312473,2551,0,LOCATION,KAROL G
-0.1883995932361332,0.07776884844192425,0.023238925009991633,2559,0,Terminator,King Promise
-0.19880360862700516,0.10545182870833304,0.0285256987464915,2552,0,Orang Yang Salah - Sped Up Version,Luvia band
0.21299462494010785,0.14905625358901542,-0.2737923829162077,2561,0,Snowman,Sia
-0.2033898736133371,-0.008362179657584066,0.08705979494467912,2549,0,Hurricane,Kanye West
-0.10546276990225399,0.10302198010944832,-0.08613055563185487,2550,0,Rumah Singgah,Fabio Asher
0.058912886692055536,-0.14217007960645478,-0.08857264945669958,2560,0,Strip That Down (feat. Quavo),Liam Payne
-0.19624543058683133,0.003501447716617091,0.06614022169407442,2564,0,Lost in the Fire (feat. The Weeknd),Gesaffelstein
-0.18822650505571714,-0.0263009293230323,0.07989301081690138,2574,0,Diva Yorgun,Melike Şahin
-0.21648931024976284,0.0014169892793464616,0.1030380588385026,2565,0,Can't Get Enough,Jennifer Lopez
0.5183631288474104,-0.27069838215053055,-0.04695640082965823,2573,0,Dilemma,Nelly
-0.0915499641991857,-0.10047946061891724,0.010275693922553862,2568,0,20 Tragos,Yián
-0.21899575529921642,0.003192658730683501,0.10640039069485549,2572,0,My wrist (with Young Thug),Yeat
-0.1602876752789259,-0.04893403796609565,0.0522198859142944,2571,0,GigaChad Theme - Phonk House Version,g3ox_em
-0.13787557097721412,-0.010510889898809285,0.0008080276235719988,2562,0,Jackie Chan,Tiësto
-0.20696800095438986,-0.0047960674206553805,0.0908267365535646,2563,0,Words (feat. Zara Larsson),Alesso
-0.17177108027939417,-0.025148957115664814,0.05485460617898648,2576,0,Bombonzinho - Ao Vivo,Israel & Rodolffo
-0.1060538913523794,-0.08013642286588514,0.009731360341902726,2579,0,OJALÁ,Maria Becerra
-0.1940084788403425,0.09477172429528141,0.017513085112810682,2577,0,Bejeweled,Taylor Swift
-0.10997522520225392,-0.06317695998849951,0.0014154287181242162,2580,0,Back for More (with Anitta),TOMORROW X TOGETHER
0.0324360840369314,-0.1609177298985094,-0.04861422984763494,2584,0,Heaven,Kane Brown
-0.20825187108623716,-0.0045309288444917795,0.09347437684863061,2587,0,FERXXO 151,Feid
0.1320367816703434,-0.16514793230385186,-0.1161242239829058,2586,0,Young And Beautiful,Lana Del Rey
-0.19717016398891388,0.00018059740036525137,0.0697938657559465,2578,0,United In Grief,Kendrick Lamar
0.08299782889881503,-0.18528178698021258,-0.06003569321456012,2588,0,Drunk in Love (feat. Jay-Z),Beyoncé
-0.025833926779628504,-0.115161210657798,-0.04710545870902657,2596,0,Kaikai Kitan,Eve
-0.1929090085014062,-0.02061667131897931,0.07926253630604804,2603,0,Opp Stoppa (feat. 21 Savage),YBN Nahmir
-0.0816011962726799,-0.07673201291236897,-0.023210688400868137,2594,0,Mary On A Cross,Ghost
0.27390145384274445,-0.13667077489930188,-0.1748965588260083,2591,0,Go Fuck Yourself,Two Feet
-0.21384495013707122,0.01992880441246048,0.08577830422903557,2593,0,PLIS,Camilo
-0.17759087577973812,-0.006282143556083485,0.04879449120744665,2605,0,Antidepresan,Mert Demir
0.05242781717185834,-0.17626038867444038,-0.05357388571616512,2592,0,Rise,Jonas Blue
0.12703606551635388,-0.12819505979998444,-0.1401958127471316,2606,0,Summertime Sadness,Lana Del Rey
-0.18555873322242294,-0.00044483837928527075,0.05322682019876982,2601,0,8:00 AM,Nicki Nicole
-0.19934327971099833,-0.014215971962266373,0.08474504217439868,2597,0,Double Fantasy (with Future),The Weeknd
-0.22190762755577106,0.006402037748917084,0.10956035767669899,2590,0,Jungle,Alok
-0.13125242399950493,0.2674635477823689,-0.07196016897202685,2602,0,Thank You for Being You,OctaSounds
-0.2130663025597172,-0.0001480458803661984,0.09856563959200929,2614,0,Wild as Her,Corey Kent
0.0956982247351885,0.19741668888338623,-0.2511265641169838,2611,0,Beautiful (feat. Camila Cabello),Bazzi
-0.21958768362968997,0.0067836331595219415,0.10458217978743768,2616,0,Black Friday,Tom Odell
-0.058366213879844975,-0.12063780010424507,-0.00872469397945924,2613,0,Summertime Sadness (Sped Up),Lana Del Rey
-0.063839102408467,-0.11561395295013491,-0.008157091492445168,2618,0,Ignorantes,Bad Bunny
0.3466289435778619,-0.25482966607334884,-0.08924454216388637,2610,0,Break Free,Ariana Grande
0.057732035116942956,-0.0987240774422859,-0.12162368670302036,2615,0,"Nathy Peluso: Bzrp Music Sessions, Vol. 36",Bizarrap
-0.2173170748188406,0.003601047963605969,0.1025942138611146,2609,0,WY@,Brent Faiyaz
-0.19115492929912895,-0.012807266568973179,0.06984805131206426,2608,0,Acapulco,Jason Derulo
-0.1888943776045401,0.0005951053855810625,0.05670665684377726,2612,0,GHOST TOWN,Benson Boone
-0.045214428163671994,-0.12864120216504862,-0.012427385294418055,2625,0,Bande organisée,Kofs
-0.1650010302401581,-0.04179897836752323,0.05312623072990258,2634,0,Only Human,Jonas Brothers
0.06379219700089771,-0.11582100312291375,-0.11218571751935895,2627,0,Daddy Issues,The Neighbourhood
-0.1883473577033826,-0.014259392547724726,0.06689986515761234,2624,0,Cha Cha Cha,Käärijä
-0.18908258391886573,0.009725506308129926,0.05332885229040766,2633,0,Raining In Manila,Lola Amour
-0.12111627426943644,0.19772274491267852,-0.09476175415208565,2626,0,"Feels (feat. Pharrell Williams, Katy Perry & Big Sean)",Calvin Harris
-0.01741585520825767,0.3636114177406142,-0.10572803715504663,2620,0,Another Love - Tiësto Remix,Tom Odell
-0.14764428875264382,0.14895139072880867,-0.055781763834676375,2631,0,"His & Hers (feat. Don Toliver, Lil Uzi Vert & Gunna)",Internet Money
0.1844509351661407,-0.20151993023895193,-0.09899849024371042,2629,0,Tu Aake Dekhle,King
0.49756852257860706,-0.12385407839435784,-0.18255183273177455,2619,0,Viva La Vida,Coldplay
-0.2223254295774656,0.006472780312807494,0.11011753140420309,2623,0,Nice to Meet You,Imagine Dragons
0.03809178499029511,-0.17158209218590287,-0.0420746041536864,2622,0,Verte Ir,DJ Luian
-0.1621992197339622,-0.024933221103824697,0.035807073733184605,2642,0,Pink + White,Frank Ocean
-0.1648292234269829,0.08848242392738954,-0.016911478811193124,2640,0,Mother,Meghan Trainor
-0.20686135119829122,-0.0007921548335219648,0.08869593172576888,2654,0,FLASHBACK,Favé
-0.12530321282329213,0.057857523409514805,-0.04566349261416978,2646,0,Space Song,Beach House
-0.10083837779012372,-0.08965427181281531,0.00924965411521216,2649,0,Chill Bill,Rob $tone
0.016478535417097408,-0.12491301366220203,-0.06689698764524249,2636,0,My Way,Calvin Harris
-0.21937987961056063,0.009093086845962078,0.10262354424115508,2653,0,Big City Life,Luude
0.5536842794717778,-0.27792466677734046,-0.034840779161921645,2651,0,'Till I Collapse,Eminem
-0.011636399347540495,-0.039618479769652735,-0.10881472039503404,2655,0,No Hands (feat. Roscoe Dash & Wale),Waka Flocka Flame
-0.20679987210096318,-0.005307673943303397,0.09070301002958839,2635,0,Jumbotron Shit Poppin,Drake
-0.12360075036657317,-0.044003157962830865,0.002534838588587638,2648,0,La Nota,Manuel Turizo
0.04333773727707676,-0.16922361360686553,-0.027970201194028512,2644,0,Amor A Primera Vista,Los Ángeles Azules
-0.21888902331911086,0.0030710658786681586,0.10629626303895619,2647,0,Solo,Myles Smith
-0.14346983614062392,-0.03589650791326497,0.017952594797512694,2639,0,UNFORGIVEN (feat. Nile Rodgers),LE SSERAFIM
-0.17277423625576124,0.17042516546223627,-0.012195798289972285,2652,0,นี่มันหน้าร้อนหรือน่ารัก,bonnadol
-0.22321521977440362,0.007086872216938439,0.11152020593275672,2638,0,Sex Music,Tank
-0.005851051289071196,-0.150882273426153,-0.023899219301652053,2661,0,Porfa,Feid
-0.20797365638130866,0.012931225846778027,0.07929695310743197,2671,0,P power (feat. Drake),Gunna
-0.18422156428941305,-0.007986015727899367,0.055598705094774804,2673,0,I Can See You (Taylor’s Version) (From The Vault),Taylor Swift
0.8081400776340446,-0.16288104288664437,0.12411931713952205,2672,0,Dernière danse,Indila
-0.11577860950778256,0.1741514660063945,-0.0894165333888186,2670,0,Fight Song,Rachel Platten
-0.15407419784390355,0.20778550527436607,-0.03645447635815895,2662,0,Satu Rasa Cinta,Happy Asmara
-0.024582263637919353,-0.12953562960527507,-0.03512062785537133,2665,0,South of the Border (feat. Camila Cabello & Cardi B),Ed Sheeran
-0.18584736686577452,-0.017610867319922764,0.06512377338927405,2668,0,Losing It,FISHER
-0.20903685689919,0.02951765930470554,0.070059250968984,2657,0,MATHEMATICAL DISRESPECT,Lil Mabu
-0.12113365587297348,-0.0528213640856143,0.003073465986595505,2660,0,Swervin (feat. 6ix9ine),A Boogie Wit da Hoodie
-0.1478378811623242,0.08456606441939428,-0.03797123517104595,2669,0,Dick (feat. Doja Cat),StarBoi3
0.13965988097327023,-0.207113455677463,-0.07302318532864761,2664,0,Perfect Strangers,Jonas Blue
0.25069075176411043,-0.23663952515022407,-0.09765010396497911,2663,0,Hey Brother,Avicii
-0.1098086617336519,-0.08841116324609241,0.025131575083260218,2659,0,Otra Noche,Los Ángeles Azules
0.4322011033493981,-0.10332643399721464,-0.0670142678069997,2656,0,Yet To Come,BTS
-0.20241456812141945,-0.01224775447605684,0.08854144372130451,2658,0,When I’m Gone (with Katy Perry),Alesso
-0.15829959488995077,0.08455788611557076,-0.014230671065026073,2691,0,Girlfriend,Ruger
-0.17851009959556668,0.009233766961270196,0.037933011179880426,2680,0,WATATI (feat. Aldo Ranks) [From Barbie The Album],KAROL G
-0.1651524672101849,0.001023851456449497,0.025150585534549096,2676,0,911,Fuerza Regida
-0.2145639935033781,0.013778279931448225,0.09057161157645624,2688,0,Always,Daniel Caesar
-0.14537824944076977,-0.01330159958086624,0.00610737714581806,2681,0,YKWIM?,Yot Club
-0.15447396902612975,-0.03956313519581394,0.03847295295724971,2686,0,Damage,H.E.R.
-0.13983603057841915,0.16412926046313242,-0.060940691796468036,2687,0,Rags2Riches 2 (feat. Lil Baby),Rod Wave
0.37338063642992014,-0.23528822747850525,-0.09825303995438812,2679,0,Bellyache,Billie Eilish
-0.14145037883220687,-0.015391504801593967,0.004845479836380796,2685,0,No Wahala,1da Banton
0.08856282454233783,0.0274664740747306,-0.20640602348202572,2678,0,Wait a Minute!,WILLOW
-0.14147833156178663,-0.06314686230150791,0.04363166514342041,2675,0,HONEY BEES,Hachi
-0.05996386670033094,-0.1200887916960993,-0.006787626183973465,2682,0,Gypsy,G.D. Kaur
-0.17679054647630021,0.08108848264075573,-0.0009232854211024126,2690,0,Ojos Marrones,Lasso
-0.18511395182493198,0.0382740409115952,0.029830275310352185,2684,0,WASTE,Kxllswxtch
-0.12865807823416425,-0.05587138013474164,0.015776541807994975,2674,0,512,Mora
0.1585486334135112,-0.20655843204908914,-0.06880226630827455,2705,0,Síguelo Bailando,Ozuna
-0.20855884990738813,-0.0028736555618095547,0.09248026817743996,2699,0,Arranca (feat. Omega),Becky G
-0.10377115177169026,-0.048024002015951424,-0.016868643643275824,2698,0,The Family Madrigal,Stephanie Beatriz
0.019180361035650326,-0.10817067309844026,-0.07972780440867305,2702,0,Hasta Abajo,KEVIN ROLDAN
-0.20729608254756024,-0.0022580717660831795,0.08907185213793174,2701,0,Flawlëss (feat. Lil Uzi Vert),Yeat
0.4447210798027754,-0.2796657396564465,-0.06376290271584416,2700,0,Bon Appétit,Katy Perry
-0.18105827518061018,0.01147800744582344,0.04160104815834894,2704,0,I'm the One,DJ Khaled
-0.06629834157373175,-0.014335391556730625,-0.07777492743158729,2693,0,Stay With Me,1nonly
-0.11151176104108483,-0.04420513034644622,-0.014759157394044304,2697,0,Typa Girl,BLACKPINK
0.014244427561675816,-0.08667920569177387,-0.09728542396496745,2703,0,Ayy Macarena,Tyga
-0.1676383066784589,-0.03132929396205201,0.05025672468729345,2692,0,ELA PIROU NA DODGE RAM,Luan Pereira
0.163383409564148,-0.1836974102698686,-0.10032674954806427,2695,0,Party In The U.S.A.,Miley Cyrus
-0.11026146094490423,-0.08358060763644962,0.015286731405306219,2724,0,Wet Dreamz,J. Cole
-0.13020556732613953,-0.07365197299676965,0.03473482277364606,2709,0,Dhani Ho Sab Dhan,Pawan Singh
0.09741055911730072,-0.16020952036446504,-0.09815510975515726,2715,0,Next Level,aespa
-0.08924753519434693,-0.09471815042116362,0.005466575280539166,2712,0,Whiskey Glasses,Morgan Wallen
-0.20137197748110514,-0.01005782709882261,0.08595178818635084,2719,0,Esta Vida,Marshmello
0.039246419027814235,-0.16276294768132837,-0.05739242760543106,2720,0,Shotta Flow [Remix],NLE Choppa
-0.19116919763647827,-0.015803581855355287,0.07528150775627218,2711,0,Bolide allemand,SDM
-0.0637686549636614,-0.10235451576241189,-0.019079664311982904,2706,0,Amor Tumbado,Natanael Cano
-0.20358400563326629,-0.007025394585601857,0.08609816704605489,2723,0,New Gold (feat. Tame Impala and Bootie Brown),Gorillaz
-0.19206537715664707,-0.018430512504044955,0.07600291572220594,2718,0,MANIAC,VIVIZ
0.11723146434338447,0.5252230589742353,-0.1859467672839915,2725,0,Don't Mind,Kent Jones
-0.21726690817279348,0.002236414659218187,0.1037569404311247,2721,0,Dientes,J Balvin
-0.17957379928429884,-0.01358418466224944,0.054719327644299404,2717,0,Look Alive (feat. Drake),BlocBoy JB
-0.19170181962146668,-0.009335825490006304,0.06849705327708104,2714,0,Midnight Rain,Taylor Swift
0.05589087230877358,0.12299619107838676,-0.18642380893869356,2713,0,"Lagdi Lahore Di (From ""Street Dancer 3D"")",Guru Randhawa
0.007847620792240594,-0.13698610369879458,-0.05035106807014481,2716,0,A Mí,Rels B
-0.2192830452491094,0.003389751109287999,0.10714553697492236,2737,0,Burn It Down,Parker McCollum
-0.1800036325671728,0.030994348387577305,0.028321140369394218,2735,0,Tu Fan,mafalda cardenal
0.027175088862310123,0.5098132472098386,-0.18956926671567345,2731,0,Whole Lotta Choppas,Sada Baby
-0.0750357234708459,-0.09063904260811444,-0.018202964774364505,2738,0,Heartless,Kanye West
-0.1605440204210821,-0.04759809918823152,0.05140358185549563,2733,0,Skate,Bruno Mars
0.11161341434603146,-0.17960387564959487,-0.09030354897263611,2727,0,Mercy,Shawn Mendes
0.207756767438488,0.5068344016083228,-0.2936887177310112,2729,0,Dame Tu Cosita (feat. Cutty Ranks),El Chombo
-0.03554555686443999,0.08053412414646646,-0.13360546428781195,2734,0,Mount Everest,Labrinth
-0.19536357487693087,-0.01941140844380226,0.08387841183718943,2736,0,Escándalo,Ñengo Flow
-0.20700971845624672,0.004526477051394721,0.08476750119168237,2743,0,LAISSE MOI,KeBlack
-0.15884906818235103,0.0027375413648735394,0.013284947393600123,2739,0,Baianá,Bakermat
-0.04324308314194154,-0.11786590270986003,-0.0243274600777328,2751,0,Homicide (feat. Eminem),Logic
-0.1745200110205553,-0.028833091176546026,0.060689141234641954,2755,0,More Than My Hometown,Morgan Wallen
-0.10143586080458993,-0.08321009003618621,0.004894579038996118,2740,0,Work Out,J. Cole
-0.1562222011690189,0.16772393979321423,-0.0503213083034076,2746,0,Fall In Love Alone,Stacey Ryan
-0.04021312316391238,0.047937495466615826,-0.12318734032967309,2752,0,Plain Jane,A$AP Ferg
-0.18861355904946056,-0.015047811024418952,0.0675120304431879,2745,0,ORANGE SODA,Baby Keem
-0.011656554593088128,0.4831502564396294,-0.1533784703798131,2753,0,Clap For 'Em (feat. Flo Milli & Sada Baby),YungManny
-0.07600322597113805,-0.09847316037524202,-0.010599447221670253,2749,0,Righteous,Juice WRLD
0.16420616608082578,-0.1617695637781778,-0.11454496186108172,2742,0,Tú Foto,Ozuna
-0.1377720605860459,-0.06001649904925493,0.03153327568746035,2748,0,Casei Com a Putaria,Mc Paiva ZS
-0.20349042137060913,-0.011416058318790667,0.08970472224554928,2754,0,9mm,Memphis Cult
0.7013981452593111,-0.16123829486213057,0.08916760757853687,2741,0,SOLO - Live,BLACKPINK
-0.06743558342815326,-0.011778877035718803,-0.07786670103422622,2759,0,Envy Me,Calboy
-0.20255995167174498,-0.010640301022474057,0.08755097442561138,2773,0,vendetta!,MUPP
-0.19673103060674668,0.0232113073379711,0.055651251188096135,2775,0,Tá OK (Remix),DENNIS
-0.20853109626442745,-0.005709367250097185,0.0939635313421646,2756,0,I'll Be Waiting,Cian Ducrot
-0.15157153819466793,0.03141321074789521,-0.012169030346817603,2757,0,Untitled #13,Glwzbll
-0.12470744195303637,-0.06907712959391948,0.02419989170128493,2767,0,El Belicon,Peso Pluma
-0.22215794200533534,0.006837600994583096,0.10959083586204946,2764,0,imgonnagetyouback,Taylor Swift
-0.20687492881744388,-0.007123595220431634,0.09237588073321641,2772,0,Roses (with Juice WRLD feat. Brendon Urie),benny blanco
-0.13282610174202156,-0.07243839263086382,0.040080585062234185,2769,0,BANZAI!,Kazuo
-0.07518528929762022,-0.09321298787384535,-0.016236491779563236,2763,0,One Thing Right,Marshmello
0.19099451011463145,-0.1814639667167237,-0.12493625105095232,2771,0,Wildest Dreams,Taylor Swift
-0.0303896093167951,-0.12944368536809164,-0.028680992932046342,2765,0,What About Us,P!nk
0.7227293873310647,-0.2131559490633916,0.07857221123371226,2768,0,On The Floor,Jennifer Lopez
-0.17472763710077696,-0.006962184965920034,0.04308101962617824,2761,0,Mentalité,Baby Gang
-0.01680116025945243,-0.0800569599773684,-0.07900955296462503,2766,0,"Taki Taki (with Selena Gomez, Ozuna & Cardi B)",DJ Snake
-0.07507360249288492,0.2328155534669686,-0.13166382401070895,2787,0,Captain Hook,Megan Thee Stallion
-0.18134892666795874,-0.025741334574327694,0.0652982526612901,2785,0,Time Today,Moneybagg Yo
-0.09237480818732388,-0.07934950693154573,-0.00814997735533175,2790,0,Hold Me While You Wait,Lewis Capaldi
-0.21665414840082856,0.003341718858013236,0.10217103227853633,2779,0,messy in heaven,venbee
-0.1638485375444747,0.07495767407930537,-0.015856382824600276,2786,0,Coming for You (feat. A1 x J1),SwitchOTR
-0.13418169140050482,0.25308359009048176,-0.08785815458420314,2783,0,Toxic Pony,ALTÉGO
-0.0312125608829528,-0.13539487183760168,-0.01549162843324898,2791,0,Aquí Abajo,Christian Nodal
0.07978320556141731,-0.17908305436897193,-0.07037059891807369,2784,0,Whistle,Flo Rida
-0.17774874148856973,-0.02203714987410374,0.059909998356119785,2781,0,اختياراتي - من فيلم مستر إكس,Ahmed Saad
-0.048302564300872784,-0.10359781762975076,-0.03584798945659839,2782,0,Leave Me Alone,Flipp Dinero
-0.1957052898472147,-0.018253937559268258,0.08191508682992484,2804,0,In My Head,Lil Tjay
0.02120613820468759,-0.12673979545410546,-0.060919068932487115,2808,0,Plan A,Paulo Londra
-0.18209692715585693,0.134521190359041,0.002717831864102998,2802,0,GoodSin,Olivetheboy
0.30326422013423154,0.15017375033695046,-0.3086612711716359,2805,0,River,Bishop Briggs
0.3848572278158913,-0.2655769857026355,-0.0802761334239291,2801,0,Dil Diyan Gallan,Atif Aslam
-0.1954495532877941,-0.016572723375425483,0.08099266100281567,2810,0,Little Bit of Love,Tom Grennan
0.026096973722111703,-0.10145449576890875,-0.09188310082893104,2809,0,I Knew You Were Trouble.,Taylor Swift
0.29657200650804955,-0.2329443276582767,-0.11360924097059852,2796,0,The Real Slim Shady,Eminem
0.1801978991264832,-0.17931763513856636,-0.09377513706575123,2807,0,Left and Right (Charlie Puth) [feat. Jung Kook of BTS] - Sped Up Version,sped up nightcore
-0.027719632415916993,-0.12186294139891062,-0.038978069934867667,2799,0,Save Me,Jelly Roll
0.007243570598609703,0.042957508462949996,-0.1555176897098928,2803,0,ทน,SPRITE
-0.18838770216991757,-0.01881234581751778,0.0729734523664753,2797,0,Ni Me Debes Ni Te Debo,Carin Leon
-0.13519831218094225,-0.0664102289551758,0.042938920147488985,2816,0,Ya No Vuelvas,Luck Ra
0.26755999697485733,-0.24053288212723775,-0.09764212384704446,2815,0,Scared To Be Lonely,Martin Garrix
0.1558795304031915,-0.19301445768277842,-0.09996424640430993,2819,0,Un Año,Sebastian Yatra
-0.14706321609118983,-0.052713408989961616,0.03695890435654534,2814,0,21,Polo G
-0.13459198252691287,-0.007460965190975408,-0.010499416386320442,2817,0,I Gotta Feeling,Black Eyed Peas
-0.21248147040867393,0.02382818289202055,0.07943078446498514,2818,0,NOSTYLIST,Destroy Lonely
-0.18839591923684298,-0.018901344892087196,0.07025631647333294,2820,0,SO DONE,The Kid LAROI
0.08956563617755509,0.6245378259618581,-0.18099646979476325,2813,0,The Boat Beat,Ricky Desktop
0.08621100550508241,-0.18962035877087993,-0.03977775754374267,2835,0,No Es Justo,J Balvin
-0.18727407963362228,-0.010674575453092921,0.06219896008115954,2840,0,New Jeans,NewJeans
0.25376261717932447,-0.2146111129899889,-0.11254396665086605,2825,0,WANNABE,ITZY
-0.18788708262444995,0.029447824649560656,0.03833434458150948,2836,0,Champagne Poetry,Drake
0.15349837751391393,-0.17032261120810221,-0.10422011763002563,2823,0,Imitadora,Romeo Santos
-0.1866221264143091,-0.020694235220458525,0.06936035165754419,2830,0,20 Min,Lil Uzi Vert
0.16098615997653362,-0.21459190659965585,-0.061886542532243474,2834,0,Ya No Tiene Novio,Sebastian Yatra
-0.06079165726488476,-0.08467858540406659,-0.03180964082034187,2838,0,Your Power,Billie Eilish
-0.19127197206054306,-0.0043621587968781204,0.06683500872600115,2827,0,PERO TÚ,KAROL G
-0.07056058569055086,0.14355686532288295,-0.13500278596942247,2833,0,N'y pense plus,Tayc
-0.041352488210614144,0.08208642245057823,-0.13873660239797386,2831,0,Body,Megan Thee Stallion
-0.21942791618284052,0.00479811741516344,0.10606124183592912,2822,0,Where You Are,John Summit
0.2931155655618798,-0.2319177665081868,-0.10294962933479049,2821,0,Scream & Shout,will.i.am
-0.20453723090369796,0.029831298154083422,0.0629360286157212,2829,0,Princess Diana (with Nicki Minaj),Ice Spice
0.059562915237199324,-0.17782158772526008,-0.05948265525739091,2852,0,This Is Me,Keala Settle
-0.04299132758207096,-0.12402817125153805,-0.020998968379012387,2849,0,QUE PRETENDES,J Balvin
0.029183726794842213,0.46903928155381786,-0.19722607802388106,2842,0,The Chicken Wing Beat,Ricky Desktop
0.010394587853676869,-0.1507293096548965,-0.04259599643320869,2845,0,Baila Baila Baila,Ozuna
-0.22165744741378357,0.005673122874521261,0.10957742083572146,2847,0,Ms. Jackson,Pashanim
-0.20651552597660058,-0.009966611163130327,0.09508752356411504,2853,0,Sin Tanto Royo,Luis R Conriquez
0.3120045538830647,-0.22406919358245195,-0.1024127827248456,2851,0,Psycho,Red Velvet
-0.22181970663060827,0.008567067141325914,0.10740734988677722,2843,0,Rhyme Dust,MK
-0.19823668526207347,0.08336995102931073,0.028336343261883307,2864,0,Loco,Justin Quiles
-0.19053355266223232,0.0027510481895923703,0.06069955046722379,2865,0,Siempre Pendientes,Peso Pluma
-0.20827090631872264,0.002637134727198883,0.0868903390888842,2867,0,Slut Me Out,NLE Choppa
-0.2127528739143572,0.0610840976886374,0.06541867005614667,2859,0,Real Love,Martin Garrix
-0.11732289278118972,-0.06947613961350206,0.016025748062547945,2856,0,A Tu Merced,Bad Bunny
-0.12226226626107262,-0.0194004998292789,-0.01609040271040645,2863,0,Cake By The Ocean,DNCE
0.07619802491426139,-0.1688365880104726,-0.07577153591421404,2857,0,Exchange,Bryson Tiller
-0.1890303109271045,0.053962550973691036,0.02982411560015179,2868,0,Wasted Love (feat. Lagique),Ofenbach
-0.1233263085684279,-0.07446715502208155,0.029296962828412872,2862,0,She Got the Best of Me,Luke Combs
-0.1013701134984038,-0.09404427911717256,0.022015180168995264,2866,0,Y Si Se Quiere Ir,"Luis Angel ""El Flaco"""
-0.08982724009953891,-0.08862341275199287,-0.0037114290384373154,2854,0,Camelot,NLE Choppa
0.07650875310399625,0.5680454816981241,-0.19989453826978223,2861,0,Stuck In The Middle,Tai Verdes
-0.20120579603145178,-0.004371436958207049,0.08014530894934298,2860,0,Step Back!,1nonly
-0.03904570386886587,-0.12100177340343515,-0.028754109893173237,2855,0,怪物,YOASOBI
0.26808303202061995,-0.24356876515502637,-0.08548046752897466,2881,0,Mi Cama,KAROL G
-0.2236666621139672,0.007598103438999125,0.11190295763778452,2884,0,True Love,Kanye West
-0.15164791595452934,-0.003928805374675517,0.011201322445349004,2877,0,La Triple T,TINI
-0.029057087488124224,0.35562082383927146,-0.18947918101362635,2876,0,Car's Outside,James Arthur
-0.0856994894154053,-0.01168127352254466,-0.05935228420531708,2873,0,Paradise,Coldplay
-0.17716403592974367,0.037582074721312954,0.019057406462008833,2888,0,Devil Doesn’t Bargain,Alec Benjamin
-0.17040035793383973,-0.020902251361662193,0.051534243144758435,2887,0,Vamos Aclarando Muchas Cosas - En Vivo,Codiciado
-0.12328117029837483,-0.06580890522390101,0.017194312367867594,2880,0,Peru,Fireboy DML
-0.15915598470727046,-0.04646744527487455,0.05691092730655816,2871,0,Haja Colírio (feat. Hugo & Guilherme) - Ao Vivo,Guilherme & Benuto
-0.2121110057475876,0.014214541164095658,0.08629640733783762,2872,0,Just Pretend,Bad Omens
-0.21772501695147142,0.001793338890639845,0.10501758628738748,2870,0,older,Isabel LaRosa
-0.050291057394423695,-0.0765937954645284,-0.0549825253460413,2878,0,Glorious (feat. Skylar Grey),Macklemore
-0.20937199733840708,-0.000138136037981769,0.09130071519825712,2875,0,Alone,Burna Boy
0.057866078473710066,-0.1718596622772795,-0.06465948024465716,2885,0,Delicate,Taylor Swift
-0.044240576667155314,-0.12105259741297368,-0.02410845461447013,2899,0,Ni**as In Paris,JAY-Z
-0.20942719737948204,-0.004987119472854336,0.09493217299831964,2894,0,On The Radar Freestyle,Drake
-0.2136927094625489,-0.0024138183522352,0.10104200802709427,2906,0,Forever (feat. Fridayy),Lil Baby
-0.07304217190581848,-0.10040085202811781,-0.01370200408264021,2895,0,Bang Bang,Jessie J
-0.0023529583150380205,-0.09989840197776331,-0.07516776823742594,2890,0,Reminder,The Weeknd
-0.217578896747642,0.010327243713890436,0.09799769139147008,2908,0,"""Slut!"" (Taylor's Version) (From The Vault)",Taylor Swift
-0.1814652568336551,-0.02916596317121954,0.06817559991869723,2901,0,Yo No Soy Celoso,Bad Bunny
-0.18368518235073464,-0.024771783400108317,0.06888299639162326,2909,0,Head Shoulders Knees & Toes (feat. Norma Jean Martine),Ofenbach
-0.20439491493964548,-0.008502823794545155,0.08873490474633144,2907,0,JEALOUSY (feat. Cardi B),Offset
-0.1914253251433183,-0.01828020049905575,0.07498024843498595,2898,0,Clash (feat. Stormzy),Dave
-0.11226232227634815,-0.01673254235614303,-0.02887105721319598,2891,0,Salt,Ava Max
-0.015364576382563958,-0.03316453125536157,-0.11116944896313098,2900,0,Fire On Fire,Sam Smith
-0.2004261483843822,-0.010265432223054365,0.0880697497236719,2903,0,Shoong! (feat. LISA of BLACKPINK),TAEYANG
-0.15501078856736822,0.006678867348311726,0.006356484717874394,2931,0,"Leave Em Alone (Layton Greene, Lil Baby feat. City Girls, PnB Rock)",Quality Control
-0.22329252650444273,0.007405232219629913,0.11135564269691854,2919,0,Boyz In Paris (with VINAI),Marnik
-0.17443751613695435,-0.024918353479174794,0.05348973199870252,2929,0,3 Nights,Dominic Fike
-0.20575247125899077,0.042393727016032896,0.06179325819854237,2928,0,Ngozi,Crayon
-0.16694534301798297,0.15372228423641957,-0.018008891825017168,2915,0,Single Again,Harmonize
-0.1596725032530392,-0.01889469632370152,0.027721562556257618,2927,0,July,Noah Cyrus
0.16216808721597006,-0.18610075823964045,-0.08574692796954646,2911,0,Perro Fiel (feat. Nicky Jam),Shakira
-0.14239928338907784,-0.04187727264253542,0.026285371634793095,2930,0,Andamos Mejor,Los Gemelos De Sinaloa
0.4345263372529253,-0.25828027285625976,-0.08798897133297773,2921,0,Drag Me Down,One Direction
-0.13518084969433533,-0.050967889664357016,0.02284357972148036,2918,0,Tu Turrito,Rei
-0.13197646633887242,-0.06928294837459532,0.03965846561113136,2922,0,По барам,ANNA ASTI
-0.21488738898122706,0.04917010970140793,0.07044217158651458,2923,0,Meet Me At Our Spot,THE ANXIETY
-0.18878784835183512,0.12331480518480913,0.008285757347884193,2926,0,Get Off The Wall,Philly Goats
-0.12981474209972654,-0.016748873412929684,-0.009562521859863407,2925,0,It'll Be Okay,Shawn Mendes
-0.16620315949410278,-0.013141178351954944,0.03408666163903568,2924,0,"Cayó La Noche (feat. Cruz Cafuné, Abhir Hathi, Bejo, EL IMA) [Remix]",La Pantera
0.5019334308514255,-0.22322631521987357,-0.1059411004289765,2916,0,Stereo Hearts (feat. Adam Levine),Gym Class Heroes
-0.22021610676529596,0.012088489219418465,0.10207108549305584,2912,0,Tuesday (feat. Drake),ILOVEMAKONNEN
0.195065996903308,-0.20696826759488696,-0.09480897880497409,2920,0,Killshot,Eminem
-0.1814994501267018,-0.026060582491582555,0.06541240686562809,2917,0,Cartão Black,MC Caverinha
-0.19356442836295892,-0.009235158857762155,0.07197637277399499,2932,0,Drama (feat. Drake),Roy Woods
-0.1385699163472713,-0.049583970380168346,0.023021922572543114,2935,0,Entre Nosotros,Tiago PZK
0.06669931161415232,-0.17238906580072513,-0.06591800917100592,2944,0,Lucky You (feat. Joyner Lucas),Eminem
-0.21576858412827524,0.00011357585927359781,0.1028704618349561,2938,0,Fruto,Bizarrap
-0.1959006818168745,0.09908707815050663,0.02883533064273333,2934,0,Bandana,Fireboy DML
-0.20256542027671964,0.0052109203879287976,0.0749906545997961,2936,0,the perfect pair,beabadoobee
-0.17961003107398751,-0.01915319712397176,0.0566258863323508,2948,0,F.N.F. (Let's Go),Hitkidd
-0.13505503023570983,0.2613734492974897,-0.06742127525008966,2942,0,Falling Angel,HCTM
-0.1290960422970201,-0.05205452386207002,0.01212140649721121,2946,0,Sofia,Clairo
-0.20855951887383245,0.02361131801383333,0.07300203320417567,2943,0,Speed Drive (From Barbie The Album),Charli xcx
-0.22182889720073834,0.006731668427654705,0.1090221259753867,2939,0,A N X I E T Y (feat. Doechii),Sleepy Hallow
0.11747423099393217,0.5420547313811397,-0.18824760938908056,2949,0,Forever,Labrinth
-0.2026192779657764,-0.011930157181075391,0.08869410068998237,2933,0,Silent Hill,Kendrick Lamar
-0.19031355434797967,0.07303361870119165,0.02407247483620627,2950,0,The Autotrem 1.0,DJ RICK 013
-0.08176802239042032,-0.06782292650039529,-0.02735344210167073,2962,0,Attention,NewJeans
-0.18030506848355535,-0.00506428880365038,0.05123318837610484,2969,0,Halls na Língua,Kadu Martins
-0.2157383427526265,0.0014123580396100195,0.10200290749033972,2964,0,21 Reasons (feat. Ella Henderson),Nathan Dawe
-0.1902572965616089,0.12666408202205665,0.014889914518780932,2975,0,Yeshua (dance cruise),Dj Bentoa
-0.026333932939981694,-0.11617588848338888,-0.0442323777371725,2970,0,Rojo,J Balvin
-0.1058930028672298,-0.0423136792055948,-0.020807263025637172,2965,0,Wonder,Shawn Mendes
-0.1991492742893779,0.01830012233090439,0.06135618411613405,2967,0,Muñekita (with El Alfa & JT),Kali Uchis
-0.1765372734173672,0.004282864220891323,0.035760435320675014,2954,0,Midnight City,M83
-0.16731490580688604,-0.018557761092010922,0.040742565391707994,2953,0,Better Together,Luke Combs
-0.12376027963389039,0.08290015607741506,-0.06197393854291452,2952,0,Sal y Perrea,Sech
-0.18292152224291394,-0.02816139951188596,0.06969710771864263,2961,0,drunk text,Henry Moodie
-0.2077899871971007,0.00045207388080729753,0.0890542299043459,2959,0,UNA NOCHE EN MEDELLÍN - REMIX,KAROL G
0.2035581302232559,-0.23107982676353891,-0.07615860419093559,2974,0,Ginza,J Balvin
-0.10358378762410855,-0.09186694077719364,0.0160167339414107,2960,0,Hari Hari Odhani,Pawan Singh
-0.2065973269605133,-0.009899219139743936,0.09509596851158147,2956,0,AM Remix,Nio Garcia
-0.028706939252751217,-0.1253475152444639,-0.03064656305996529,2951,0,Baby Me Atende,Matheus Fernandes
0.12521775147026265,-0.20554867919788322,-0.05581979286024729,2972,0,Hello Koun,Ritesh Pandey
0.09237520976885391,-0.19516791805217554,-0.05445432148605138,2958,0,La Jeepeta,Nio Garcia
-0.15136625328711592,0.058821989968636405,-0.011722805902845475,2994,0,Jumpman,Drake
-0.17258412949969143,0.17542586459254364,-0.030751232099614292,2991,0,die,lucidbeatz
-0.21439623202026029,0.006468865511308605,0.09514383136749803,2990,0,Late At Night,Roddy Ricch
-0.21636027559079699,0.0025033038586528616,0.10205643328785001,2992,0,Blank Space (Taylor's Version),Taylor Swift
-0.07079212390774213,0.11887903310136957,-0.12142564491728954,2976,0,Dancing in My Room,347aidan
0.0035625439851901895,-0.15371629400175119,-0.027624462147324107,2983,0,Wild Ones (feat. Sia),Flo Rida
-0.15891844297088867,-0.0379296170322997,0.04196880207463619,2977,0,Heartless (feat. Morgan Wallen),Diplo
-0.15918496101261648,-0.03353201248925015,0.037263233902768096,2981,0,CAKE,ITZY
-0.17950895282446835,0.11603970556185135,-0.009152492986431967,2993,0,I AM WOMAN,Emmy Meli
-0.19446788528478354,0.03320730236141511,0.04621101501303454,2986,0,Evergreen (You Didn’t Deserve Me At All),Omar Apollo
0.19431323106300524,0.4241130633207199,-0.2672078767262306,2987,0,Personal,HRVY
-0.21912061367805,0.002988575080343307,0.10711777880635187,2985,0,Lionheart (Fearless),Joel Corry
-0.16467121809389526,-0.04664824264029002,0.05759073930115208,2980,0,Nevermind,Dennis Lloyd
-0.053896473157105065,-0.07322143188668698,-0.049263016408827215,2989,0,Slow Hands,Niall Horan
-0.218892043871617,0.005026733901846387,0.10508901442814718,2984,0,I Wrote The Book,Morgan Wallen
-0.1932278600813465,-0.0018168317249519048,0.06672565148309811,3000,0,It's Plenty,Burna Boy
-0.07285990009858713,-0.10096492048658863,-0.01205549947965913,3002,0,Magnolia,Playboi Carti
0.39515539605805444,-0.1118204925002271,-0.19557633281287867,2998,0,Hot N Cold,Katy Perry
-0.19560187418462557,0.0013625310118770854,0.06627945813202818,3003,0,Matilda,Harry Styles
0.06115607500571216,-0.1730276838163011,-0.0644189653874586,3008,0,Why'd You Only Call Me When You're High?,Arctic Monkeys
0.3384314785620593,-0.25526349002792825,-0.09453034106633697,3001,0,Beauty And A Beat,Justin Bieber
-0.14455630201307404,-0.05700940225472701,0.03698036854898225,2995,0,Khalasi | Coke Studio Bharat,Aditya Gadhvi
0.07552962141637636,-0.14878879473846435,-0.0957512002681847,2997,0,Never Be the Same,Camila Cabello
-0.008983688087134265,-0.12817381429249552,-0.044325545619638154,3007,0,If I Can't Have You,Shawn Mendes
-0.08207913506666613,-0.0714760768778333,-0.023797106776166078,3009,0,Chica Ideal,Sebastian Yatra
-0.15172303480467395,0.021618541751961387,-0.005797387701808777,3016,0,august,Taylor Swift
0.2734825527519829,-0.21628336419945568,-0.11995779496563184,3012,0,FANCY,TWICE
-0.2178228674893908,0.0030128497822564195,0.10431162560585301,3023,0,MODERN JAM,Travis Scott
0.6767268500003936,-0.24353501361487245,0.008901090115534383,3011,0,I'm an Albatraoz,AronChupa
-0.19211781380478118,-0.01340611704517409,0.07318993940381698,3017,0,Seya,SativaMusic
-0.15669348959179163,-0.05065358071408953,0.05003264387176039,3014,0,Maybach (feat. Future),42 Dugg
-0.17577114217317893,-0.0354603269544634,0.06433868617815806,3013,0,Epidemic,Polo G
-0.16287091038894524,-0.041339318686174645,0.0495565217397544,3024,0,BOUNCY (K-HOT CHILLI PEPPERS),ATEEZ
-0.015682906513689886,0.03006112817098832,-0.1413493362333887,3018,0,My Type,Saweetie
0.1818917223273866,0.08668566235094416,-0.23321154423523444,3030,0,"She Don't Know (From ""Blessed"")",Millind Gaba
-0.2197646656675251,0.01051012126541605,0.10289957778187138,3032,0,Take My Name,Parmalee
0.04962898750643048,-0.17184709341853308,-0.05290000857831491,3031,0,Good Feeling,Flo Rida
0.339682730981171,0.7825654064460953,-0.20522889016643872,3035,0,Cool Kids,Echosmith
-0.13933698206091794,-0.05760369403980792,0.030040533703306328,3033,0,GATTI,JACKBOYS
-0.023835889110780027,-0.12561400120390986,-0.03383086237361469,3037,0,El Envidioso,Los Dos Carnales
-0.16547258281690652,-0.014868187551627245,0.03463685116496069,3036,0,AUTOMÁTICO,Maria Becerra
-0.18628509091459086,0.06901751019168746,0.02093788199665746,3028,0,Sability,Ayra Starr
-0.22136655410266728,0.013276330644704711,0.10275321641066566,3039,0,Praise The Lord (Da Shine) (feat. Skepta) - Durdenhauer Edit,Durdenhauer
-0.0008719874027064667,-0.09261123598060787,-0.07956496098843746,3053,0,Antidote,Travis Scott
-0.18472929427927656,-0.020720422416601884,0.06623165532696519,3050,0,晩餐歌,tuki.
-0.06440271306811919,-0.02653094581125858,-0.06862754368771831,3052,0,World Cup,IShowSpeed
-0.21338854712357974,-0.0024995702669779727,0.1004279489324608,3047,0,Summer Too Hot,Chris Brown
-0.17969953949238734,0.1542849519435783,-0.0037400213154666962,3046,0,ลองรักดูไหม,NOAH
-0.22387796782031172,0.007922401731525686,0.11205308975693874,3043,0,Aria,Argy
0.31709593612482934,-0.25774481253792525,-0.0680354575836826,3055,0,Tu Falta De Querer,Mon Laferte
-0.13373106571275764,-0.05836704923892508,0.029367419709130996,3044,0,Christmas Love,Jimin
-0.20750078915378578,-0.008151753826554276,0.0944281284250352,3057,0,Never Lose Me (feat. Lil Yachty),Flo Milli
-0.16721740146742572,-0.033962746868794906,0.05100980155737526,3040,0,Be Like That - feat. Swae Lee & Khalid,Kane Brown
-0.20198346302632633,-0.009924705552785918,0.0857015373433451,3041,0,all-american bitch,Olivia Rodrigo
-0.18588114766699892,-0.023117055132957087,0.070492703397604,3058,0,Drankin N Smokin,Future
-0.16935076173222408,-0.038728303192948156,0.05711601395132727,3049,0,Count Me Out,Kendrick Lamar
0.0287446758568758,0.5173198579277178,-0.17569946963258934,3045,0,"MHD: Bzrp Music Sessions, Vol. 44",Bizarrap
-0.20908945608619142,0.0001959270058726045,0.09195132591533382,3054,0,Exclusive.mp3,Emilia
-0.21487771726702284,0.009225669381732074,0.09350766517520709,3051,0,Pointless,Lewis Capaldi
-0.15880792399172436,-0.01677450022189563,0.02620383159433884,3059,0,Old Love,yuji
-0.1671264196192082,-1.4553525781854064e-05,0.02836491872966267,3075,0,Rover (feat. DTG),S1mba
-0.19676284815250994,-0.015665566520391336,0.08342035614614172,3077,0,Me Enteré,Tiago PZK
-0.08948516266919192,-0.0720326574897821,-0.013970326183850261,3061,0,La Tóxica,Farruko
-0.04750919576069077,0.3853959866460066,-0.170935952440644,3072,0,fast,Sueco
-0.16158765338420497,-0.006231016439745763,0.02204606541320311,3070,0,Truth Hurts,Lizzo
-0.209025626158347,0.01977390494843219,0.07856114916877258,3076,0,Calor,Nicky Jam
-0.15882660830829828,0.04172628418569872,-0.004367207808203527,3068,0,Aguacero,Bad Bunny
0.06539642142016287,-0.1814053033636409,-0.05476872021381951,3065,0,Quiere Beber,Anuel AA
0.20847811009534303,-0.10951526547764022,-0.1752310708867347,3066,0,My Ordinary Life,The Living Tombstone
-0.21136029967753667,-0.004193289256709178,0.0986610636774069,3067,0,Won't Forget You - Edit,Shouse
-0.20325116694485665,-0.005443227310763705,0.0850554196876319,3062,0,Enough,charlieonnafriday
0.4316274769999974,-0.2572463195304683,-0.07448131602007585,3064,0,Elastic Heart,Sia
-0.17692643512996595,-0.0305185010326097,0.061701264589110606,3071,0,Freaky Deaky,Tyga
-0.12615035640968011,-0.07610924277024815,0.029664999848139126,3079,0,Bhai Tera Gunda,Aman Jaji
-0.17978831341518434,-0.029188197075004692,0.06456904193746349,3089,0,Chasing That Feeling,TOMORROW X TOGETHER
0.34829334895263114,0.8722976003317452,-0.039433358674810765,3091,0,Coño (feat. Jhorrmountain x Adje),Puri
-0.19864711745230773,-0.01381550660337495,0.0838113963558598,3086,0,To. X,TAEYEON
-0.1998261341912503,-0.003971683668315889,0.07809118141531807,3083,0,2 Phones,Kevin Gates
-0.1956715760219256,-0.016951781427209926,0.08218797973399208,3085,0,Melhor Só,KayBlack
-0.204319899520526,0.062017542281334936,0.04594949983339971,3082,0,It's Getting Hot,NLE Choppa
-0.1296639341755653,-0.06914407282770542,0.027987975401175594,3087,0,On Chill (feat. Jeremih),Wale
-0.2230737387244723,0.014767927460939733,0.10590535564697133,3084,0,Tourniquet,Zach Bryan
-0.2064414299345743,0.002706513893210006,0.08381326729262814,3093,0,Strike (Holster),Lil Yachty
-0.21685579470054994,0.003015578811419928,0.10255432811103857,3088,0,Bad Boy (with Young Thug),Juice WRLD
0.3927723542077778,0.890071241761311,-0.036617348478425696,3080,0,Collide (feat. Tyga),Justine Skye
-0.15530047232098712,0.12867706430520456,-0.035330211156466625,3094,0,Rungkad,Happy Asmara
-0.10127941765360084,-0.08987205974723282,0.010038292330736673,3112,0,La Difícil,Bad Bunny
-0.14440643740646328,-0.046395622155299035,0.028244034734494078,3099,0,TE MUDASTE,Bad Bunny
-0.18217396101932512,-0.028743476943494058,0.0691792549809849,3106,0,Right On,Lil Baby
0.08501854621705258,-0.18207326501297513,-0.05822768134680995,3103,0,Blame (feat. John Newman),Calvin Harris
0.025955747735835196,-0.06808499028619423,-0.11890722068656642,3104,0,Low (feat. T-Pain),Flo Rida
-0.15484758329309353,0.15546530404923098,-0.04944843638384369,3114,0,La Mamá de la Mamá,El Alfa
0.017874809247986772,0.460434918608121,-0.17910467115999096,3105,0,Me Too,Meghan Trainor
-0.1763935720214676,0.10520534060068586,0.0010074061422199047,3095,0,Bật Tình Yêu Lên,Tăng Duy Tân
-0.2189806541861892,0.005079901175518475,0.10498251014992016,3098,0,DONDE SE APRENDE A QUERER?,Mora
-0.1894390022705521,0.02923247227373647,0.0403884233287835,3100,0,Don't Go Insane,DPR IAN
-0.005769789861758347,-0.0966254452684838,-0.07815268960714598,3129,0,Thotiana,Blueface
0.14665767596050475,-0.2158086145663381,-0.067401358231622,3131,0,Hasbi Rabbi,Huda Sisters
-0.22295913773667622,0.006888800757206048,0.11117468461351002,3117,0,Asking,Sonny Fodera
-0.07942316973326097,-0.09678651400037612,-0.008586625460530895,3120,0,The Bigger Picture,Lil Baby
-0.2111005570719638,0.014086745175547092,0.08377970847337331,3121,0,Cash In Cash Out,Pharrell Williams
-0.20536446489477583,-0.006843072502017754,0.08919652031998491,3118,0,Off The Grid,Kanye West
-0.2084548091082419,0.011371497081167624,0.08240059857769205,3122,0,EL TONTO,Lola Indigo
0.027871072526757093,-0.14869792060615286,-0.057340249925816565,3116,0,Sex on Fire,Kings of Leon
0.38370367194233546,-0.2314860413389069,-0.1230118678910504,3123,0,Bangarang (feat. Sirah),Skrillex
-0.22535033390421716,0.00991828742304178,0.11336748632891512,3124,0,Raindrops (Insane) [with Travis Scott],Metro Boomin
-0.16123586306159207,0.19975911645370353,-0.028273574848721936,3130,0,Weekend,Ashley Mehta
-0.07609559932134247,-0.1091048888256106,0.0011373209955551238,3119,0,Giant (with Rag'n'Bone Man),Calvin Harris
-0.08625201202130353,0.18632459837381227,-0.13060092263364548,3143,0,Tap In,Saweetie
0.08914085760636957,0.4791734881743828,-0.2590662346080991,3147,0,Vacation,Dirty Heads
-0.09578584816502635,-0.09555114864518371,0.00936268431501645,3141,0,Una Vez,Bad Bunny
-0.13387122781538024,0.019847847378680325,-0.023683902901903427,3145,0,Slumber Party (feat. Princess Nokia),Ashnikko
-0.06299194866871653,-0.03941692058467275,-0.06269042569769354,3149,0,CASE 143,Stray Kids
-0.22519538542437523,0.009550253885643178,0.11337099333491653,3153,0,Give It To Me - Full Vocal Mix,Matt Sassari
-0.1390689236596628,-0.05599606409920814,0.03316653206129414,3148,0,Slow Dancing,V
-0.07790533241181849,-0.10617015261295827,-0.001873419089768963,3138,0,F**kin' Problems,A$AP Rocky
-0.18527664770516808,0.10985729667150927,0.012375186924787715,3135,0,Are You Entertained (feat. Ed Sheeran),Russ
-0.16097766882027242,-0.04401053669256488,0.05289574605867706,3156,0,Vamos Para Arriba,Junior H
-0.05692528771516601,-0.09874884359340515,-0.030898983727103195,3140,0,Best Day Of My Life,American Authors
-0.15293112605463063,-0.05065060503208025,0.04492289742816082,3132,0,One Man Band,Old Dominion
0.1313282120435421,-0.19342358539875465,-0.08521514999661069,3154,0,"Garmi (From ""Street Dancer 3D"") (feat. Varun Dhawan)",Badshah
-0.19109287238429737,0.08514170667200423,0.01796573349274769,3144,0,Vai Novinha Ah Ah Ah,Dyamante DJ
0.26567387418892996,-0.20817818771315527,-0.12967584816564,3134,0,Heart Attack,Demi Lovato
-0.08006514887616387,0.057398611050411864,-0.0996645051696137,3142,0,París,Ingratax
-0.18534072506772284,-0.02422454179751164,0.07177696374485926,3152,0,Beer Never Broke My Heart,Luke Combs
-0.19525205612599728,-0.018306352912866548,0.0812102360385598,3146,0,WUSYANAME,"Tyler, The Creator"
-0.21637308294590196,0.002233041251285628,0.10251045310181914,3150,0,Heartbroken (feat. Jessie Murph & Polo G),Diplo
-0.18276147126443665,0.013555761973343424,0.04040337056128562,3139,0,Snow On The Beach (feat. Lana Del Rey),Taylor Swift
-0.0829899127576458,0.22793409843647816,-0.11041085362246529,3165,0,Dura,Daddy Yankee
-0.038590435649360974,-0.06290697230720506,-0.07209317797602147,3157,0,What If I Told You That I Love You,Ali Gatie
-0.20611981898682444,-0.0005841047516204065,0.08666814046846667,3159,0,2 Balas,Roylimar y Royerlin
-0.20780378031622995,-0.005704149800008226,0.09267181720528297,3166,0,Rich Nigga Shit (feat. Young Thug),21 Savage
-0.22151424111798879,0.0053368100987667665,0.10960058785228649,3175,0,What Would Pluto Do,Drake
-0.17764869317323403,0.08187637944408924,0.01101586333332726,3161,0,Fake Love,Drake
-0.13780175695359856,0.24519692989271188,-0.05314369084467917,3163,0,Hijo Mio,Misael De La Rosa
-0.22238745989487918,0.006696811251179698,0.11021662685949998,3176,0,Car Keys (Ayla),Alok
-0.20925764103021802,0.0031989503595323365,0.08855735596486547,3172,0,MONTAGEM ANOS 2000,DJ Arana
-0.13599216432666325,-0.06876613471941838,0.036009682669703974,3178,0,Ai Preto,L7NNON
0.05608412763920378,0.20959008425198797,-0.21348014077765592,3160,0,2002,Anne-Marie
-0.11910215135137596,-0.06684680518890158,0.013075269540497975,3168,0,Pégate,Standly
-0.22020765783524685,0.007259124425790516,0.10586793935000025,3164,0,Halfway To Hell,Jelly Roll
-0.10963495739051737,-0.04644570217180763,-0.01524031363053332,3162,0,Dark Horse,Katy Perry
-0.1389959272593712,-0.04147052035537314,0.016970817041660275,3186,0,Are You Bored Yet? (feat. Clairo),Wallows
-0.11187521202105691,-0.07404416244624291,0.00869191201873331,3192,0,YEAH RIGHT,Joji
0.0276397177772369,-0.1156293015962006,-0.07882520822513835,3183,0,Let You Love Me,Rita Ora
0.06746254423779895,-0.11202001825995421,-0.11527494570054243,3201,0,Por Primera Vez,Camilo
0.15592394692174347,-0.20044888044905323,-0.09097310608289882,3197,0,We Are Never Ever Getting Back Together,Taylor Swift
-0.1877028872467413,-0.020646317146994962,0.07131658170369634,3195,0,Soundgasm,Rema
-0.21632936202419903,0.00596535282448846,0.09988202265437762,3184,0,WANDA,Quevedo
-0.1913663690454585,0.0353785573920795,0.04121887261727988,3196,0,DARBA 9ADIYA,Moha K
-0.2195501751792757,0.0038851864273936887,0.10705928857081529,3181,0,EMPELOTICA,Lenny Tavárez
-0.19473419914548215,-0.014243664841824467,0.07927385861716149,3187,0,Le Va Doler,Grupo Frontera
-0.20451704146980432,-0.009806328853936062,0.09057220990842996,3198,0,Million Dollar Baby,Ava Max
-0.20687790980047047,-0.005566001514874103,0.0914284281278656,3191,0,Low Down,Lil Baby
0.12002710929952969,0.5693670113265697,-0.1670100899437962,3194,0,No Money,Galantis
-0.20934474759002947,-0.0021908996041238404,0.09407106925889921,3193,0,Oklahoma Smokeshow,Zach Bryan
0.014452427836130047,-0.1275074607095169,-0.06930286175388538,3188,0,Look At Me Now (feat. Lil' Wayne & Busta Rhymes),Lil Wayne
0.10365980793866293,-0.18512600810553487,-0.0750923948598664,3179,0,Style,Taylor Swift
-0.1968321780336278,0.05612872919778759,0.040980147727222506,3202,0,FEEL,Davido
0.34594707853945095,-0.26492440876621476,-0.07630955004812069,3180,0,Grenade,Bruno Mars
-0.16796627607994877,-0.006925891301485784,0.031141753703895835,3185,0,Trust,Brent Faiyaz
-0.1505728205479364,-0.05286653620088971,0.0453689026372868,3190,0,CÓMO SE SIENTE - Remix,JHAYCO
-0.18586237555763846,-0.017268382943102744,0.06532812526777891,3217,0,Little Talks,Of Monsters and Men
-0.20107729750574893,-0.013711770836608916,0.08753346293843643,3216,0,Not Even Ghosts Are This Empty,$uicideboy$
-0.22210714909704354,0.009408979578603899,0.10730610472632653,3204,0,Aye (feat. Travis Scott),Lil Uzi Vert
0.16234642193927715,-0.2160255726852759,-0.04259561898179928,3214,0,"Perdón, Perdón",Los Ángeles Azules
-0.03738746792354946,-0.05987809812111568,-0.07218860573820102,3210,0,Without Me,Eminem
-0.06462471877840945,-0.09992846190209508,-0.022073493078215687,3220,0,Leave a Light On,Tom Walker
0.1943238315011531,-0.22582392082410796,-0.0712925739478794,3208,0,Ahora Me Llama,KAROL G
0.03975495203782537,-0.16780852421436307,-0.030488842513198288,3203,0,Amigos Con Derechos,Reik
-0.19266156658195693,0.07503572422171323,0.030531159715767912,3207,0,Lost Boy,Ruth B.
-0.036690783012762344,-0.11552361519452269,-0.035256774849106394,3215,0,"10,000 Hours (with Justin Bieber)",Dan + Shay
-0.20176549057975385,-0.003168896122858206,0.08175460499402067,3218,0,More Than You Know,Axwell /\ Ingrosso
-0.17456947665889122,0.1316728109358205,-0.018022260402333776,3205,0,Diamondz n Roses,VaporGod
0.16302391832178045,-0.20969178573053407,-0.08866938112798003,3209,0,Mala Fama,Danna Paola
-0.20055903651905332,-0.010579193533400331,0.08433192311413688,3222,0,banking on me,Gunna
0.05120900119967692,-0.17834811235118944,-0.04803000191765041,3225,0,Main Sharabi,Rajeev Raja
-0.16752312587574897,0.07650737231174187,-0.004783666347469762,3243,0,Paris,The Chainsmokers
-0.1510264308302824,0.19265160884711163,-0.05387549408048791,3233,0,Ayang,Nabila Maharani
-0.21300111371391892,-0.002471253945909356,0.0998452352048001,3231,0,MERCEDES CAROTA,Bad Bunny
-0.19549977351115344,-0.004965142917674491,0.07265774591176663,3230,0,Not So Bad (Leans Gone Cold),Rae Sremmurd
-0.17272930785283563,-0.008717764121609945,0.04051468999001976,3241,0,JGL,La Adictiva
-0.17138497513881681,-0.03567573681888302,0.05809436556248683,3227,0,Swimming Pools (Drank),Kendrick Lamar
-0.21512172756736975,-0.00033518481348569236,0.10186092815410343,3235,0,Kool-Aid,Bring Me The Horizon
0.4195406849636019,-0.27321747321429474,-0.06562754964596651,3228,0,Can't Remember to Forget You,Shakira
0.036794009541187896,-0.1632230510599505,-0.056517842607003946,3226,0,Bad Things (with Camila Cabello),mgk
-0.0990642577354017,-0.042711917128239275,-0.029032378784259207,3234,0,Softcore,The Neighbourhood
-0.17469658690337597,-0.03216490228756768,0.0594017863393589,3240,0,Sacrifice,The Weeknd
-0.1954047444083271,-0.011837993854576116,0.07569786633785286,3239,0,Attention,Doja Cat
0.12546686082703085,-0.1804125975746362,-0.09814747633817394,3232,0,Replay,Iyaz
-0.22009046428378384,0.005945609602611554,0.10633294352258892,3238,0,Around Me (feat. Don Toliver),Metro Boomin
-0.16910212901519944,0.05198448689776542,0.0011275478931641535,3242,0,PHONKY TOWN,PlayaPhonk
-0.06065241392776437,-0.04670333546611711,-0.059275726057575626,3245,0,We Rollin,Shubh
-0.19066571262129622,-0.020402041524102712,0.07598659392225117,3254,0,Si Te La Encuentras Por Ahí,Feid
0.44776361267599546,-0.25787708013567623,-0.08437909748033902,3246,0,Daru Badnaam,Param Singh
-0.20009667219641128,0.005017775972040807,0.07194489817377686,3248,0,NARCISSISTIC PERSONALITY DISORDER,Odetari
-0.22202080395926826,0.006231048773174987,0.10994432746802062,3260,0,Memory Lane,Old Dominion
-0.1761381402236977,-0.035592560540972824,0.06509934687455138,3267,0,24 (feat. Lil Baby),Money Man
-0.18213070997594488,-0.0019855270496285577,0.04947250163853501,3263,0,THE SHADE,Rex Orange County
-0.20282414559302767,-0.006766551144264572,0.08556280733163472,3249,0,You,Regard
-0.033985736753387855,-0.10701147717683848,-0.04653234481197635,3253,0,Thinking out Loud,Ed Sheeran
-0.18991399466143635,-0.0029551017472415906,0.06150489710907793,3250,0,Mbappe,Eladio Carrion
0.22574645168290033,-0.12216987215810296,-0.16326821892813775,3258,0,Maria,HWASA
-0.1487139406481548,0.10854012681394293,-0.03956380772866559,3259,0,Butakera,La Joaqui
0.03450805112319247,-0.1227788183951467,-0.08737413879149587,3247,0,Savage,aespa
-0.0036339702887909684,0.14374129623670795,-0.18847352827731673,3265,0,Mad at Disney,salem ilese
-0.22120167707254984,0.0050125421280942635,0.10926665337841157,3252,0,Trojan Horse,Dave
-0.20607708993375107,-0.0072447907409889135,0.09101922699244636,3255,0,Beautiful Girl,Luciano
-0.12066316441936373,-0.06996051413291553,0.016167235655772185,3256,0,"After The Storm (feat. Tyler, The Creator & Bootsy Collins)",Kali Uchis
-0.13822331307170552,-0.055014652051063685,0.027562250415197834,3277,0,Tú Me Dejaste De Querer,C. Tangana
-0.22411633859571595,0.00830307107839404,0.11233678269735704,3271,0,Spotless (feat. The Lumineers),Zach Bryan
0.05702663967051763,-0.1322771675697674,-0.088312970702024,3274,0,Me Rehúso,Danny Ocean
-0.1619988337998275,0.1511869131810513,-0.04106741477473681,3273,0,Baby you,有華
-0.21290843580025628,-0.003596740001233617,0.10109360770608546,3285,0,CUAL ES ESA,Feid
-0.06961339668644104,-0.1009007723787237,-0.0153867285429091,3283,0,Armed And Dangerous,Juice WRLD
-0.13265746219755561,-0.034291303994881346,0.003413853301720655,3275,0,Salimo de Noche,Tiago PZK
-0.08286462499830739,-0.09175431323163379,-0.009429229148004075,3276,0,"Eladio Carrion: Bzrp Music Sessions, Vol. 40",Bizarrap
-0.18040573884640468,0.062053659266931,0.013633832583809758,3269,0,Love,Kouz1
0.38561151324312337,-0.24665010202986684,-0.030908034012073773,3286,0,La Gozadera,Gente De Zona
-0.12424883457755785,0.2101551304529565,-0.09638846176487298,3280,0,Skechers,DripReport
0.0017850758641596812,-0.12166439546981675,-0.06467681606707507,3270,0,I Feel Like I'm Drowning,Two Feet
-0.17820938639961387,-0.030822145442261185,0.06634906977807356,3278,0,Ando Enfocado,Jaziel Avilez
-0.21617774978191057,0.011638211677197207,0.09494317824174078,3282,0,First Person Shooter (feat. J. Cole),Drake
0.12797314154233153,-0.17550544392811135,-0.10352226804325168,3279,0,Downtown,Anitta
0.0751842738826507,-0.18745957252682988,-0.05180720663658434,3287,0,Créeme,KAROL G
-0.04752482947389419,0.0037779727176722234,-0.09590833041329654,3306,0,"Go Loko (feat. Tyga, Jon Z)",YG
-0.20381738424512605,-0.010403586026973775,0.09019104819075285,3292,0,REMIX EXCLUSIVO,Feid
0.15041036826384607,-0.1278069761630696,-0.14925336301950234,3300,0,"Vaathi Coming (From ""Master"")",Anirudh Ravichander
-0.15935228613566166,-0.04429538580812643,0.046719216057724694,3294,0,3 Headed Goat (feat. Lil Baby & Polo G),Lil Durk
-0.20742981857662715,0.06976302634195412,0.05416671114653823,3298,0,Monica,Kuami Eugene
0.02323056024516642,-0.14582358869862005,-0.057627561305542876,3290,0,La Playa,Myke Towers
-0.1850541265109812,0.0393726686937634,0.03153663418609296,3301,0,Pasilyo,SunKissed Lola
-0.2147521704129128,0.04297340257473856,0.0722384494972945,3307,0,Wasted Summers,juju<3
0.29866483439810043,-0.08615688645985499,-0.21588524407915607,3310,0,Hasta la Raíz,Natalia Lafourcade
-0.2239935947430571,0.009046304527401294,0.11142856194075185,3311,0,Seasons,Thirty Seconds To Mars
-0.13362295498070145,0.1532847138305376,-0.07214274360537609,3314,0,Summer Days (feat. Macklemore & Patrick Stump of Fall Out Boy),Martin Garrix
-0.17104174510954423,-0.031230319804910884,0.05421697193257581,3313,0,Con La Brisa,Foudeqush
-0.09508082852250327,-0.016767511690460875,-0.04940574967808803,3312,0,Someone To You,BANNERS
0.0021459536321734645,-0.15215145846757028,-0.03316213519708868,3299,0,Show Yourself,Idina Menzel
-0.21796355646226653,0.006152901646176423,0.10205510872792402,3305,0,In Your Love,Tyler Childers
-0.10935791167988998,-0.034293171269298185,-0.023191583161537275,3302,0,Poker Face,Lady Gaga
-0.1771950304526845,-0.011444756415770722,0.05062626820073205,3338,0,Танцы,NLO
-0.1273680828497687,0.14789776098299004,-0.08172289155122285,3320,0,Stunnin' (feat. Harm Franklin),Curtis Waters
-0.21346863999446558,-0.0004381880107370929,0.09887407620407661,3330,0,Privileged Rappers,Drake
0.3467970177905508,-0.2674714700130199,-0.07753174091640452,3340,0,Umbrella,Rihanna
-0.026307097769289592,0.3739090341616324,-0.18797798988169928,3323,0,Candy,Doja Cat
-0.2237671032772448,0.007976059298940505,0.1118337654802246,3326,0,Enough Is Enough,Post Malone
-0.08994089172000526,-0.08140679824607766,-0.009612101061467336,3335,0,Baila Conmigo (with Rauw Alejandro),Selena Gomez
-0.17174785312565224,-0.03153375378820202,0.05473864723167156,3317,0,Love Me,Lil Wayne
-0.206617344927241,0.006972299501220865,0.08225417648857916,3327,0,Así Lo Quiso Dios,Eslabon Armado
-0.20933064563533788,0.002657795066419605,0.08847101470670217,3329,0,Moon,Kanye West
-0.1091670603926777,0.01554728595125863,-0.04908366475056684,3325,0,Notion,The Rare Occasions
-0.21128800716215126,0.0014924202738274672,0.09432872910907916,3333,0,Essence (feat. Justin Bieber & Tems),Wizkid
-0.22326155285396979,0.0071727978796331865,0.11154806351838836,3334,0,Outskirts,Sam Hunt
-0.19626108194825018,-0.005150865176330235,0.07287756004979337,3319,0,X,Nicky Jam
0.03870635065734318,-0.13058753302043064,-0.08120642187974883,3324,0,boyfriend (with Social House),Ariana Grande
-0.05522023430009959,-0.019076431949728294,-0.07806085991003223,3358,0,As the World Caves In,Sarah Cothran
-0.13124453395947314,-0.07052122345787468,0.04008392403073818,3362,0,Dile a Tu Orgullo (En Vivo),Luis Alfonso Partida El Yaki
-0.21551421966737674,0.006102831670711459,0.09801551003649131,3351,0,Lottery (feat. LU KALA),Latto
-0.22016465192086634,0.004116843622861886,0.10793035757238824,3363,0,Sunshine,Tyga
0.16130648556101473,-0.2199810161749899,-0.05770635585654914,3347,0,Si Tu Novio Te Deja Sola,J Balvin
-0.1969031308636734,0.027096183971842765,0.052305482972154455,3343,0,SHAKE SUMN,DaBaby
0.12061300741235696,-0.20273983966793005,-0.07325616954676491,3354,0,Chained To The Rhythm,Katy Perry
-0.12735393221976218,-0.04034694171190047,0.0013330607110548123,3345,0,Afterglow,Ed Sheeran
-0.14719752456573068,-0.04406393715222801,0.029529323573622437,3346,0,Mr. Brightside,The Killers
0.1554900716770756,-0.08012334866931993,-0.18003515750276025,3348,0,Promiscuous,Nelly Furtado
0.5046261982541798,-0.15241507974100094,-0.06346869758362371,3342,0,Black Swan,BTS
-0.0432188287601621,-0.08140815751549171,-0.056082757760200434,3352,0,HOT,SEVENTEEN
-0.2096835080926827,-0.004632169354235844,0.09517489452471782,3361,0,i'm yours,Isabel LaRosa
-0.16573726427447733,-0.042118756014654396,0.05652525907774843,3344,0,"Young, Wild & Free (feat. Bruno Mars)",Snoop Dogg
0.050523776978007584,-0.1782859618346931,-0.04316896836595696,3357,0,Kamar Teri Left Right Hale,Sandeep Surila
-0.20973286850931536,0.012466078164485745,0.08262454495176358,3350,0,The Thrill,Wiz Khalifa
-0.1853903084200973,-0.02542500912722505,0.07444219617914591,3353,0,Yana Yana,Semicenk
-0.22374395990548926,0.0077559939435712585,0.1119739508465542,3366,0,CIRCUS MAXIMUS,Travis Scott
0.29908152263618737,-0.19275610782368774,-0.14831763744471305,3365,0,What is Love,TWICE
0.4333668523893596,0.5842396084969984,0.3081263533165918,3367,0,Pieces,Danilo Stankovic
-0.2032660677110604,-0.012892874990314319,0.09158965776053928,3387,0,Cama Repetida,Léo Santana
-0.19775553754691538,0.004402147511220996,0.06796377438120255,3379,0,Glue Song,beabadoobee
-0.1987043320544528,-0.013749164800862919,0.08321284773937526,3370,0,Life in Rio,Slowboy
-0.20844843582524075,-0.0005757716587972016,0.08965568803923663,3386,0,I'm Not Here To Make Friends,Sam Smith
0.3231497405385645,0.20746967999413168,-0.2743029145742593,3377,0,Help Me Help You (feat. Why Don't We),Logan Paul
-0.2030158166573641,-0.010904630076407396,0.08854136764134224,3383,0,Distraction,Polo G
-0.19027344380393713,0.014011798180667156,0.053385508492821324,3369,0,KÁRMIKA,KAROL G
-0.21384434797470642,-0.0014756261497380632,0.10066590186253745,3373,0,back to the moon,Gunna
-0.10985117480138604,-0.032041255591394514,-0.023677096010271362,3388,0,Washing Machine Heart,Mitski
-0.1642860428499454,-0.048044377448914835,0.06305905181480678,3371,0,SAN BENEDETTO,Ron Gallo
-0.0789701877858703,-0.10453716315077856,-0.0025626694551661522,3384,0,HACIENDO QUE ME AMAS,Bad Bunny
-0.2165389629919802,0.035731868564696,0.07976750962328835,3380,0,Little Things,Jorja Smith
-0.18404516526350703,-0.016465294173291067,0.06098815023369159,3382,0,Dead Man Walking,Brent Faiyaz
-0.17675821039510636,0.014688264614893155,0.029918008140861374,3418,0,Ball If I Want To,DaBaby
-0.15599050913941143,-0.04198390989795935,0.04111306519030065,3394,0,P*$$Y Fairy (OTW),Jhené Aiko
-0.191239660224058,-0.018587027966157323,0.0754352727892523,3398,0,Enséñame a Bailar,Bad Bunny
0.031068043798364645,-0.13257487448804614,-0.0720061933621544,3396,0,Bellaquita,Dalex
0.37244604104874907,-0.26586386362621317,-0.05231968568216564,3400,0,Limbo,Daddy Yankee
-0.11673573105537623,-0.07623805700526833,0.018408003339662325,3408,0,Hayloft II,Mother Mother
-0.20403013066337916,-0.0013881442853296234,0.08236208357981106,3391,0,Tormenta (feat. Bad Bunny),Gorillaz
-0.03233863339520576,-0.13184826972624203,-0.025035964173602886,3402,0,DJ Got Us Fallin' In Love,USHER
-0.18385863098933483,0.01685804491151884,0.04076894635341854,3393,0,DIE,Gazo
0.0032218899700602924,-0.15116552115440038,-0.022693148063707803,3403,0,Aullando,Wisin & Yandel
-0.17704734922434157,-0.02979169251824575,0.06171048570693497,3412,0,El Incomprendido,Farruko
0.2429000766911388,-0.18631908877879028,-0.12722068949575557,3409,0,23,Mike WiLL Made-It
-0.0136045908975717,-0.11632415903200619,-0.054198183569094345,3405,0,Swang,Rae Sremmurd
-0.21846075974950735,0.003438450402939019,0.10528781998893595,3399,0,Broke Boys,Drake
-0.16138992122021148,-0.031079744316011213,0.03929315609532418,3389,0,SMOKE IT OFF!,Lumi Athena
0.007096347384136348,-0.08171555739286301,-0.09906065505393492,3404,0,What They Want,Russ
-0.20792585513538284,-0.0075106878454796735,0.09499214944415957,3420,0,Corazón Frío,Jasiel Nuñez
-0.07732304215911878,-0.10616008184589798,0.0013697452503781354,3431,0,Take Care,Drake
-0.04307207937159917,-0.003930397883358042,-0.10254262635998553,3421,0,A Sky Full of Stars,Coldplay
-0.18266776666818613,-0.02973515367963765,0.07035523896941503,3423,0,Ramen & OJ,Joyner Lucas
-0.1302880591623699,0.10856559252614144,-0.0628839149199187,3427,0,Arhbo [Music from the FIFA World Cup Qatar 2022 Official Soundtrack],Ozuna
-0.21765856773931772,0.0038044791473941988,0.1036946290610899,3428,0,Come See Me,Rod Wave
-0.1948508766808718,-0.013571946464404383,0.07669571566546615,3425,0,Cool With You,NewJeans
-0.023325147496765824,-0.07241710526981358,-0.0797730455140361,3419,0,Shameless,Camila Cabello
-0.1746735884880146,-0.0157599487449669,0.04729370092983522,3424,0,New Freezer (feat. Kendrick Lamar),Rich The Kid
-0.20889067068943665,0.0014328729795531096,0.09053171734707534,3429,0,GTA.mp3,Emilia
0.05263104388090311,-0.16885261605120597,-0.04706728379455037,3441,0,Dembow,Danny Ocean
-0.14848845997870677,-0.05281814192582228,0.038360731419250935,3435,0,WAKE UP!,MoonDeity
-0.17272282894736427,-0.025335492050449045,0.05265343114500689,3450,0,Fast,Juice WRLD
-0.16129558059109517,-0.04578166254995719,0.0515792113929325,3436,0,Come and See Me (feat. Drake),PARTYNEXTDOOR
0.11048371493798394,0.504427570032809,-0.2651238584641371,3443,0,Myself,Bazzi
0.09255686383635585,-0.13386360946114617,-0.10769465618604925,3451,0,LOCO,ITZY
-0.16750510535720903,-0.04116686448379869,0.05630113184734405,3442,0,Life's A Mess (feat. Halsey),Juice WRLD
-0.18796585365952378,0.12072479785488945,0.008142227070992927,3445,0,Have Mercy,Chlöe
-0.08828633915838567,-0.05521555573519644,-0.025852518004813606,3449,0,Bad Decisions (with BTS & Snoop Dogg),benny blanco
-0.19741332500930572,0.0010601911057963802,0.06972232872390888,3448,0,Yebba’s Heartbreak,Drake
-0.22101046400413465,0.004997017551281637,0.10885246791263335,3434,0,Drums (Feat. Kim Petras),James Hype
-0.06022314103274415,0.29580373804406007,-0.15814842909597948,3447,0,El Avioncito,Giblack
-0.218979045242548,0.0036158637556021667,0.10632515133697079,3439,0,Handle On You,Parker McCollum
-0.18644045215430186,-0.01599517090390842,0.06619290010527153,3477,0,Tunnel Vision,Kodak Black
-0.15962371047499027,-0.00978480922708567,0.021811774209312615,3474,0,White Tee (with NO1-NOAH),Summer Walker
-0.2151371154611985,0.00748751205695133,0.0954620225358082,3452,0,Too Easy,Gunna
-0.07126500468320729,-0.01230452415875888,-0.07438902471665097,3476,0,Walking On A Dream,Empire Of The Sun
-0.14539087253421765,-0.0007199066734898294,-8.204209436801393e-05,3461,0,Take Two,BTS
-0.14109770272141953,-0.060371512715875424,0.03482700890021695,3465,0,You Know You Like It,DJ Snake
0.2897117122695339,-0.25244847684909566,-0.0705881871553879,3464,0,Bom Diggy,Zack Knight
-0.14287588473385415,-0.028060534727474128,0.011726505975862764,3470,0,Live Another Day,Kordhell
-0.1549983141570427,0.04273131092063678,-0.012298730786116726,3460,0,Sexo Virtual,Rauw Alejandro
-0.10058922188653553,0.1826361782968912,-0.10077529423190301,3469,0,"Não, Não Vou",Mari Fernandez
0.01364880546076042,0.4378680340766346,-0.18006829556832266,3475,0,Я буду ебать,Moreart
-0.15145864606931986,-0.047468705141427744,0.041798161376342124,3466,0,Chasin' You,Morgan Wallen
-0.1906363137056544,-0.016870540548269704,0.07487244391436615,3467,0,Ali Cabbar,Emir Can İğrek
-0.2205442378707571,0.0046799331757304665,0.10812474001755076,3459,0,Clouds,BUNT.
-0.22303039524595433,0.007695445514607939,0.11067219208221477,3456,0,Let Your Boys Be Country,Jason Aldean
-0.1518296665997327,-0.05150141130892831,0.043923816070636744,3454,0,Solo Me Dejaste,Grupo Marca Registrada
0.1877466218288957,-0.1799070948857322,-0.11834354411228575,3457,0,Like I'm Gonna Lose You (feat. John Legend),Meghan Trainor
-0.11829768621757109,-0.04491755812016484,-0.006510383605924196,3463,0,"Don't Give Up On Me - (From ""Five Feet Apart"")",Andy Grammer
-0.18471629103526202,0.0010524104856569818,0.05048138690694358,3489,0,Talk Dirty (feat. 2 Chainz),Jason Derulo
-0.19254357350662457,-0.01568656969461684,0.07437636857878474,3497,0,Nail Tech,Jack Harlow
-0.20878799098480427,-0.006547999463463498,0.09537334323716284,3484,0,The Summoning,Sleep Token
0.1567548409180591,-0.14401396707428243,-0.13231230951808104,3481,0,TROLLZ (with Nicki Minaj),6ix9ine
-0.14018733946015158,-0.04965718985677081,0.02882006110568572,3499,0,Cover Me Up,Morgan Wallen
-0.18591730987004937,-0.02146394535493145,0.06838208674775806,3495,0,Un Verano Sin Ti,Bad Bunny
-0.17523419871765053,-0.022256084546441547,0.05178125433137117,3485,0,Get A Guitar,RIIZE
-0.09500337630197028,-0.09355184844090662,0.007280190788066529,3486,0,Heat,Gunna
-0.08565950559552536,-0.09327774505212263,-0.00557086620351319,3488,0,I Was Never There,The Weeknd
-0.11956215245536564,-0.0813362719469007,0.026680045453285076,3487,0,Bar,TINI
-0.1474641268810588,0.0060660679657397855,-0.0015194363697373543,3498,0,ธาตุทองซาวด์,YOUNGOHM
-0.11025744307037232,0.22244558878726742,-0.10717646463688471,3493,0,Socadona (feat. Mr. Vegas),LUDMILLA
-0.18232110659162443,0.044186275452387576,0.023877600242671666,3525,0,Sial,Mahalini
-0.17725632987353754,0.010534763245491715,0.03412247093086364,3508,0,Pelele,Morad
-0.19046503886764832,0.06490604221410916,0.03017754962335987,3517,0,CAROLINA,KAROL G
0.25188461688093106,-0.2266084771194277,-0.10611841485311395,3500,0,Krippy Kush,Farruko
-0.22235775481541303,0.007577076101069363,0.10933949361751943,3521,0,Umbrella (with 21 Savage & Young Nudy),Metro Boomin
-0.005687595731600884,-0.14130295347613162,-0.03550000127480864,3511,0,Cuaderno,Dalex
-0.043064166439340815,0.4241776670009919,-0.15792855046197296,3512,0,Paro - Speed Up,Nej
-0.21875045721815797,0.0038272377784417688,0.10578884049881494,3501,0,"Burn, Burn, Burn",Zach Bryan
-0.08899338925581342,-0.07326436979025934,-0.014385198519927199,3523,0,Girl,Myke Towers
-0.22463478050659724,0.009937329075408447,0.11190154183356306,3516,0,Saving Up,Dom Dolla
-0.0844762751551714,-0.09242687586201198,-0.006800512392748849,3505,0,The Way Life Goes (feat. Oh Wonder),Lil Uzi Vert
-0.21268664062656553,0.0011558640059136697,0.09600510803754553,3502,0,Headshot (feat. Polo G & Fivio Foreign),Lil Tjay
-0.2108210571013252,-0.002176202368431902,0.0955051531485734,3513,0,LLYLM,ROSALÍA
-0.037427928528075395,-0.09875375720247097,-0.043676474155830675,3510,0,Levels,Sidhu Moose Wala
-0.011971786696244165,-0.14258437460469614,-0.010915230432107563,3520,0,La player (Bandolera),Zion & Lennox
-0.1829933677506545,0.050038007341993096,0.02656850959921111,3509,0,Let's Love,Sia
-0.18575493006452873,0.012624187723324003,0.04430033175722773,3526,0,On My Mind,Diplo
-0.12784722605788004,-0.06453088996876179,0.021174666003242127,3527,0,Vampiro,Matuê
-0.21796896149133516,0.002708717369435495,0.10472225367424466,3535,0,Another Late Night (feat. Lil Yachty),Drake
-0.18450955276987374,0.020636895734099703,0.03811960546286336,3541,0,Delincuente,Tokischa
-0.22003599391455617,0.005088337943245084,0.10688788536802789,3543,0,Kernkraft 400 (A Better Day),Topic
-0.2017593888212945,-0.011923867637487743,0.08701504346808106,3536,0,SORRY NOT SORRY,"Tyler, The Creator"
0.21447792286304185,-0.2362311000802396,-0.07355188181484905,3538,0,Bad (feat. Vassy) - Radio Edit,Showtek
-0.11534026554442546,0.07547480433664959,-0.06370207129332894,3532,0,Fever,Dua Lipa
-0.21449773492530264,-0.0018657477893910513,0.10235161089641569,3539,0,"Tiago PZK: Bzrp Music Sessions, Vol. 48",Bizarrap
-0.20602175310010712,0.014768480312661172,0.07451217065224335,3533,0,Hands up!,6arelyhuman
-0.21815738726993122,0.003385373619488724,0.10476471702235492,3529,0,Buenas,Quevedo
-0.006548771206844983,-0.11168976499244715,-0.06675604089908828,3534,0,Let Her Go,Passenger
-0.20049133878322759,-0.011738113978811332,0.08464638512374724,3561,0,Put Your Records On,Ritt Momney
-0.009853886169057777,-0.11694966419287496,-0.057224456848169535,3558,0,So Am I,Ava Max
-0.20903944665861038,0.005202714402698134,0.08649620949186562,3555,0,Slide,Calvin Harris
0.4990482223874323,-0.22774998223745124,-0.10756874711129474,3548,0,Feel Good Inc.,Gorillaz
0.04157693823509345,-0.14599141185880563,-0.0735309036361671,3563,0,Me And My Broken Heart,Rixton
-0.21077797490654354,0.004331703850774843,0.09018977455194853,3566,0,"Baguettes in the Face (feat. NAV, Playboi Carti & A Boogie Wit da Hoodie)",Mustard
0.3216588223567868,-0.24020891578224488,-0.03825594137557181,3560,0,Lo Aprendí de Ti - HA-ASH Primera Fila - Hecho Realidad [En Vivo],Ha*Ash
-0.2013952499335771,0.017077622512741586,0.06590525384449968,3547,0,GIRL LIKE ME,Black Eyed Peas
0.09291812225847629,-0.17920255549915157,-0.0813111611454972,3553,0,Blinding Lights - Instrumental,The Weeknd
-0.10909884402609984,-0.05545050568507595,-0.006402788511704498,3564,0,Here With Me,Marshmello
0.22828059359875258,-0.20010603898531276,-0.12088936807146791,3562,0,Ain't Your Mama,Jennifer Lopez
-0.2080221857184191,-0.008011922223748065,0.09544876935531821,3545,0,Rock My Body,R3HAB
-0.008495443484281218,0.3556220693776711,-0.17660364045209925,3557,0,TWINNEM,Coi Leray
-0.20546152566708864,0.012997841742104931,0.07606709625402325,3551,0,Mood,Makar
-0.21022796945000882,-0.0025859779712232847,0.09520727338182718,3549,0,TU$$I (with Dei V),YOVNGCHIMI
-0.11825121578459154,-0.0644323614384622,0.01188204912352425,3554,0,"Duki: Bzrp Music Sessions, Vol. 50",Bizarrap
-0.19154755172290855,-0.017001692049536846,0.07466565311626835,3556,0,The Bones,Maren Morris
-0.13644837378438018,-0.05001205575820024,0.01970952162498393,3567,0,Good News,Mac Miller
-0.05872562440513683,0.11442289454583293,-0.12986378435803034,3568,0,Wiggle (feat. Snoop Dogg),Jason Derulo
-0.18796238173702723,0.004909872229870367,0.05569023024183966,3595,0,Evoque Prata,MC MENOR HR
-0.15548943313182367,-0.04733018493758455,0.04415008605149281,3590,0,MIDDLE CHILD,PnB Rock
-0.19467976864864078,-0.015459462575163596,0.07770237192236708,3575,0,Beat the Odds,Lil Tjay
-0.05927140533520693,0.41009924488194305,-0.1516283038527287,3582,0,Barely Breathing,Grant Averill
-0.14565626738950382,0.029015278532374254,-0.017072273590371667,3571,0,All Around The World (La La La),R3HAB
-0.20782832445584679,0.008037763015264689,0.08233783844094981,3585,0,"You're On Your Own, Kid",Taylor Swift
-0.035735461460445955,0.21194559521112047,-0.1683975028738243,3578,0,Моя голова винтом,kostromin
-0.2164150110573509,0.02200977218338666,0.08867659909316784,3592,0,Already Rich,Yeat
-0.06352793062038727,-0.10418174547061769,-0.018967313300333025,3570,0,Bruises,Lewis Capaldi
-0.15832808978945553,-0.021550168269152046,0.027731252554961654,3572,0,exile (feat. Bon Iver),Taylor Swift
-0.15412012092662677,-0.05001771342241959,0.04518614170812124,3596,0,THE GIRLS - BLACKPINK THE GAME OST,BLACKPINK
-0.17772459919817707,-0.007890997380436134,0.045888036880396714,3586,0,Love Sosa,Chief Keef
0.21649243437068907,-0.1884318892649851,-0.12928538905878734,3577,0,Skibidi,Little Big
-0.2004295133362877,0.07097839497879618,0.036801821178507124,3584,0,I'm Geekin,DDG
0.31208080718086234,-0.23527972433712707,-0.07054123411988956,3583,0,Eres Mía,Romeo Santos
-0.2117428274069175,-0.001598092710452376,0.09744168224176768,3579,0,Sunrise,Morgan Wallen
-0.010985263461288523,-0.1475771127273957,-0.018726052902588677,3587,0,Yo Ya No Vuelvo Contigo (En Vivo),Grupo Firme
0.049881791941160714,-0.17303277143921172,-0.04100949893045213,3611,0,Bella y Sensual,Romeo Santos
-0.10813983187296586,0.16348979415666134,-0.09678233097302955,3603,0,Bertahan Terluka,Fabio Asher
-0.2174530957448851,0.002165084493806235,0.10413442856104027,3618,0,if looks could kill,Destroy Lonely
-0.1613692515669458,0.022295120647172456,0.005866580107058661,3615,0,Trampoline,SHAED
-0.20642111806383273,-0.0054249200250678755,0.08995311747630774,3622,0,Alone (with Nicki Minaj),Kim Petras
0.20812944932752828,-0.17419478972202423,-0.12364233095997423,3600,0,God’s Menu,Stray Kids
-0.04178836865332716,-0.057130970613762606,-0.063100382126925,3610,0,Te Vi,Piso 21
-0.17531786521105094,-0.033452965594858976,0.061243002035379565,3597,0,I Wanna Be Yours,Arctic Monkeys
0.24782007532333647,-0.2255047654980196,-0.10575653783986468,3614,0,Boyfriend,Justin Bieber
-0.19473748307258365,-0.016325646756449336,0.0784676760397107,3601,0,PARANOIA,HEARTSTEEL
-0.05488244132592159,-0.06631290365518802,-0.05676100335750707,3607,0,Story of My Life,One Direction
-0.19443089245303632,-0.019119354620125657,0.08051871661006399,3606,0,Black Summer,Red Hot Chili Peppers
0.028796278321106015,-0.16819498694925217,-0.04044395481394903,3598,0,Wish,Diler Kharkiya
0.21019259248807365,-0.22347801346765822,-0.09246425083160753,3608,0,Let Me Love You,Mario
0.27431947716214194,-0.22390055872625766,-0.11396837798491065,3612,0,Sofia,Alvaro Soler
0.30517313427432674,-0.18200518501233015,-0.15439614251665584,3609,0,Ya Lili,Balti
-0.15056875407199538,-0.030725205576804058,0.02340326718042344,3613,0,Those Eyes,New West
-0.12114782930945844,-0.07516675107026465,0.02481836945477819,3619,0,Explícito,Myke Towers
0.1783866937871495,-0.04327222802265797,-0.20691784306800046,3620,0,Girl On Fire,Alicia Keys
-0.18011121257067378,-0.025280497526821592,0.06295250316289867,3623,0,Like I Want You,Giveon
0.4065720161814019,-0.25863912167346875,-0.0936074802427762,3637,0,Black Magic,Little Mix
-0.13854574252727841,-0.0655589045391568,0.03756006535193989,3646,0,Budapest,George Ezra
0.14837647426673375,0.6188854012172699,-0.17478315161845698,3631,0,Mi Tesoro (feat. Nicky Jam),Zion & Lennox
-0.19681782753656601,0.003169005665468916,0.06956177778185492,3626,0,ERE,juan karlos
0.033949231280629745,-0.12326251698085498,-0.08665926612097735,3634,0,Alcohol-Free,TWICE
0.1698330711039976,0.10467104951027999,-0.2696415036257248,3639,0,Bad boy,Marwa Loud
-0.18012646189294929,-0.03068227420575393,0.06714311778817338,3644,0,Voices In My Head,Falling In Reverse
-0.11174119401476959,-0.01149085530111376,-0.03407905602595788,3627,0,Hati-Hati di Jalan,Tulus
-0.10210275955253777,-0.05920027451962546,-0.010436628178043096,3648,0,Algo Mágico,Rauw Alejandro
-0.1056092422369681,-0.08566923982851675,0.011297213360114973,3642,0,Quicksand,Morray
-0.017352385643190322,-0.05965561275025398,-0.09238878324726893,3641,0,Singapur,El Alfa
-0.015356421837208685,-0.11884586313039121,-0.04966087151673053,3629,0,Just Dance,Lady Gaga
-0.05802773937643201,-0.0207255809045889,-0.07584370607705729,3640,0,Tom's Diner,AnnenMayKantereit
-0.1533550725677387,-0.04958131688135396,0.04308159755845011,3624,0,Marvins Room,Drake
-0.1986122129930786,-0.016487454642485265,0.08594528349045295,3630,0,The Motto,Drake
-0.09836671346562516,-0.07666470507927949,-0.005080938721578455,3635,0,Hot (feat. Gunna),Young Thug
-0.1948427240279986,0.10255972526454617,0.02233931409988,3636,0,Skibidi Toilet,Lil Big Stack
-0.20930203655623597,0.010675975887330933,0.08273892302513625,3628,0,moment,Vierre Cloud
-0.20797443669492902,-0.006897729649725649,0.0948389723930703,3649,0,Heaven Takes You Home,Swedish House Mafia
-0.020201919155243792,-0.1430623831963827,-0.015452048369382354,3664,0,Razzi Bolja,Harjeet Deewana
-0.2133736813894445,-0.0027008262826433826,0.10084468752787765,3658,0,"Tested, Approved & Trusted",Burna Boy
-0.11255218164565994,-0.03596662659707076,-0.016001028508173094,3667,0,GALOPA,PEDRO SAMPAIO
-0.12924157557269478,-0.03562396820788397,5.174423137412525e-05,3670,0,Reckless,Madison Beer
-0.19534420336152575,-0.015264885038212241,0.07926789919200357,3665,0,BEST ON EARTH (feat. BIA) - Bonus,Russ
-0.19966458939793522,-0.012336306935369544,0.08443634815246656,3676,0,Drunk (And I Don't Wanna Go Home),Elle King
-0.22133755081569584,0.007903709005927214,0.10724282924715965,3669,0,Overdrive,Post Malone
0.04667774307074517,-0.16521586418972717,-0.05200492011818169,3673,0,Cuando Nadie Ve,Morat
0.029252523848819996,0.009067065804409576,-0.16092861051511698,3652,0,Freak (feat. REI AMI),Sub Urban
-0.12802568696852096,-0.03361662589078468,-0.0022317181086129543,3672,0,Sugar Rush Ride,TOMORROW X TOGETHER
-0.20486135821810422,0.040696145329112775,0.05882573274747031,3654,0,Me Escapé,DobleP
0.21462190755209598,-0.13878559870737037,-0.16181436945323482,3668,0,Sakhiyaan,Maninder Buttar
-0.08227037709773595,-0.08404886739755738,-0.015966982020365846,3662,0,Without You (feat. Sandro Cavazza),Avicii
-0.19380738545097323,-0.016889958114518974,0.08068929484464084,3663,0,Aynen,Heijan
-0.11706863638922123,-0.01441101622948908,-0.021401725870437736,3675,0,IDGAF,Dua Lipa
-0.13898744743539404,-0.036241167091265215,0.014071896372770284,3653,0,Maniac,Conan Gray
0.17654131473337806,-0.22547041477605123,-0.07740924881448896,3655,0,Love Me Harder,Ariana Grande
-0.004909600772480617,-0.11832033376518042,-0.05304942447977924,3677,0,Si Supieras,Daddy Yankee
-0.13558895182138533,-0.045358256965605935,0.019845702867013558,3674,0,Love Someone,Lukas Graham
-0.08591366317061412,-0.06754497499517005,-0.02538496309759436,3659,0,Heart On Ice,Rod Wave
0.19610091755904352,-0.21841791690039547,-0.09125433063603068,3650,0,POP/STARS,K/DA
-0.0786639036713286,-0.09506242062397346,-0.010411363673116646,3671,0,Ring (feat. Kehlani),Cardi B
-0.20469148164490558,-0.010934088517657937,0.09173185893002372,3657,0,Potion (with Dua Lipa & Young Thug),Calvin Harris
0.21373241986729857,-0.21567288965040934,-0.1057934325840016,3679,0,"Young, Wild & Free (feat. Bruno Mars)",Snoop Dogg
-0.17380740992883523,-0.010079684424824768,0.04116251340838145,3703,0,NEW MAGIC WAND,"Tyler, The Creator"
-0.06666035260195413,0.30472333184006145,-0.15607459582308877,3704,0,Monster,LUM!X
-0.09681382079240519,-0.08637620318892553,0.0022112245437660286,3691,0,River (feat. Ed Sheeran),Eminem
-0.19163890028254452,-0.020229327594561215,0.07675750206483369,3690,0,Churchill Downs (feat. Drake),Jack Harlow
0.22283308612866945,-0.2365561723051936,-0.07424112278722347,3681,0,Wide Awake,Katy Perry
-0.13239730114993142,0.04992390044192092,-0.03506390348999992,3687,0,Lush Life,Zara Larsson
-0.20064721454591614,0.0029813586836910616,0.07433589813960699,3694,0,Wildberry Lillet,Nina Chuba
-0.21058413009727997,0.02439709264622647,0.07841330162904217,3701,0,Amapiano,Asake
0.03386221956523895,-0.15741142026021235,-0.05656715107794106,3695,0,Hola Señorita,GIMS
-0.18256243913790782,-0.024273947176075786,0.06882914676323743,3697,0,M.A (Mejores Amigos),BM
-0.0692316116878145,-0.05346623388458918,-0.049138887491006825,3699,0,Dream Girl - Remix,Ir Sais
0.19712135189608673,-0.22102788373266447,-0.0849765334056266,3685,0,Me Enamoré,Shakira
-0.1952367032209357,-0.01750184889817441,0.08349715162040017,3702,0,Geri Dönemedim,Semicenk
-0.09129483386332932,-0.0347679369071431,-0.03514355251821476,3689,0,on the street (with J. Cole),j-hope
-0.22434769275969055,0.00842091699883456,0.11259819881080992,3683,0,LOST FOREVER,Travis Scott
0.36909604688141084,-0.2737078213871661,-0.07367991569433589,3688,0,Bad and Boujee (feat. Lil Uzi Vert),Migos
-0.09098581600258715,-0.09455979305112644,0.006294337781569674,3696,0,What Ifs (feat. Lauren Alaina),Kane Brown
-0.12754506227883552,-0.0419250112279057,0.002958426725736813,3705,0,SET ME FREE,TWICE
-0.17707555882064738,-0.02122869223858325,0.054416420721835966,3714,0,Say Something,A Great Big World
0.5671262880570814,-0.26815619877926855,-0.04034510119744272,3720,0,You Belong With Me,Taylor Swift
-0.1798549119681197,-0.010023716814246682,0.05002015601703682,3731,0,"Sex, Drugs, Etc.",Beach Weather
-0.14026534385809844,0.007619147073870917,-0.009496689463734925,3727,0,Tchuco Nela,MC Rogerinho
0.4416869093390125,-0.2768714833385715,-0.05663594511299518,3730,0,Californication,Red Hot Chili Peppers
0.22079909856180877,-0.2052626064751133,-0.05467353334117181,3706,0,La Mordidita,Ricky Martin
-0.2233363847090436,0.0074916130820026445,0.11141845095616805,3734,0,One in a Million,Bebe Rexha
-0.1476162419958902,-0.051579860428814184,0.03707878556229553,3737,0,Playing Games,Summer Walker
0.0017213299572351826,-0.14465273726958514,-0.04347383275256001,3728,0,Often,The Weeknd
-0.18338869222139587,-0.01994783806342023,0.06283264257972362,3738,0,Better Things,aespa
0.2508650739231531,-0.2319574228887747,-0.08561521359163332,3716,0,Swag Se Swagat,Neha Bhasin
-0.18462028066535044,0.14694132118082995,-0.003909627517479763,3725,0,SEVILLA,Thrife
-0.03008377022331657,-0.10190388528605045,-0.049055184800772665,3712,0,Inolvidable,Ovy On The Drums
-0.16558529935313676,-0.03286352093226004,0.04703913959093462,3718,0,Zombie,Bad Wolves
-0.00429086741392549,-0.07941509321563422,-0.08552553838491757,3735,0,NI BIEN NI MAL,Bad Bunny
-0.19504516785409282,0.02707958152138318,0.05376783879484103,3721,0,MAÑANA SERÁ BONITO,KAROL G
-0.2026674219878357,-0.013010944866343174,0.09039194197900537,3736,0,My Heart Goes (La Di Da),Becky Hill
0.38012362722290033,-0.2411926111444752,-0.11121089176612357,3732,0,Candy Shop,50 Cent
-0.12669371011568012,0.01205321311748767,-0.02982836383859421,3724,0,ONLY,LeeHi
-0.2073491481289073,-0.0063495896306923665,0.09287327693002366,3723,0,Avalon,$uicideboy$
-0.18203221277783785,-0.009598054982454413,0.0573939330576243,3708,0,Puro Campeón,Grupo Marca Registrada
0.08947258164793587,-0.18543425288572207,-0.043222923092076815,3729,0,Esperándote,Manuel Turizo
-0.21235739381713656,0.008161349856758131,0.09070487871047718,3751,0,Gas Pedal,Sage The Gemini
-0.20420275184095268,0.05217413652876746,0.052242874998263494,3747,0,"Mnike (feat. DJ Maphorisa, Nandipha808, Ceeka RSA & Tyron Dee)",Tyler ICU
-0.12045210526537244,-0.049200962966991446,-0.000956866197874721,3754,0,DANCE CRIP,Trueno
-0.19204242834092514,0.11125122496602112,0.008893796816574305,3742,0,stellar,.diedlonely
-0.12074639059149263,-0.07653490873446885,0.02548434194228713,3740,0,En Tu Perra Vida,Grupo Firme
0.0229451217369695,-0.11004351896350448,-0.09051482159694706,3763,0,Malibu,Miley Cyrus
-0.21902837367237302,0.008884663086097132,0.10168451310707155,3741,0,Spinnin,Connor Price
0.05983425829381628,-0.16860919573303104,-0.007807120501980847,3749,0,Baby Shark,Super Simple Songs
-0.20905833233170676,-0.005310979782123948,0.09571636821012022,3759,0,BARBIEZ,Fuerza Regida
-0.15739947581652522,-0.02652049284208788,0.03510078397215203,3760,0,Coladin (Minha Deusa),Zé Vaqueiro
0.10248391644183394,-0.19741604233802612,-0.05124474389280904,3757,0,"Coca Cola (From ""Luka Chuppi"")",Tony Kakkar
-0.18136347408267836,-0.01760171485478606,0.06015256892940711,3758,0,Los Botones Azules,Junior H
-0.12802309227064254,0.07938157431161898,-0.04774008843103009,3755,0,Joli bébé,Naza
-0.0879334049671537,-0.05427271116634484,-0.031007707701236387,3739,0,Time of Our Lives,Pitbull
-0.07579887673138813,-0.0005540130781733959,-0.07714293806881152,3745,0,Blood // Water,grandson
-0.17990142064751574,-0.031210495059082192,0.06737693889650123,3753,0,Famous Hoes,NLE Choppa
-0.20485635778018896,-0.004872879721200261,0.0881727131959398,3756,0,AMOR PROPIO,Grupo Frontera
-0.10845223020173311,-0.05295042401415275,-0.008994953560776961,3743,0,This Town,Niall Horan
-0.20643665274805054,-0.007452689503277919,0.09195602426397961,3761,0,Maybe You’re The Problem,Ava Max
-0.20569344603171474,0.0018335239508332417,0.08400103766728713,3792,0,Lil Bit,Nelly
-0.11451425584440758,-0.06978880147924088,0.016620528723173808,3776,0,Rainy Days,V
-0.16560569117419252,0.07389545514172008,-0.013697348523765704,3784,0,Disaster,KSLV Noh
0.2024173291918654,-0.2157202486609873,-0.09609135297334806,3773,0,Feelings,Sumit Goswami
-0.21579431697140608,0.0007868698576280676,0.10264013045300245,3770,0,Trouble With A Heartbreak,Jason Aldean
-0.185752481691026,-0.025591981220464993,0.07370158265620337,3769,0,Los Collares,Oscar Maydon
0.0288941000847303,-0.039590477845631813,-0.13421002494933965,3778,0,Memories (feat. Kid Cudi),Kid Cudi
-0.22320533298260736,0.010642031119115066,0.1083592982077855,3789,0,It's That Time,Marlon Hoffstadt
-0.07155698900286726,-0.11270746774120961,0.011437825988667941,3775,0,Bakkal Amca,Kukuli
-0.14693426530338277,-0.06050768440297402,0.04695196685810224,3782,0,Die A Happy Man,Thomas Rhett
-0.2078275106508199,0.012896433719470699,0.07906717561984736,3766,0,Dah Dah DahDah,Nardo Wick
-0.22442603230769761,0.008346425140043372,0.11283706593180107,3787,0,Cab In A Solo,Scotty McCreery
-0.16036663643662794,-0.048640089993329694,0.05424062232282788,3771,0,Súbelo,Anuel AA
-0.19645054324623515,-0.014763836664169428,0.08125251222918643,3779,0,Bachke Bachke (feat. Yarah),Karan Aujla
-0.1052709823709647,0.026542608068213937,-0.06024505789381224,3785,0,Fed Up,Ghostemane
-0.11510645182698971,-0.07715920924002487,0.015578165636927776,3781,0,Slide,H.E.R.
-0.2214404892530239,0.0061153451135419435,0.10878163427920656,3777,0,Be The One,Eli Brown
-0.17581779578728063,0.13707056355974678,-0.018569383297533035,3767,0,This City,Sam Fischer
-0.18724371465948542,-0.025061642510444446,0.0750181535603088,3801,0,Os Bico Tão Se Perguntando (Let’s Go 3),MC PH
-0.21337605658506947,0.001913307355278411,0.09673508548039789,3818,0,Last Time I Saw You,Nicki Minaj
-0.22013787028295043,0.004026810994325278,0.1079096737074823,3820,0,Did Me Wrong,A Boogie Wit da Hoodie
-0.13007618683194364,-0.06513035985417691,0.025566979143182327,3811,0,ลืมไปแล้วว่าลืมยังไง (Fade),Jeff Satur
-0.19457412900951707,0.05432999274815632,0.037005050751684795,3800,0,Get Back,Pop Smoke
-0.10429492552635296,-0.025706560922960364,-0.03133762109518874,3821,0,Panic Room,Au/Ra
-0.08553357731795606,-0.077524394253649,-0.016872327234284473,3797,0,Baila Conmigo (feat. Kelly Ruiz),Dayvi
-0.07087657517947328,-0.10949764920465722,-0.007140476977023538,3819,0,Noticed,Lil Mosey
-0.1443962381643579,-0.0384220993121827,0.02135648735012758,3809,0,Shoota (feat. Lil Uzi Vert),Playboi Carti
0.05168976664470398,0.5557575758327972,-0.1365400248049483,3793,0,Happy Birthday,Jovanie
0.21689401319944146,-0.11334889309021806,-0.17652626389080162,3812,0,The Greatest,Sia
0.14761162440264888,-0.17521582326543053,-0.11171020545974297,3815,0,Ignite,Alan Walker
-0.1939532536058293,-0.01828918139642945,0.0790777548826969,3805,0,Sharing Locations (feat. Lil Baby & Lil Durk),Meek Mill
-0.20395344872886992,0.03490148050427252,0.06464239504046752,3794,0,Gấp Đôi Yêu Thương,Tuấn Hưng
-0.19247627434836714,-0.019917539376020667,0.07838149149626497,3814,0,Vette Motors,YoungBoy Never Broke Again
-0.20946444716762788,0.07138298072277263,0.05745388051457838,3816,0,Only Fine Girl,Spyro
-0.13086036330618292,0.23482935154834952,-0.08875651372359868,3813,0,Overwhelmed,Royal & the Serpent
-0.053001472161670386,-0.04912164318503642,-0.07031896145447812,3799,0,Good as Hell,Lizzo
-0.1897442794075141,0.019552245960190954,0.04936256134108041,3802,0,Caroline,Aminé
-0.02099727803442656,-0.11423231512833347,-0.0421265405915955,3817,0,Adictiva,Daddy Yankee
-0.16651851739618087,-0.03351387972578692,0.04810448854828491,3798,0,Kitsch,IVE
-0.09696279430868925,-0.07753909126254338,-0.004882361764863628,3823,0,Rewrite The Stars,Zac Efron
-0.18789423042134537,0.02249871453401486,0.041507447677444145,3836,0,Hype Boy,NewJeans
-0.1891174462683744,-0.019120528524996273,0.07430967239404634,3826,0,GUCCI LOS PAÑOS,KAROL G
0.07215661872820148,-0.15505104963036256,-0.08743644356965691,3841,0,Legends Never Die,League of Legends
-0.22247593248190706,0.006765283859846884,0.11016222424241061,3824,0,BLEED,The Kid LAROI
0.23012237011213932,-0.2306619356490687,-0.05209154185206874,3845,0,Desde Esa Noche,Thalia
-0.15035131299553134,-0.03707946052327338,0.029279206277191504,3839,0,SOS (feat. Aloe Blacc),Avicii
-0.12277033066839553,-0.06575234886611582,0.015802475271396787,3830,0,FRANCHISE (feat. Young Thug & M.I.A.),Travis Scott
0.14163185912789036,-0.052493513565578576,-0.1778743368988302,3831,0,Kya Baat Ay,Harrdy Sandhu
-0.16331307341789036,-0.03833735519627896,0.04725990378393002,3828,0,Do not touch,MISAMO
-0.21999177548588922,0.005567216809740911,0.10639546392263595,3840,0,PERSIAN RUGS,PARTYNEXTDOOR
-0.20393072092940573,0.02579171289723804,0.06481263791465774,3835,0,Ambition For Cash,Key Glock
0.01085399224975913,-0.14871642491573428,-0.02211975146107725,3832,0,En Peligro de Extinción,La Adictiva
-0.1805317319852919,-0.0014161514763826129,0.04906050616566758,3838,0,Besito,Soy Pau
-0.13167683137784508,-0.04833505529635221,0.013345717051547197,3829,0,Be Kind (with Halsey),Marshmello
-0.211510356298865,-0.00014316784886752437,0.09532314606275387,3822,0,Zukunft Pink (feat. Inéz),Peter Fox
-0.2013906126150059,-0.0020340811316196406,0.0797613133838887,3837,0,CCC,Michelle Maciel
-0.061737251050605006,-0.049235303685016295,-0.06043936786728515,3874,0,Electric Love,BØRNS
-0.19763543395763652,-0.013317057990865331,0.08225629851638362,3871,0,Jee Ni Lagda,Karan Aujla
0.08869216675861226,0.07949347384655202,-0.20302929132234646,3873,0,Nira Ishq,Guri
-0.20626775210319725,-0.007391642762760605,0.09182998691985239,3868,0,lo que hay x aquí,Rels B
-0.06362571953081925,-0.11272937601815546,-0.011299720263006125,3847,0,Jugnu,Badshah
-0.16598405998534424,0.025630506007173207,0.010019650550684756,3869,0,Graduation (with Juice WRLD),benny blanco
-0.12421335346266464,-0.07170207155580521,0.022067558280937503,3856,0,Fim de Semana no Rio,Teto
-0.22337927536746202,0.00901372378801961,0.11030036818027222,3883,0,Best Time,Brent Faiyaz
0.30643693773058933,-0.2486723072913082,-0.09897070938391161,3851,0,Hot N*gga,Bobby Shmurda
-0.18600409177748872,-0.002857478794076811,0.061098214842101733,3872,0,No Sufriré por Nadie - Remix,Joaquin Guiller
-0.1956843873105534,-0.015712751407060736,0.07986139030261763,3848,0,For Tonight,Giveon
-0.21346304538208813,0.00023609853451572244,0.09838498396751415,3846,0,Barely Holdin' On,Polo G
-0.20546138790984309,0.06539869736191149,0.051449717714817,3849,0,Lihim,Arthur Miguel
-0.21946486358908374,0.009214855733834224,0.10282894247387549,3882,0,Shake It Off (Taylor's Version),Taylor Swift
-0.0966400518492053,-0.040632885754825224,-0.026607816600296638,3857,0,Quiéreme Mientras Se Pueda,Manuel Turizo
-0.2215735916035759,0.005373119936009361,0.10986244340162121,3878,0,0800 HEAVEN,Nathan Dawe
-0.09962424188776367,-0.09476805394222805,0.015153370053392916,3860,0,Elegí (feat. Dímelo Flow),Rauw Alejandro
0.19179692577394736,-0.22142244172908743,-0.09044137998501721,3885,0,Hallelujah,Pentatonix
-0.20274930516691905,-0.011232466065189071,0.08884784422889125,3886,0,March Madness,Future
-0.09110424991092393,0.03206631112477521,-0.07788177986133321,3875,0,Que Calor (with J Balvin & El Alfa),Major Lazer
-0.16758059696150335,-0.0225849609903617,0.04152607906025976,3876,0,Make No Sense,YoungBoy Never Broke Again
-0.12941386182632453,-0.06974435479036117,0.02726537847075463,3887,0,STARGAZING,Travis Scott
-0.17356897778431843,0.061710828640227346,0.004693897090063528,3855,0,Munch (Feelin’ U),Ice Spice
-0.06619798220772809,-0.10631901558357112,-0.014402389650634466,3877,0,If You Want Love,NF
-0.2219188458804486,0.023321634411207937,0.09649191645875277,3867,0,Revenge,XXXTENTACION
-0.2117276617512304,-0.0020994200560191904,0.09726946326210335,3918,0,White Iverson,Post Malone
-0.16187984406208353,-0.045490321405324476,0.05697154163790079,3900,0,Hola - Remix,Dalex
-0.07741420698474423,-0.10930204298800597,0.0055337061198593735,3891,0,Say Something (feat. Chris Stapleton),Justin Timberlake
-0.18673657100613572,0.05921276825884945,0.028138494058095424,3912,0,Hoa Cỏ Lau,Phong Max
-0.1785842975662845,0.059220073920660296,0.012117685558539648,3914,0,I Know,Kanii
-0.21383927870993913,-0.002175894509456178,0.1010416886164097,3889,0,lost souls,Baby Keem
-0.19720769118843706,0.0018808514211920897,0.06911117068188478,3907,0,Hold Me Closer,Elton John
-0.04543461815440421,-0.05236053201255108,-0.07403669788672552,3901,0,Se Joga no Passinho,Brisa Star
-0.08224450877923933,-0.08646285076826374,-0.01520736188699278,3923,0,Girls,aespa
0.0016793353825610845,0.09575763750146035,-0.17774401888240732,3922,0,Classic,MKTO
-0.20331748643316147,0.021295628393676186,0.06718194240028953,3905,0,The Last Goodbye (feat. Bettye LaVette),ODESZA
-0.07016844758588281,-0.1073342484865353,-0.009974591943621079,3896,0,The Weekend,SZA
-0.1840126254911446,0.13508845671320135,0.005002990375999127,3920,0,Overloading (OVERDOSE),Mavins
-0.02457889699842478,-0.1356282365965313,-0.027558108193584157,3913,0,Stole the Show,Kygo
-0.20497687765132824,-0.009231443363653958,0.0912357568511285,3906,0,Chasing After You (with Maren Morris),Ryan Hurd
-0.145914347150452,0.18883268229794212,-0.06652505089503524,3917,0,Kini Ecko Pergi Meninggalkanku,Ecko Show
-0.22395995960515241,0.00804968666894159,0.1121082297552254,3919,0,LOOOVE (feat. Kid Cudi),Travis Scott
-0.18802181353954814,-0.0257854395626041,0.07569561564733968,3894,0,10 Freaky Girls (with 21 Savage),Metro Boomin
-0.1278500220680916,0.27150585377436315,-0.06704906397444123,3895,0,Bahagiaku Sederhana,Jamik Jams
-0.21251391083758153,-0.0030574392703480702,0.09951228243941918,3908,0,UNA CERVEZA,Fuerza Regida
0.043888315763609194,-0.12961922217917307,-0.07326801564541184,3909,0,"SG (with Ozuna, Megan Thee Stallion & LISA of BLACKPINK)",DJ Snake
-0.14666899151415597,-0.05279290673097865,0.03665141347441014,3904,0,Conversations,Juice WRLD
-0.08821910722947565,-0.09752990307990834,0.0018132922617978635,3924,0,Rake It Up,Yo Gotti
-0.0930317132508408,-0.09768391281675688,0.012297479823924446,3910,0,De Vuelta Pa' La Vuelta,Daddy Yankee
-0.216808323587956,0.003893962415296979,0.10174982677867485,3898,0,Sunshine,OneRepublic
-0.20921207730458766,-0.00503193738390077,0.0948959699649146,3903,0,Walk,Kodak Black
-0.22433394270513995,0.011268923548442892,0.11053164637757461,3935,0,9 bis 9,SIRA
0.1039477982789791,-0.18275817859572793,-0.08227242611434842,3949,0,Versace on the Floor,Bruno Mars
-0.14209936979703106,-0.051887937368848384,0.031540985044297754,3954,0,Bailando,El Jordan 23
-0.1755323800158879,-0.03372082139969561,0.06674556457571,3961,0,Runaway (U & I) [Dance],MELON
-0.060777021673799836,-0.11840381295881176,0.005057899406342086,3940,0,Hasta la Miel Amarga (feat. Grupo Firme),"Luis Angel ""El Flaco"""
-0.1654483256493038,-0.03643671390263423,0.04903970970882223,3937,0,Love Me Like This,NMIXX
0.05888878061473998,0.43379120048396425,-0.19021500359820315,3936,0,Buss It,Erica Banks
-0.1999723822121642,0.03348285751218062,0.05372919999116525,3941,0,Five Nights at Freddy's,The Newton Brothers
-0.1926708497921075,-0.019374189972977216,0.07799411465044082,3938,0,Matte Black,$uicideboy$
-0.20102753840909507,-0.006744651910700645,0.08221008359952171,3957,0,Animals,Martin Garrix
-0.1786978716057211,0.1532417273812427,-0.01081416554239371,3958,0,Uhaw,Dilaw
-0.15781770184616464,-0.03672820415413424,0.04159440250872142,3939,0,FRIKI,Feid
-0.1212704989470944,-0.030066419057801993,-0.007662463825578396,3960,0,Bondade de Deus,Isaias Saad
-0.2216510621955959,0.02853138101607262,0.09300886714424624,3932,0,Let The Light In (feat. Father John Misty),Lana Del Rey
-0.20029542889978244,-0.012865313529357143,0.08579485646591006,3928,0,Love 119,RIIZE
-0.007702111108397865,-0.14409990006863352,-0.03538763899996564,3945,0,Jar of Hearts,Christina Perri
-0.14391070036075723,0.1322703457667176,-0.04720601992249784,3944,0,UP,INNA
-0.16598356040278361,-0.04486027433747209,0.057407828766826395,3943,0,LOS APARATOS,El Alfa
-0.1606869489617558,-0.04852757403850535,0.05320222273052431,3926,0,¿Qué Nos Pasó?,Anuel AA
-0.21854214176747314,0.008588224422870794,0.10190825898387262,3925,0,I Won't Give Up,Jason Mraz
-0.204605094715471,0.03990968756374915,0.05777095253583767,3959,0,I GUESS I'M IN LOVE,Clinton Kane
-0.04420708775112441,-0.10515996658317116,-0.03593911121422162,3933,0,Tapão Na Raba,Raí Saia Rodada
-0.20493223293525878,-0.0021487358650169198,0.0846733682785292,3947,0,SWEET / I THOUGHT YOU WANTED TO DANCE,"Tyler, The Creator"
-0.21767027205431455,0.0017976462768980817,0.10490900412442666,3948,0,Yes I'm A Mess,AJR
0.1795777126046672,-0.1685164303507805,-0.12161648076260548,3955,0,Try,P!nk
-0.18602382281844007,-0.024472004771543248,0.07090683201675513,3929,0,VVS Switch,Pressure 9X19
-0.11110851234711523,-0.07238282370830293,0.00684446977400288,3930,0,Can I Call You Tonight?,Dayglow
0.7039425398309175,-0.2302509453023833,0.029404928889507735,3931,0,Sweet Child O' Mine,Guns N' Roses
-0.15604065259998043,-0.03734381536838382,0.03725274820671097,3972,0,Obsessed,Riar Saab
-0.21488062104160963,0.013062971075861235,0.09106993973926954,3966,0,Madrid City,Ana Mena
-0.020639292112275793,-0.002560309139367352,-0.12270024231000728,3979,0,Ropa Cara,Camilo
-0.1585785069832909,-0.04672835235200937,0.04776934069978494,3968,0,Straightenin,Migos
0.16325112776498663,-0.20959803684590336,-0.03029987120590529,3988,0,Percherón,El Reino Infantil
0.5073225001365081,-0.23756942267058437,-0.09891573771830925,3963,0,Bring Me To Life,Evanescence
-0.050691601417780355,-0.11456208415185379,-0.0233498240749592,3991,0,Me Gusta,Shakira
-0.18846395669373803,0.07211583332254401,0.024547960449646775,3974,0,Middle,DJ Snake
-0.21922616388488567,0.00300552167008143,0.10713038723603488,3973,0,Ron Artest,Babyface Ray
0.5575107286440533,-0.11693736017355646,0.19353143834452458,3969,0,El Patito Juan,Biper Y Sus Amigos
0.2483359751164457,0.7354303813964168,-0.10247199067271326,3976,0,Jumpshot,Dawin
-0.09836163553353854,-0.08856633860953696,0.005444778916378932,3983,0,Mockingbird,Eminem
0.036846734926424436,-0.17041087126289564,-0.0433446930484625,3982,0,Asesina,Brytiago
-0.21320100139210027,-0.0022740584813965483,0.10008249378641021,3977,0,bread & butter,Gunna
-0.16041842648501045,-0.04751575168636619,0.05119306092585611,3984,0,Smile (with The Weeknd),Juice WRLD
-0.083138470146985,-0.09603769652071309,-0.004424618381055978,3962,0,XXL,UZI
-0.15354436040791486,0.01847955151704831,-0.00037984545958864125,3965,0,Show Me How,Men I Trust
-0.05410627472802908,-0.12335733758725016,-0.00825648719004011,3964,0,Pour It Up,Rihanna
-0.2229890908941069,0.011363487595727069,0.10788734472007579,3985,0,MONEY AND VIBES,Nemzzz
-0.09744384122868167,-0.08176675885389609,-0.0012975849417400907,3993,0,Love Is Gone - Acoustic,SLANDER
-0.1804013658212613,-0.030860080066364193,0.06809722209881487,4023,0,Por las Noches (Remix),Peso Pluma
-0.2226805902148678,0.01018860794173888,0.10818171051004093,4009,0,TABU.,Yung Yury
-0.2053439908039505,-0.0006084416270006304,0.0848748148720971,4006,0,Toxic,YG
-0.22504644606070723,0.009181639097603887,0.11335620313979307,3992,0,Solid (feat. Drake),Young Stoner Life
-0.09239803289086439,0.022790423788802236,-0.0697403072858949,4005,0,Joro,Wizkid
-0.20865974295868853,-0.003674318335599188,0.09250337226978729,4002,0,Stop Breathing,Playboi Carti
0.12817647434182083,-0.16309363361362111,-0.08768639835232729,4008,0,all the good girls go to hell,Billie Eilish
-0.15729830678328427,-0.03789553508851361,0.0415502865464214,4021,0,Hate You,Jung Kook
0.07479893683069251,-0.18802321491665067,-0.04552235170821464,4015,0,Mírame,Nio Garcia
-0.2043699070706559,0.05543252125013396,0.055311587479854075,3996,0,So Fine,Realest Cram
-0.18200307599393925,-0.02190051347402279,0.06222535510136158,4003,0,Father Stretch My Hands Pt. 1,Kanye West
0.06877604022347812,-0.17211128125255742,-0.07247864585542231,3999,0,505,Arctic Monkeys
-0.18332075020220565,-0.0308177375943208,0.07389555480374971,4019,0,Banco do Carona,Mc Don Juan
-0.1910760325844469,-0.01723384006819565,0.0767651541890542,4001,0,DISCOTEKA (feat. Locura Mix),The La Planta
-0.008551269690544542,-0.12008533038975765,-0.04945500650168021,4022,0,I Get The Bag (feat. Migos),Gucci Mane
-0.011285613815257455,-0.14248142535936512,-0.03518385322066083,3997,0,Terre Pyaar Mein,Himesh Reshammiya
-0.09943041756758002,-0.0915849619739719,0.00915964617212161,4014,0,Colors,Black Pumas
-0.20159420529178426,0.0011123790457964616,0.07735070848467025,4000,0,Flowers,Lauren Spencer Smith
0.15135270470977621,-0.18939777585758888,-0.09283183473756924,4047,0,Nikle Currant,Jassie Gill
-0.14024194967959816,-0.03873199655838737,0.017421204573969236,4033,0,Stir Fry,Migos
-0.0240919937610051,-0.13195254708621562,-0.033664700543704,4037,0,"Bitch, Don’t Kill My Vibe",Kendrick Lamar
-0.18994009415205831,-0.010087483557685677,0.06639048360348379,4035,0,DOLLAZ ON MY HEAD (feat. Young Thug),Gunna
-0.19103235035209296,0.016858956072129814,0.05332756222267437,4038,0,7 Summers,Morgan Wallen
-0.003044829191594042,0.0839780081339812,-0.15878469539847628,4052,0,Wrong,Luh Kel
-0.060714255688104325,-0.058186278482811805,-0.057632130951564886,4025,0,You're Somebody Else,flora cash
-0.22174631295508868,0.0062297697975857705,0.10927516110750353,4048,0,BOTH,Tiësto
-0.20006306557203532,-0.011823144506721232,0.084214487986854,4032,0,River,Miley Cyrus
-0.15758599697531298,-0.03447883943970159,0.0391633462399593,4046,0,Extssy Model,Junior H
-0.1615945476875742,0.017450897705226787,0.010467155420808281,4034,0,Formula,Labrinth
-0.18983975801392203,-0.005287715924653663,0.06197799529830378,4036,0,Suzume,RADWIMPS
0.007320904571443088,-0.128959020810027,-0.05512200015101507,4053,0,Nada,Cazzu
-0.08892154208558006,0.06769189026849548,-0.08901156795138886,4027,0,Ashes,Stellar
-0.22036703767821986,0.006756538756783735,0.10627554861943583,4040,0,Copa Vacía,Shakira
-0.2117569802267354,0.004574471937784353,0.09201993633465548,4039,0,Heyy,Lil Baby
0.023220244877090793,-0.16131552745153638,-0.029788157497790662,4029,0,Que Va,Alex Sensation
-0.16039490224809302,0.03510842497710979,0.0012571709559730335,4041,0,Rampampam,Minelli
-0.014575325064633375,-0.04665994579241807,-0.10029749074847545,4043,0,WA DA DA,Kep1er
-0.0227903385401645,-0.07978928253946604,-0.076212404373712,4030,0,Seven Nation Army,The White Stripes
-0.1704995195672417,-0.037411337080253855,0.057693363543508513,4024,0,AHHH HA,Lil Durk
-0.173909897804847,-0.017013315116928437,0.04600047602926654,4031,0,Do It Like That,TOMORROW X TOGETHER
0.06782464867101579,-0.17840062086751965,-0.06402078068186029,4054,0,Enjoy Enjaami,Dhee
-0.10457728779590188,0.14101567291474423,-0.08983334378002351,4050,0,Bezos I,Bo Burnham
0.09836349424911286,-0.17297330736942854,-0.08386995422273984,4028,0,Where Have You Been,Rihanna
-0.2182401097622528,0.0027141286380145888,0.10557528136197307,4055,0,Pelle Coat,Lil Durk
-0.20981554210758932,0.03073309517908893,0.07121477452273486,4079,0,22,JayO
-0.18169275610137742,-0.025851417763608973,0.06525422486902437,4063,0,No Love,Summer Walker
-0.07778815149831242,-0.10301945811919076,-0.0015590310829155824,4059,0,Piensan,Myke Towers
-0.027100628354453336,-0.13096137092378715,-0.03156091930370735,4071,0,Feels Like Summer,Childish Gambino
-0.18997420817247607,0.03723483458205599,0.03698071039938548,4076,0,Fly Away,Tones And I
0.10669767744680204,-0.09205687880518716,-0.15006226029435726,4077,0,Little Do You Know,Alex & Sierra
0.15465439078778748,-0.19219614198262644,-0.05542783450814787,4078,0,Travesuras,Nicky Jam
-0.18691549678777367,0.11893943783428362,0.014344047587957352,4067,0,Témoignage - Live,Eunice Manyanga
-0.19863397553828407,0.008505653321628535,0.06725677594444146,4069,0,LOT OF ME,Lil Tecca
-0.19795808723080296,0.007490533380662367,0.06637067638467903,4070,0,Mil Veces,Anitta
-0.15899509178546842,-0.04607698453161984,0.04814058709548821,4060,0,Yaar Ka Sataya Hua Hai (feat. Nawazuddin Siddiqui),B Praak
-0.07757508729721209,0.006544766078256284,-0.0790815170037901,4081,0,King's Dead (with Kendrick Lamar & Future),Jay Rock
0.172078544446486,-0.2258365046067183,-0.06519536568669423,4056,0,Aashiq Awaara (feat. Sunidhi Chauhan),Badshah
-0.19716725246913663,-0.010080175653879194,0.07880079114960667,4064,0,Off The Record,IVE
-0.21718093014891574,0.002276348351494648,0.1038431896325914,4057,0,BABY SAID,Måneskin
-0.17843211362366784,-0.023379830455923078,0.05950813316103559,4065,0,Gangstas,Pop Smoke
-0.2051138442678386,0.07051824230297131,0.04822390397192891,4074,0,Too Good,Drake
-0.20132355835713067,-0.011220594544460527,0.08631330469098179,4098,0,Alone,Rod Wave
-0.2081501756649405,-0.006538340520242885,0.0941608190824523,4101,0,One Up,Central Cee
0.2473147975475362,-0.16540261860091754,-0.1525837189858886,4117,0,idfc,blackbear
-0.1612400566806602,0.19997537686027994,-0.028478928588324553,4093,0,Revisando El Celu,HCTM
-0.16850383564651436,-0.043286370513464734,0.06021764143346407,4090,0,Only Girl (In The World),Rihanna
-0.15277029688409183,-0.05548388997535736,0.04831244940022621,4087,0,OTW,Khalid
-0.18421196206260693,-0.027853926483855627,0.07098332734852958,4107,0,Who Needs Love,Trippie Redd
-0.11865061206635855,-0.07311255652975834,0.016645541057388042,4097,0,Hit Different,SZA
-0.1562611316940464,-0.04027500230499676,0.04102765103691611,4082,0,Rubicon Drill,Laddi Chahal
-0.2045326495067952,-0.008437644126224305,0.09026691593980007,4109,0,Un Cigarrillo,Chencho Corleone
-0.07982346201904773,-0.1050569748820679,-0.0012833174677281342,4099,0,Birthday Sex,Jeremih
0.41968715282176544,-0.215029054069977,0.05315450324402568,4086,0,Los Patitos,El Reino Infantil
0.032617890877333335,-0.16226341859306284,-0.051629276266359644,4106,0,Te Ire A Buscar,Santa Fe Klan
-0.21385401672891402,0.0015440974163086908,0.09775107974689425,4100,0,DORA,FARIANA
-0.21469522517131212,0.0008066286202952132,0.10030212639599295,4095,0,Better Place (From TROLLS Band Together),*NSYNC
-0.17899838679794242,-0.013404440972174012,0.051167315959897944,4105,0,Cry,Cigarettes After Sex
-0.20531995553923088,-0.0032193255477775294,0.08754861086472286,4092,0,Tequila,Dan + Shay
-0.2182917643495371,0.01966174434300086,0.09306502946978036,4113,0,Energy,Digga D
-0.0873552837705541,0.03213340820314868,-0.0770042032852927,4102,0,Polaroid Love,ENHYPEN
-0.20595420919311927,-0.008336323355925457,0.09156823505452676,4083,0,HONEY (ARE U COMING?),Måneskin
-0.15309815542647998,-0.05085987238571723,0.0434671224068229,4104,0,What A Man Gotta Do,Jonas Brothers
0.10462552062431077,0.16550162209920044,-0.21792328923546875,4094,0,Do It Again,Pia Mia
0.08686065081561126,-0.19190014586362683,-0.045787475070037977,4108,0,Lemon,Kenshi Yonezu
-0.21517012166662935,0.007085017076778098,0.097314866450783,4135,0,Margiela,Ezhel
-0.15298954226273623,0.05969600097611118,-0.01771060881693089,4131,0,Me and My Brother,5ive
-0.08468883081016941,-0.09825291462246413,-0.0006154023802271984,4130,0,How To Love,Lil Wayne
-0.017920703971183314,-0.10031448814691804,-0.06081080354594487,4128,0,SNEAKERS,ITZY
-0.16749537700833225,-0.04289176758799591,0.059071999994375124,4134,0,Solar Eclipse,YoungBoy Never Broke Again
-0.1773705445961466,-0.020521067684003542,0.054695761076550754,4133,0,ASAP,NewJeans
-0.2010018323967908,-0.01169266429484302,0.085992685188164,4119,0,No Switch,YoungBoy Never Broke Again
-0.20115413512213712,0.0021960011766762617,0.07611656143464969,4122,0,Heatin Up (feat. Gunna),Lil Baby
-0.2138165713005722,-0.0021734925223089174,0.10098267432905003,4123,0,Never Sleep (feat. Lil Baby),NAV
-0.20233414528874424,0.011048940175647693,0.07041199364296431,4124,0,I'm Just Ken,Ryan Gosling
-0.17337503210092428,-0.023560581530453505,0.05241335058472772,4126,0,In Your Eyes (feat. Alida),Robin Schulz
-0.18908848560697344,0.003705808408318415,0.054655949628489485,4137,0,ROLLIN N CONTROLLIN FREESTYLE,DUSTY LOCANE
-0.16850503729824248,-0.03617826279479082,0.05345983007102214,4146,0,GO (feat. Juice WRLD),The Kid LAROI
-0.10841849419871354,0.15684917656917308,-0.10115048978365328,4168,0,Backyard Boy,Claire Rosinkranz
-0.1185674422536498,0.29651074970696395,-0.09715229821779597,4169,0,Back It up and Dump It (Dump Truck),GC Eternal
0.04479723695495539,-0.14231144071053517,-0.08044385594164026,4159,0,Skyfall - Full Length,Adele
0.6765017211728106,0.3954748213065891,-0.0854477657957054,4155,0,Beautiful Girls,Sean Kingston
-0.09863232309425188,0.12237163330875028,-0.08419249490524579,4153,0,Saawariya,Aastha Gill
-0.2130813447592608,-0.0024058329923390682,0.1000788691030699,4157,0,Mon amour,Slimane
-0.08558124363939425,-0.08374236109437373,-0.005551891175324519,4151,0,Горький вкус,Султан Лагучев
-0.18599343195904086,-0.01835352033805189,0.06852061059506706,4162,0,Давай сбежим (Искорки),5УТРА
-0.22058717965295893,0.0044648068534327645,0.108526709167861,4167,0,Rainfall,Tom Santa
0.43460487397431596,-0.1532093426643817,-0.09356601333353247,4152,0,Earth,Lil Dicky
-0.12443838312828967,-0.07261116023098879,0.024812214766391675,4158,0,23 Preguntas,Anuel AA
-0.165783585601759,0.11629407125285243,-0.026819273815450177,4154,0,Mi Gata,Standly
0.11190028300214398,-0.15693823977984828,-0.08073184705592798,4148,0,Chillax,Farruko
-0.12732958379780684,-0.050450920945936104,0.014020290276522969,4144,0,Bilmem Mi?,Sefo
-0.18211427273517938,0.11727417958316473,0.0007627135428722899,4160,0,Tattoo - Remix with Camilo,Rauw Alejandro
0.016258423785729267,-0.1347134363540868,-0.05015283619694019,4163,0,Ready For Love,BLACKPINK
-0.146142462322083,-0.050019841293326525,0.033279498863699145,4164,0,Tombstone,Rod Wave
-0.10046066940557961,-0.05993574408519134,-0.008363443324464124,4149,0,Федерико Феллини,Galibri & Mavik
0.03478123296040703,-0.15815628456713715,-0.05890766182638541,4175,0,Million Reasons,Lady Gaga
-0.21846777611041496,0.011657548673108725,0.09976850856852214,4170,0,Can't Have Mine,Dylan Scott
-0.20254423949827277,0.033791225020740084,0.057048062516034,4188,0,supїdo,фрози
-0.21805033976455626,0.0017630837287060904,0.10612594982956879,4189,0,Yankee 150,Yandel
-0.2114659428969849,-0.004523641041543328,0.09883407442205829,4176,0,Yacht Club (feat. Juice WRLD),Lil Yachty
0.24088676410916365,-0.2306614714830441,-0.0905134437426822,4172,0,The One That Got Away,Katy Perry
-0.04497315460584483,-0.12416646725590864,-0.02071333667386624,4191,0,La Romana,Bad Bunny
-0.22137340042370043,0.005442147125660059,0.10912063929623386,4190,0,Fine Day Anthem,Skrillex
-0.22361646799334314,0.008763169409805389,0.1108580557459006,4185,0,Big Jet Plane,Restricted
-0.22262778603930136,0.006743820463993021,0.1104756085556345,4181,0,The American Dream Is Killing Me,Green Day
-0.16006311649436758,-0.04779445618509235,0.05316037407869889,4182,0,Fuga Pa Cali 2,Grupo Los de la O
-0.14547801302442506,-0.015902970930369978,0.009402829799228195,4173,0,Pano,Zack Tabudlo
-0.22411821495405865,0.008177719895378136,0.11233172118690031,4177,0,All The Parties (feat. Chief Keef),Drake
-0.10958949730265774,-0.052538493366557616,-0.010291393106212713,4187,0,When I Was Your Man,Bruno Mars
-0.2239543209614729,0.010620637011898568,0.11039991406899075,4210,0,Cruise,Florida Georgia Line
0.7361787830849801,-0.1284430041043104,0.11789217652025913,4201,0,Blood Sweat & Tears,BTS
-0.19744160735083446,0.0021235666474836825,0.07002487817907893,4215,0,All We Got (feat. KIDDO),Robin Schulz
-0.12352138644314999,-0.06563538263471731,0.016706022777726252,4195,0,Lie,NF
0.3154817060268252,-0.21468423522597155,-0.1120686354435284,4207,0,Love Shot,EXO
-0.21983461077056046,0.008089823105654445,0.10392143039190425,4214,0,Down In Atlanta,Pharrell Williams
-0.18412130279806677,0.0031090971669771373,0.0487042582924783,4216,0,Experimento,Myke Towers
-0.16305188379135122,-0.038671715065345294,0.04807898357378786,4217,0,Only,Nicki Minaj
0.4348414840396189,0.7929006473384813,0.05045627385921093,4202,0,Ginseng Strip 2002,Yung Lean
-0.22020902261550668,0.005448264265164924,0.10683323955048002,4192,0,Good To Be,Mark Ambor
0.003510143265245973,-0.04010665906827142,-0.12067271967294525,4205,0,My House,Flo Rida
-0.2179645185202055,0.010334445998983078,0.099712113864907,4209,0,Sun to Me,Zach Bryan
-0.216662382641186,0.0009624772321625404,0.10405453528723381,4218,0,Hours In Silence,Drake
0.37533636975989343,0.8581223364403573,-0.10128486256883622,4193,0,Title,Meghan Trainor
-0.20678718987515882,0.0006743630744560759,0.08618155216184896,4197,0,ID,Young Miko
-0.20125217562020103,-0.011712469423614778,0.08627888968679981,4194,0,In My Head,Juice WRLD
-0.15601954962747608,0.014642990196215157,0.0038268413667462467,4206,0,Bori,6ix9ine
-0.16116441356248418,-0.029580477174677614,0.03918546005037645,4211,0,Baller,Shubh
-0.19623647016325838,0.017716756591207198,0.057443609706199224,4200,0,Remember That Night?,Sara Kays
-0.21444954217456028,-0.0011112197255389324,0.10131761707790288,4208,0,Hummingbird (Metro Boomin & James Blake),Metro Boomin
-0.0805982800472709,-0.0971306785461686,-0.00383574501110877,4199,0,Tigini (Remix),Kikimoteleba
0.026503845187785896,-0.1548473428695743,-0.04572951488113305,4220,0,Sobredosis (feat. Ozuna),Romeo Santos
-0.13751745398658943,-0.03986748569774703,0.013219921680370322,4239,0,Bound 2,Kanye West
-0.09141269855548062,-0.0985981815973114,0.008494937125835047,4232,0,Proteção de Tela,Tarcísio do Acordeon
-0.18197866014511174,0.035111920673902494,0.02816080445034436,4244,0,Pião de Vida Louca,Japãozin
-0.22074485247040238,0.007402612460887191,0.10631762901193513,4223,0,COULD BE WRONG,LOSTBOYJAY
-0.2141805947737732,0.00571593451608289,0.09545809943170364,4253,0,Night Away (Dance) (feat. Tion Wayne),A1 x J1
0.05187401598213128,-0.1670056632134285,-0.06449048503763366,4231,0,Empire State Of Mind,JAY-Z
0.24636930574346994,-0.24605955804759122,-0.07119052628031691,4237,0,All Eyes On You (feat. Chris Brown & Nicki Minaj),Meek Mill
-0.14765192866118987,-0.06004682034962615,0.044432828597310424,4250,0,Starboy - Live,The Weeknd
-0.013241984008795026,-0.13318298254010216,-0.038781468890686184,4236,0,Bubalu,Becky G
-0.20314941566442216,-0.008622677663213106,0.08653555256220416,4247,0,ESCAPE PLAN,Travis Scott
-0.11237640843182761,0.04852251307440313,-0.06288269745348378,4226,0,TiK ToK,Kesha
-0.008105838503234517,0.4760354681214458,-0.177040783959751,4228,0,"The Banjo Beat, Pt. 1",Ricky Desktop
0.07981917830106246,-0.1739004652025246,-0.06746178493051956,4243,0,Feel This Moment,Pitbull
-0.17860077110310432,-0.03148792483682317,0.06606227926118488,4246,0,Ocean Drive,Duke Dumont
-0.003845458401263161,0.5004900388589614,-0.18362848031803608,4224,0,Love Story,Disco Lines
0.10132041596861747,-0.18315901116338382,-0.08238091081392442,4251,0,Feel Special,TWICE
-0.19060378144147386,-0.019517647566822324,0.07472148480379409,4248,0,Goin Baby,DaBaby
-0.22179901289017306,0.005709748392687535,0.10988790322862872,4242,0,Stay With Me,Calvin Harris
-0.21428873671025406,0.001002309288720875,0.09976198775158447,4235,0,Famous Friends,Chris Young
-0.02214083702985101,-0.026359383711579365,-0.10697404081470518,4221,0,To the Bone,Pamungkas
-0.2034812760293436,-0.008987983820746597,0.08843610179828355,4230,0,Turn Me On (feat. Vula),Riton
-0.18050915718737612,-0.030137024914367885,0.0672204871042349,4238,0,Come Through (feat. Chris Brown),H.E.R.
-0.20291620665035826,-0.0025996301443056012,0.0823218750040056,4241,0,In This Darkness,Clara La San
-0.22144992309332207,0.007810727667275042,0.1076769213978201,4240,0,Mama (with Skilla Baby & Tay B),Rob49
-0.21450966981195418,0.05626987638558548,0.07129763528759966,4249,0,"I'm A Star - From ""Wish""",Wish - Cast
-0.1875410744183992,0.010958281033516338,0.053799336091846645,4222,0,บักคนซั่ว,ทิดแอม
-0.20224527201185358,-0.011108641085097473,0.087410068875481,4256,0,Sundress,A$AP Rocky
-0.22495133903951073,0.009188896473746289,0.1131945803644741,4255,0,But I Got A Beer In My Hand,Luke Bryan
-0.2079348484004041,-0.004731622989129223,0.0924352203713722,4267,0,No Friends In The Industry,Drake
-0.15149677495419,0.21743833202863797,-0.03952847392049276,4278,0,Lahore Brand,Mazhar Rahi
-0.20592269365157853,0.0012269619226165684,0.08424124413684997,4264,0,Clouded,Brent Faiyaz
-0.17240279844813328,-0.03704539657905857,0.06216847253658136,4265,0,祝福,YOASOBI
-0.09743973902450033,-0.09180596265498997,0.008117714812985986,4277,0,Day 'N' Nite (nightmare),Kid Cudi
-0.19270064019825536,-0.01581971861375993,0.07568694945520252,4282,0,El Gavilán,Luis R Conriquez
-0.19050420693405523,0.03229496629856441,0.03979850660869241,4276,0,Shootout,Izzamuzzic
-0.14679197519585047,-0.038667414933624404,0.027795219743557226,4271,0,La kiffance,Naps
-0.12203143783634815,0.06472389368499396,-0.0530737370476191,4281,0,Tak Ingin Usai,Keisya Levronka
-0.13959925361437442,-0.01841792023797181,0.0014233842382003713,4262,0,Gimme Love,Joji
-0.0825248725071865,0.21903710016345085,-0.1333665778946225,4275,0,Wet (She Got That…),YFN Lucci
-0.12401675338892626,0.01615389298694659,-0.03351624680814152,4272,0,Body,Russ Millions
-0.1857306812051817,-0.005434905302033757,0.05586794118285192,4259,0,VOID,Melanie Martinez
-0.13241539031506594,-0.07044047634811462,0.032080405989744015,4273,0,Lose It,Through Fire
0.21916837603310407,-0.20998091704932403,-0.09673002823194249,4279,0,Mercury: Retrograde,Ghostemane
-0.21949731379880194,0.0036616067212316967,0.10730262357927113,4269,0,Last Night Lonely,Jon Pardi
0.048266558849549036,-0.1614109383719674,-0.06352740324708976,4258,0,breathin,Ariana Grande
-0.16979629463418663,-0.04164338359107362,0.06032724907421817,4270,0,Every Night,Jungle
-0.17854212702767133,-0.027980415147906803,0.06209033468150501,4263,0,Cracker Island (feat. Thundercat),Gorillaz
-0.18376129140022684,0.03815221994586571,0.02756413502275437,4266,0,Beautiful Day (Thank You for Sunshine),Trinix
-0.12466532269594646,-0.07238071026606789,0.023393087803973468,4260,0,i'm so tired...,Lauv
-0.13960129656005607,-0.06110440930192886,0.033459997212347076,4313,0,Love Galore,SZA
-0.10940545154612359,-0.07752715732679163,0.009342420432200202,4305,0,Takeaway,The Chainsmokers
-0.10163371954991354,-0.08559164386828141,0.006749815094597732,4308,0,Needed Me,Rihanna
-0.11467199838007457,-0.06348092882700052,0.004549797764384183,4304,0,NUMB,XXXTENTACION
-0.0749765180731231,-0.040886088485144294,-0.05453273603946197,4309,0,Halo,Beyoncé
-0.21645072820432673,0.04600486235846841,0.07580816699597012,4295,0,Aman Güzel Yavaş Yürü,Halodayı
-0.11151191449052096,-0.08438317562964877,0.02036447225462776,4310,0,"""هذا الحلو ""الدبكة هي الچوبي",Myriam Fares
-0.166546175330113,0.051077892822899595,-0.001678197615923748,4286,0,Aquel Nap ZzZz,Rauw Alejandro
0.05417869345203137,-0.17736812666435828,-0.04806544475455177,4298,0,Besos En Guerra,Morat
-0.22419923955056337,0.008088493494243754,0.11263216599245515,4288,0,Tucson Too Late,Jordan Davis
-0.16780593076792624,0.17231106562697754,-0.03616824157325294,4312,0,SWIPE,ALYPH
0.6251160838256525,-0.2673879541892469,0.00593311953964866,4294,0,The Scientist,Coldplay
-0.15918056878975267,0.2029843693198788,-0.04998261351411912,4301,0,"DANÇARINA (feat. Nicky Jam, MC Pedrinho) - Remix",PEDRO SAMPAIO
-0.17605790815116484,-0.03290910584143763,0.06311112196161228,4284,0,Butter Pecan,YNW Melly
0.2703792387814993,-0.2469141424080035,-0.04736127996325434,4290,0,Picky,Banda Coraleña
-0.03270211677394975,-0.12791326001325326,-0.028740681278210587,4296,0,DEUTSCHLAND,Rammstein
-0.19747310616362312,0.012219050553859651,0.06497388657949743,4307,0,Qué Onda Perdida,Gerardo Coronel
-0.21385611058695558,-0.0013850785479024273,0.10046392146520776,4306,0,Hot In It (feat. Charli XCX),Tiësto
0.2838583331787618,-0.23632198792260076,-0.045026535570754415,4303,0,Fazendinha,Mundo Bita
-0.14370819409653451,-0.04849875487668336,0.02840124583639073,4311,0,SHOOTING STAR,XG
-0.1862872567651121,0.027861386238970703,0.03883151078184297,4292,0,Te Felicito,Gerardo Coronel
-0.15119084307299835,0.22389087175429478,-0.04410198579250182,4299,0,Ruper Jadu,Alvee
-0.17626046170007634,0.08941949370021515,-0.002652537637338019,4297,0,Uff Mi Amor,Lauty Gram
-0.17441990911494348,-0.018083794690427937,0.04957232470594395,4285,0,ALMAS GEMELAS,Myke Towers
0.1313797245968758,-0.16908808433826403,-0.11011892047618886,4283,0,Saturno,Pablo Alborán
-0.16418347818875428,-0.04391448288795217,0.053830160516585325,4343,0,vice city,XXXTENTACION
-0.22152182464530792,0.005701536395566979,0.10939822397869213,4329,0,Your Heart Or Mine,Jon Pardi
0.3365344655649211,0.1725488716807918,-0.3138641000855914,4315,0,Alors on danse,Stromae
-0.21396377613000078,-0.00016111322102904362,0.09967087841914928,4325,0,LosT,Bring Me The Horizon
-0.17785864293965867,-0.03467169437528019,0.06678666155768595,4341,0,Check It Out,Parmish Verma
0.15685889095756625,-0.06518850939020614,-0.18369775966025506,4339,0,SOLO,JENNIE
0.022706099584384055,-0.15320710022905795,-0.05405021877861473,4342,0,Good For You,Selena Gomez
-0.15755924991994055,-0.04347981091669959,0.04570970081314358,4331,0,Sigues Con El,Arcángel
-0.20496558129661419,0.045451799260109005,0.05530747556418773,4317,0,Looking For The Hoes (Ain’t My Fault),Sexyy Red
-0.16656134184166113,0.014012061361297309,0.02278966121582907,4318,0,Jefe,Ninho
-0.20291965382598115,-0.0038835185742342325,0.08259244937468113,4332,0,Vamp Anthem,Playboi Carti
-0.1416003217458117,-0.06312708418849701,0.040254702666900205,4336,0,Small Town Boy,Dustin Lynch
-0.050875608724597204,-0.11463266796268963,-0.022647404979691945,4335,0,do re mi,blackbear
-0.07543919357070525,-0.10579443749054339,-0.005562200841537564,4334,0,"You're Gonna Go Far, Kid",The Offspring
-0.18401487162910415,-0.013106496544318363,0.0590109195545961,4324,0,Plug Walk,Rich The Kid
-0.1977040517389764,0.09322988936036107,0.02350321227119712,4319,0,RON COLA,Rauw Alejandro
-0.15828974374012877,0.059868513107410044,-0.01559325902018559,4327,0,Hide Away,Daya
-0.003990669360476313,-0.12959950961597436,-0.05347205336084749,4344,0,Unsteady,X Ambassadors
-0.1797019367542491,-0.012067563939621146,0.05664565585252574,4322,0,Доча,Jah Khalib
-0.19334074009117846,0.024618852652808915,0.04804605924359383,4320,0,Fall in Love with You.,Montell Fish
-0.07132533360249849,-0.06491745373297159,-0.04244141977681633,4321,0,Chamber Of Reflection,Mac DeMarco
-0.21654186943918768,0.00207323162971088,0.10312305533854808,4338,0,Watermelon Moonshine,Lainey Wilson
-0.14607889997011964,-0.056489779147876146,0.03827753772690147,4323,0,CAN'T SAY,Travis Scott
-0.2222649392281523,0.0061952545799831725,0.11028334839149266,4333,0,Think I'm In Love With You,Chris Stapleton
-0.07731093172423258,-0.09131002573219153,-0.01560211601843867,4330,0,Pursuit Of Happiness (nightmare),Kid Cudi
-0.1734292541611974,-0.03814695395590926,0.06301591597085139,4337,0,Do What I Want,Lil Uzi Vert
-0.22099996979609876,0.005220595916475302,0.10861670439329713,4328,0,There I Go (feat. J. Cole & Mike WiLL Made-It),Gucci Mane
-0.20191233591582303,-0.011932560594221027,0.08775783920253631,4326,0,Mercy,Kanye West
-0.18953243770445244,-0.02451068752086339,0.07700270296889807,4367,0,Hero,Alan Walker
-0.1213623401900758,-0.08043640915733341,0.029517690686522758,4353,0,Param Pom,TAIRA
-0.08878367979975892,-0.09636371899820267,0.002126631843409509,4368,0,"BIG BANK (feat. 2 Chainz, Big Sean, Nicki Minaj)",YG
-0.2200755933333256,0.0041904974944308865,0.10784971819392782,4345,0,Drifting,Tiësto
0.6259597266278816,-0.2707810413140328,-0.0011704975001445585,4361,0,Over the Rainbow,Israel Kamakawiwo'ole
-0.14311501569208399,-0.05091354053203535,0.030297029086598832,4354,0,Losin Control,Russ
-0.20456858584348162,0.05584696647738684,0.05091677666293708,4365,0,Onana,Jey One
0.49552792928483225,-0.16054975775950678,-0.01886651358412792,4375,0,Daechwita,Agust D
-0.13418047618054924,-0.0638919512356303,0.02877013135663622,4356,0,Como Si No Importara,Emilia
-0.21581882524085053,0.008465736364618559,0.09692430066443897,4348,0,Supernova,SAIKO
-0.09593135979689381,0.16455199997603068,-0.10646495437555649,4366,0,Rags2Riches (feat. ATR Son Son),Rod Wave
-0.17716273610206337,-0.013027771376707001,0.052728419421207096,4352,0,Fast Car,Jonas Blue
-0.2063081374805787,-0.00743707617484795,0.09186327446501304,4347,0,Quickie,Moneybagg Yo
-0.0264493692048351,-0.13903354483394342,-0.016254441046388714,4370,0,Coração Bandido,Marília Mendonça
-0.2202424090536187,0.004765927176000721,0.10744841566939323,4374,0,MY HOUSE,Beyoncé
-0.22385206428517676,0.007759935193798464,0.11217233987713092,4358,0,Fear Of Heights,Drake
-0.1763742690519621,-0.004268256795496836,0.044799286912894344,4351,0,Desde Mis Ojos - Remix,Chris Lebron
-0.22448459027836798,0.013861495781434707,0.1084426768332167,4372,0,Prayer in C - Robin Schulz Radio Edit,Lilly Wood and The Prick
-0.1457307081772373,-0.03963939070310862,0.024067914744576202,4349,0,Rover,KAI
0.5780070086933822,-0.2836823461069506,-0.0023356561073203776,4357,0,Gentleman,PSY
-0.14699998299859904,0.0981858178757742,-0.04496122099346463,4346,0,SUGAR,BROCKHAMPTON
-0.16720337548144898,-0.03062858959129525,0.04691288663712181,4359,0,Everybody Talks,Neon Trees
-0.21030803412129687,0.008061861180185944,0.08803778480634314,4386,0,Pump It Up,Endor
-0.22185828573329303,0.0057931326510178086,0.1099674428021428,4388,0,Standing Room Only,Tim McGraw
0.029460198123548473,-0.11120000662662607,-0.09293295433691615,4379,0,Shotta Flow,NLE Choppa
-0.1872677487444302,-0.01958265490014008,0.06954778519262682,4391,0,Baddest,Yung Bleu
-0.20697052402572488,-0.007174611734881926,0.0926153832961955,4381,0,Cigarettes,Juice WRLD
-0.20443394842390453,0.0068222919262528785,0.07798024378195927,4377,0,bad,wave to earth
-0.1736096193997826,-0.03912743017320525,0.06720948696949862,4398,0,ISABELLE,Sefo
-0.09985695980919851,-0.011862025492836435,-0.045665389918259365,4392,0,Cure For Me,AURORA
-0.20990859887751048,0.006290518634763313,0.08934901511768926,4383,0,Từng Quen,Wren Evans
-0.12037528573245676,-0.07821543081291409,0.023134439467164262,4380,0,LOYALTY. FEAT. RIHANNA.,Kendrick Lamar
-0.22017481458607827,0.004063477666605881,0.10797118986908749,4387,0,Endless Fashion (feat. Nicki Minaj),Lil Uzi Vert
0.07144830645731554,-0.17215156196517778,-0.06693395162650424,4390,0,Temporary pyar,Kaka
-0.20322140145312376,-0.008546908060496183,0.08758136083250163,4389,0,AA,Walker Hayes
0.2571005882655066,-0.24545418720125678,-0.08615952565165587,4378,0,Phir Bhi Tumko Chaahunga,Mithoon
-0.11483901036296729,0.18343708968157282,-0.08985267163195187,4384,0,Passinho Debochado,Dan Ventura
-0.2220704673765046,0.007985908386967326,0.1086614915989958,4394,0,Go Hard,Lil Baby
0.4018455391455691,-0.10016447729104609,-0.19844272283364686,4395,0,La La La (Brazil 2014),Shakira
-0.21243971767444844,0.03778376254250819,0.07146191383650445,4410,0,i'm yours sped up,Isabel LaRosa
-0.19339909661915866,-0.00496817181048041,0.0680407500428421,4406,0,Summer of Love (Shawn Mendes & Tainy),Shawn Mendes
-0.18544504812648532,-0.02124789416767073,0.0668154161544634,4417,0,God of Music,SEVENTEEN
-0.22168997828980633,0.005795881807951144,0.10952079865014645,4418,0,Embarrassed (feat. Travis Scott),Don Toliver
-0.14686849037017163,0.22929421100597838,-0.07091699929288732,4399,0,Carrying Your Love,David Morris
0.16812507223824585,-0.1911002659418081,-0.09740630688195838,4415,0,Dueles,Jesse & Joy
-0.21045153540558645,-0.005658156501213133,0.09784350944050942,4412,0,Tipo Hollywood,Mc Ws da leste
0.056375511732332295,-0.17017769762235188,-0.0646832861569883,4409,0,She Don't Give a Fo,Duki
-0.18827068796734875,0.011893233094008715,0.05163893749621511,4401,0,085 - Ao Vivo,Rogerinho
-0.21340513068820957,0.0006251094466180657,0.09850780379626929,4402,0,MODELITO,Mora
-0.21938428768444665,0.0033374691825946703,0.1070115181858408,4405,0,Would You (go to bed with me?),Campbell
-0.015653590746754337,-0.14050128471295253,-0.033332270449901585,4403,0,Easy,DaniLeigh
-0.15738803473349855,-0.0500985317575301,0.04899768684597602,4408,0,YOSEMITE,Travis Scott
-0.15184863304701332,0.0213845375825868,-0.002259609484436854,4423,0,Demasiadas Mujeres,C. Tangana
-0.06528735349023411,-0.10540671893620827,-0.015089384518349057,4420,0,T-Shirt,Migos
-0.05445326759710675,-0.04144693465768255,-0.07388170781466762,4421,0,Pretty Savage,BLACKPINK
0.011823464138966757,-0.14062320913124918,-0.05268438069933397,4424,0,"Mann Bharryaa 2.0 (From ""Shershaah"")",B Praak
-0.21772093511184415,0.031382069185742024,0.08410496869451822,4411,0,Feel So Close - Radio Edit,Calvin Harris
-0.1421158300439022,-0.06114806024047124,0.0375940822621118,4414,0,Got What I Got,Jason Aldean
0.11057555378879327,-0.1986275097561061,-0.0681207842529463,4413,0,Instant Crush (feat. Julian Casablancas),Daft Punk
-0.1396983624216623,0.0267278749083252,-0.02252399310245423,4431,0,Young,Vacations
0.024228903278022646,-0.0761631795079502,-0.11076502462587579,4449,0,"Genius (feat. Sia, Diplo, and Labrinth)",Sia
-0.05091375539213035,-0.12239359881839806,-0.016396293167612274,4427,0,Usseewa,Ado
0.006862323061330128,-0.1544038539652247,-0.019654432180071194,4430,0,Puntos Suspensivos,Piso 21
0.1447303779685175,-0.21220714081300177,-0.04862360294377509,4451,0,Taboo,Don Omar
-0.02097687004501162,-0.0723024124923672,-0.07568718403295945,4446,0,MALA SANTA,Becky G
-0.12287051605779506,0.2284041875595562,-0.09740710339455798,4452,0,She Make It Clap,Soulja Boy
0.012362460760792723,-0.1551002390197682,-0.039553069576434036,4434,0,"Illegal Weapon 2.0 (From ""Street Dancer 3D"")",Jasmine Sandlas
-0.15576374292080924,0.07019826317454603,-0.02364226865350821,4453,0,Nobody Like U,4*TOWN (From Disney and Pixar’s Turning Red)
-0.14233765623983016,-0.060915329327973,0.040128426765340536,4447,0,Hep Mi Ben,Ayaz Erdoğan
0.06328420912393526,-0.17402237039036714,-0.06498328868711614,4432,0,Speechless (Full),Naomi Scott
-0.10551881568924845,-0.019630910958679096,-0.03520672908333778,4454,0,Big Gangsta,Kevin Gates
-0.03278613575931857,-0.13086729379138823,-0.025163261142513906,4445,0,Renegades,X Ambassadors
0.05102712312402939,-0.12526160569433886,-0.09106848583093878,4442,0,Snow (Hey Oh),Red Hot Chili Peppers
0.18132964413907382,-0.20013098460368234,-0.1064737289448067,4433,0,Mirror,Lil Wayne
-0.08197641460103203,-0.014718333295127704,-0.05205694838229674,4443,0,Ocean (feat. Khalid),Martin Garrix
-0.22171268162481145,0.020792883324395276,0.0986523956663426,4448,0,life gets hard,iilliaa
-0.16269059613471412,0.09795616996851132,-0.018677863558704464,4440,0,Por Clave el 13,Betillo Guerrero
-0.17465187439920318,0.176488503646613,-0.02820270295179557,4493,0,Cena Engraçada e Inusitada,HarmonicoHCO
-0.2007512793127688,-0.011574941624258206,0.08551962616538555,4490,0,You should be sad,Halsey
-0.01402523878786363,-0.038180755850740745,-0.10878199640512051,4464,0,Train Wreck,James Arthur
-0.21821753749359948,0.0029812307995393935,0.10518810214352968,4479,0,Dancing Feet (feat. DNCE),Kygo
-0.1346860722267916,-0.046289509435527246,0.017011799169180775,4478,0,"Ranjha (From ""Shershaah"")",Jasleen Royal
-0.20275829877255352,0.008056017460015271,0.07386872157506381,4458,0,You Belong With Me (Taylor’s Version),Taylor Swift
-0.2076322638354002,0.03343201040112999,0.06960874025292994,4465,0,Bounce Back,Big Sean
0.27480159939511706,-0.2309606735576901,-0.10827091284397387,4481,0,Sing Me to Sleep,Alan Walker
-0.21938039363041814,0.007253412853792997,0.10403728871065783,4463,0,Say Don't Go (Taylor's Version) (From The Vault),Taylor Swift
0.35844635311165063,-0.24434953612132781,-0.09979837369052427,4469,0,Super Bass,Nicki Minaj
-0.08531516140809291,-0.09751204915940082,-0.001650829872511825,4466,0,Ex's & Oh's,Elle King
0.11020873254765018,0.6252865186028165,-0.14915747254196637,4461,0,Boys,Charli xcx
-0.1890022901180402,-0.016222509904390732,0.07143040584216576,4462,0,Chorei na Vaquejada,Eric Land
-0.11270538411537609,-0.07956766233007609,0.016564516484580398,4486,0,Ella,Junior H
-0.20922058556334217,-0.006347919116700836,0.09582923495049818,4467,0,REPEAT IT,Lil Tecca
0.020783135007130426,0.4320579540611276,-0.20682202859028592,4475,0,Way Back Home,SHAUN
-0.14530109416021353,-0.034274180043457114,0.02030232218659337,4460,0,NDA,Billie Eilish
-0.20319680020327902,-0.010531803805171937,0.08868908234974417,4459,0,Casper,Takeoff
-0.16071417023024878,-0.04921986986382227,0.05346482497947313,4471,0,DANÇARINA,PEDRO SAMPAIO
-0.08542291845697778,0.026575509224496988,-0.07753010056226106,4480,0,Cry Baby (feat. DaBaby),Megan Thee Stallion
0.060202519626747046,0.5602410217093144,-0.19396113712022825,4476,0,Cumbia Buena,Grupo la Cumbia
-0.08234629777475996,0.04375228077877928,-0.07902143965490609,4477,0,8 Raflaan (feat. Gurlez Akhtar),Mankirt Aulakh
-0.19596196664340565,-0.015743783548322458,0.08128019933092342,4491,0,DFMU,Ella Mai
-0.18407561652683835,-0.026774781644365784,0.0705324324889608,4474,0,Slippery (feat. Gucci Mane),Migos
-0.19817557288382612,-0.01423827047697037,0.08304579025700114,4482,0,Woo Baby (feat. Chris Brown),Pop Smoke
-0.032537908700948005,-0.07530060319422029,-0.05217317150132267,4485,0,Haegeum,Agust D
-0.11149180813905031,0.04199730620299682,-0.05345092357036091,4484,0,Sisa Rasa,Mahalini
-0.13718099752024301,-0.006663463264380135,-0.006120361481242174,4492,0,Don't Rush (feat. Headie One),Young T & Bugsey
-0.15931427352968117,-0.04248090241861043,0.047100353030670464,4470,0,The Heart Part 5,Kendrick Lamar
0.09926643713760128,-0.1924770016126859,-0.05898040608950741,4456,0,A Ella,KAROL G
-0.22324440251766017,0.01617110089078095,0.10499842521293071,4518,0,Nachts wach,Miksu / Macloud
-0.21005891700568352,0.014878382497713246,0.08277490794431504,4532,0,Superpowers,Daniel Caesar
-0.12740847970753655,-0.06916083421999054,0.02469140704161457,4522,0,Who's Laughing Now,Ava Max
0.0009362459996167554,-0.1037824173740038,-0.07688500095673717,4510,0,Smells Like Teen Spirit,Nirvana
-0.19859186824426758,0.007368077857499949,0.06769360067570125,4503,0,2 Million Up,Peezy
0.08108132819697149,-0.14533111777705812,-0.091717252761376,4499,0,In the morning,ITZY
-0.13645611866962107,0.12671054904671566,-0.06274587827772628,4500,0,Such a Whore (Stellular Remix),JVLA
-0.08176056894510163,-0.07171713371442609,-0.026104743359867497,4525,0,Mesytara,Lamis Kan
-0.07411390453345486,-0.09838814535636191,-0.010758103927354363,4514,0,Medusa,Jhay Cortez
-0.1507909789309895,-0.03173060387906831,0.025784299449339743,4533,0,SEJODIOTO,KAROL G
-0.20305717653791047,0.040989981776833405,0.054233824008950444,4515,0,Luminary,Joel Sunny
-0.10285808211351587,-0.087178497526987,0.00937299878370882,4531,0,Welcome To The Party,Pop Smoke
-0.15322118452616265,-0.03619158366280048,0.03111118106325996,4504,0,ARRANCARMELO,WOS
-0.17892837223040892,-0.028819859669109757,0.06311378435752332,4497,0,Uno,Ambjaay
-0.16416795269810977,-0.035038435292175686,0.048156644662781474,4530,0,Country Girl (Shake It For Me),Luke Bryan
-0.19548517410308802,0.012362160021423702,0.06075063017057098,4528,0,"Dawai (From ""Air Mata Di Ujung Sajadah"")",Fadhilah Intan
-0.13525941560657018,-0.061697270374645986,0.028134241037231687,4524,0,Stupid Love,Lady Gaga
-0.21442947869671528,-0.001221613942230891,0.10122282794525697,4505,0,ACHO PR,Bad Bunny
-0.20235329040237834,-0.0053453844749120055,0.08283565216385969,4496,0,Doin' Time,Lana Del Rey
0.16911702637596285,-0.18303270352676232,-0.11655474940764665,4526,0,Come & Get It,Selena Gomez
0.11170084272654672,-0.195103357926569,-0.03557547409529927,4501,0,Por Fin Te Encontré,Cali Y El Dandee
-0.1096280482930925,-0.024539693662235733,-0.029199597486258267,4529,0,I.F.L.Y.,Bazzi
0.045379774423140666,-0.16353434068636388,-0.06295336303329117,4517,0,Queen of Mean,Sarah Jeffery
-0.10308066521974575,-0.027371327943672318,-0.033349595120403086,4513,0,Minefields,Faouzia
0.0034270815600311796,-0.11708062077196789,-0.050308040067148084,4502,0,my future,Billie Eilish
0.009194001555988403,-0.1490584602493869,-0.04036732346592424,4495,0,The Way I Are,Timbaland
-0.17752971717908755,-0.03514342429492789,0.06675342227527092,4527,0,God is a woman,Ariana Grande
-0.15813829838511032,0.19256334263487945,-0.045386381074579735,4548,0,SNAP - High and Fast,Rosa Linn
-0.03270502334771109,-0.12374907242354871,-0.030181245684702457,4542,0,When I Grow Up,NF
0.1426759652929295,-0.2158336797464399,-0.06847612235850768,4545,0,Tera Fitoor,Arijit Singh
-0.17000538141094027,-0.03611643867540817,0.056342708097288696,4539,0,B.S. (feat. H.E.R.),Jhené Aiko
0.08557397317671586,-0.18101826948174446,-0.06718770298709924,4559,0,Traicionera,Sebastian Yatra
-0.19582907090530824,-0.013108521011617922,0.07824318184431632,4566,0,Already Dead,Juice WRLD
0.21694835933881562,-0.19970354794731304,-0.08498276961311962,4543,0,Cham Cham,Meet Bros.
-0.18226644250820298,0.14399681533444936,0.0011069385631288003,4546,0,You,Willy Paul
-0.22468181799320855,0.013056593882221534,0.10950097088968576,4555,0,Delilah (pull me out of this),Fred again..
-0.1318993529448409,-0.061202311649882456,0.025344749423820697,4561,0,Outside Today,YoungBoy Never Broke Again
-0.21683241011896615,0.0057046391150196414,0.10022700548081764,4557,0,Don't You Worry Child - Radio Edit,Swedish House Mafia
0.2524790264141749,-0.22592095228963385,-0.10413641515989219,4551,0,Focus,Ariana Grande
0.017912885659390778,-0.1521149940988433,-0.05194343986638311,4538,0,Fuentes de Ortiz,Ed Maverick
-0.19491140267876306,0.04900298353050821,0.040405063649137075,4560,0,NASTY,Russ
-0.21478773061850517,-0.0010355173728609527,0.10173774095193612,4535,0,Mama's Boy,Dominic Fike
-0.17702307478995571,-0.023054735355861618,0.05556809753396496,4565,0,Welcome To Brixton,SR
-0.22328327518860436,0.007165896139174485,0.11153288249576605,4544,0,DArkSide,Bring Me The Horizon
-0.20458644491887165,0.024195417963507194,0.06724237959189766,4541,0,MEMORIES!,347aidan
-0.12100058001971534,-0.0651040993988561,0.014084275304043535,4553,0,Morado,J Balvin
-0.2230940971368986,0.007004135539341603,0.11128546132536288,4537,0,The Hillbillies,Baby Keem
-0.010081724265984875,-0.14772674661175605,-0.021944200111380718,4554,0,Asesina - Remix,Brytiago
-0.18829917536798654,-0.020615998514768342,0.07515623953672519,4534,0,Dayanamıyorum,Kerim Araz
-0.18760979267150868,-0.011553680787065016,0.06310039931887085,4558,0,Daylight,Harry Styles
-0.04195636450614551,0.20317525229219816,-0.1694563090498926,4540,0,Happiest Year,Jaymes Young
-0.22149144779416313,0.006234659606369208,0.10868843823357002,4595,0,3 Haselnüsse,Jaques Raupé
-0.16376779113536133,-0.03902773123454932,0.04892961015045325,4585,0,For the Last Time,$uicideboy$
-0.16423833941052732,-0.046026037392517885,0.05712724770842357,4571,0,Grace (feat. 42 Dugg),Lil Baby
0.1630461415751336,-0.2185993900558533,-0.053442002350933625,4591,0,Nashe Si Chadh Gayi,Arijit Singh
0.090844304149126,-0.18862121883984956,-0.05866954684806573,4593,0,Me Acostumbre (feat. Bad Bunny),Arcángel
