PC1,PC2,PC3,All Time Rank,High Playlist Probability,Track,Artist
2.3377027987461854,-0.9929180094450158,-0.8367226624096694,1,1,MILLION DOLLAR BABY,Tommy Richman
-0.26456094048387824,0.2677818856385983,1.6072490298244833,2,1,Not Like Us,Kendrick Lamar
1.0347965952483336,-0.7859126576781502,-1.154963334076327,3,1,i like the way you kiss me,Artemas
4.643233430681449,1.3170305056062979,-0.24841159432454735,4,1,Flowers,Miley Cyrus
-0.37805224987336045,0.005081006604425788,0.5981048920706371,5,1,Houdini,Eminem
1.164672823918971,-0.9233651084983832,-1.2706262197642437,6,1,Lovin On Me,Jack Harlow
-0.2149600999801044,0.035192949620065105,-0.4978792248511077,7,1,Beautiful Things,Benson Boone
1.1935992005854867,-0.39196776367105335,0.5738611679719986,8,1,Gata Only,FloyyMenor
-0.3722773618253541,-0.45644697297584125,0.023447996646740122,9,0,Danza Kuduro - Cover,MUSIC LAB JPN
-0.11024056744505552,-0.9593065794600197,-1.13820101629366,10,1,BAND4BAND (feat. Lil Baby),Central Cee
-0.45530786058412,-0.7721919074491919,-0.3423888287160061,11,1,I Had Some Help (feat. Morgan Wallen),Post Malone
-0.3722773618253541,-0.45644697297584125,0.023447996646740122,12,0,The Door,Teddy Swims
-0.3314382314018048,-0.6620916600867491,-0.34042406593791097,13,1,LUNCH,Billie Eilish
-0.4388934320968025,-0.0851324103475753,1.5643806521963246,14,1,Like That,Future
0.8855301555704367,8.582170526648449,-1.7253445850457747,15,0,bathroom floor,Kids With Buns
3.8154445708772435,0.39499113048667756,-0.3241213555838525,16,1,LALA,Myke Towers
-0.39056893391041014,-0.1356456725234336,0.6789360743032421,17,1,Fortnight (feat. Post Malone),Taylor Swift
1.2802497083537534,-1.0022592012139233,-1.3077376170486288,18,1,greedy,Tate McRae
-0.14157900341184104,0.06532547546887713,3.2667883966267897,19,1,BLUE,Billie Eilish
4.339253111233772,0.5295558904585757,-0.6349048192845421,20,1,As It Was,Harry Styles
1.9038864949827508,-0.256621390176222,0.8453662393847103,21,1,Paint The Town Red,Doja Cat
-0.027745880009691005,-0.5857654700513547,-0.4266968210697929,22,1,Espresso,Sabrina Carpenter
-0.3722773618253541,-0.45644697297584125,0.023447996646740122,23,0,Danza Kuduro - Cover,MUSIC LAB JPN
1.1540962467967133,-0.7331686489557819,1.0188112065117074,24,1,TEXAS HOLD 'EM,Beyoncé
2.5624980253293406,-0.7132601332970157,-0.08975474579672507,25,0,Future,official sound studio
12.927883563712529,-2.077632843942072,-0.15350419184501055,26,0,Beat Automotivo Tan Tan Tan Viral,WZ Beat
7.421400452666216,1.3210711971159037,-1.3919663429911444,27,1,STAY (with Justin Bieber),The Kid LAROI
6.187157494126342,22.09888569180717,-7.555416172586275,28,0,Baby Shark,Pinkfong
-0.3470444596987273,0.0027719000629392913,0.6365265757702511,29,1,we can't be friends (wait for your love),Ariana Grande
-0.38096813446859656,-0.40454283955542436,0.2276166270415131,30,0,Numb / Encore,JAY-Z
-0.3722773618253541,-0.45644697297584125,0.023447996646740122,31,0,Danza Kuduro - Cover,LOVE BGM JPN
-0.1625584425853871,0.1502266319288487,-0.7504740794616032,32,0,SHEESH,BABYMONSTER
0.982523328741069,-0.29637946102992646,0.08695619541860738,33,1,Water,Tyla
0.29143682139741056,-0.6700837621932542,-0.46079643346544097,34,1,Strangers,Kenya Grace
-0.4441748480799026,-0.2929150727983708,1.2339425957102994,35,1,Too Sweet,Hozier
-0.3722773618253541,-0.45644697297584125,0.023447996646740122,36,0,What's Love Got to Do with It - 2023 Remaster,Tina Turner
-0.3578896999115845,-0.7505826658994101,-0.5022166602991736,37,1,A Bar Song (Tipsy),Shaboozey
-0.2623694890443874,-0.3672298039108167,0.3136839902249772,38,1,Lose Control,Teddy Swims
0.6369134278739154,-1.0483744452171708,-1.4555635553943718,39,1,fukumean,Gunna
4.2993787985987755,6.432031818582601,-1.5371316285482834,40,1,Dance Monkey,Tones And I
-0.3414116285749791,-0.6847956046442384,0.3948500684510655,41,1,BIRDS OF A FEATHER,Billie Eilish
5.464759204693931,-1.6348962377029324,-1.0322802568406166,42,0,Cupid - Twin Ver. (FIFTY FIFTY) - Sped Up Version,FIFTY FIFTY
0.03512066893364409,0.1765617729808142,-0.6359561664074849,43,1,I'm Good (Blue),David Guetta
0.8462438491616483,-0.009519278395669375,0.2576060100057009,44,1,Daylight,David Kushner
2.105058615662955,-1.25813434200641,-1.0897288494138024,45,1,My Love Mine All Mine,Mitski
-0.4502759967806454,-0.6661853650231296,-0.18598929194826058,46,1,Please Please Please,Sabrina Carpenter
-0.34739443231947065,-0.469588791374122,-0.22326927918740105,47,1,Houdini,Dua Lipa
-0.3722773618253541,-0.45644697297584125,0.023447996646740122,48,0,Danza Kuduro - Cover,MUSIC LAB JPN
3.9247792819619085,-1.2588372756279336,-1.2916734659241427,49,1,If We Ever Broke Up,Mae Stephens
2.991966933845598,18.23291793865857,-3.719150803794404,50,1,Despacito,Luis Fonsi
-0.5409406786842735,0.569441844479792,4.076910282531331,51,1,euphoria,Kendrick Lamar
-0.1554362492814655,1.875230491429041,-0.4678338430472134,52,0,Panda Basi,Mvua
-0.21154388932400645,1.578231747836426,0.49446027571704615,53,1,Calm Down (with Selena Gomez),Rema
2.9302817710553914,14.243934027198444,-2.6482892875662936,54,1,Shape of You,Ed Sheeran
0.17752500470438348,2.7092259424831977,-1.40177152057149,55,0,Mitu,Maian
1.35356905318249,1.5161519011012259,0.03127400217303504,56,1,Blinding Lights,The Weeknd
-0.0420520046570543,-0.2081805102703566,0.5475351569557002,57,1,Creepin' (with The Weeknd & 21 Savage),Metro Boomin
-0.3722773618253541,-0.45644697297584125,0.023447996646740122,59,0,Danza Kuduro - Cover,MUSIC LAB JPN
1.9648997293940453,-0.5794008633373423,-0.7756398832337336,60,1,Unholy (feat. Kim Petras),Sam Smith
-0.36669902531924564,-0.48976262098121903,-0.10760149355237322,61,0,Stereo Love - Melodic,Edward Maya
2.411534187512554,-1.154854327265995,0.22243255328815384,62,0,Very Cute Melody by Marimba Tone (39813),mitsu sound
-0.3178249012125668,-0.5353098193769942,-0.3879838895451228,63,0,Supernova,aespa
2.440078473884315,1.6649399275169237,-0.9051873305256911,64,1,Me Porto Bonito,Bad Bunny
-0.4357867830687508,-0.07714796137025741,1.515447854969034,65,0,Back That Azz Up (feat. Lil Wayne & Mannie Fresh),JUVENILE
4.477120104559222,1.1775813135399518,0.2832246891546408,66,1,Calm Down,Rema
-0.4747589317404907,-0.32797264824610345,1.5399599598916704,67,1,CARNIVAL,¥$
0.027746099055512875,-0.38350394116281417,-0.9668689052688136,68,1,Kill Bill,SZA
0.9636149346283002,-0.2882219694847409,0.615259805403904,69,1,"What Was I Made For? [From The Motion Picture ""Barbie""]",Billie Eilish
0.004554433312546268,2.3395095608988172,0.10306813095560681,70,0,Babba,Guy Mac
1.6518059909503533,2.7390528974761605,0.27002079558509773,71,1,Heat Waves,Glass Animals
-0.3899465646567569,-0.35092072130170127,0.4385430739595693,72,0,In the End,Linkin Park
3.296575946900655,1.5920241928764773,0.06756590764680252,73,1,"Shakira: Bzrp Music Sessions, Vol. 53",Bizarrap
0.01708415288032222,2.072973136913603,-0.5494443578269691,74,0,The Way We Move - Extended Mix,PowerDress
3.0053805988254445,8.067990890675791,-4.158385171311986,75,1,Old Town Road,Lil Nas X
0.25766909945852084,0.6804681412038068,-0.29917699849751855,76,1,un x100to,Grupo Frontera
0.011923966901220997,-0.09461349232145166,0.6816612298906757,78,1,Sprinter,Dave
-0.5383131430044358,-0.03587183625119798,2.3709544243527145,79,1,CHIHIRO,Billie Eilish
0.031775511443406006,1.6724127233513553,-0.4547297623365967,80,1,TQG,KAROL G
4.652480828279337,11.683704879893515,-1.3784254868910706,81,1,Perfect,Ed Sheeran
1.4216480905751903,2.7117161539633603,1.3291516095207068,82,1,Pepas,Farruko
-0.020528651132678034,1.8951258127613833,-0.4975523293295753,83,0,Peekaboo,Dave Angel
-0.29277192435254884,0.32446977810589384,-0.8961096382237823,84,1,Ella Baila Sola,Eslabon Armado
-0.1480658300538,-0.5188538977064494,-0.41320561411815404,85,1,Dance The Night - From Barbie The Album,Dua Lipa
0.31560294748282197,0.7328661153815911,0.6265677650532621,86,1,La Bebe - Remix,Yng Lvcas
-0.5047968280438793,-0.0036776704909887107,1.6173716275602357,87,1,redrum,21 Savage
2.2759492615957675,2.268719149983908,0.08311102882484003,88,1,Easy On Me,Adele
1.5015005354954363,2.0229048837557917,0.5517656292352565,89,1,Tití Me Preguntó,Bad Bunny
-0.0899455673906149,-0.15424285933918125,0.560198569010349,90,1,All My Life (feat. J. Cole),Lil Durk
0.8128174173055214,-0.20784104202700074,0.09098261027616159,91,1,Anti-Hero,Taylor Swift
0.6435557446094009,1.59329224077192,-0.41389313408801376,92,1,"Quevedo: Bzrp Music Sessions, Vol. 52",Bizarrap
-0.22474034357689102,-0.4153130031418278,-0.8357727655060986,93,1,Magnetic,ILLIT
1.5256217071590794,-0.42090707653793186,-0.00915268387024485,94,1,Lollipop,Darell
-0.3281901763960934,-0.06954205111184748,-0.6416891283064705,95,1,La Diabla,Xavi
2.653053140966165,-0.9914245853166873,-1.2611916295118961,96,1,Boy's a Liar Pt. 2,PinkPantheress
-0.0938259005088713,-0.024792237567041915,0.047702393350672084,97,1,Snooze,SZA
-0.06931945287983109,-0.17354411274010859,-0.03288260615627833,98,1,BELLAKEO,Peso Pluma
-0.3133860030870252,-0.242075419801613,1.5466683265365833,99,1,Agora Hills,Doja Cat
-0.1439189929586729,-1.0730408827940543,-1.3012340734402787,100,1,Prada,cassö
-0.27865417631746847,-0.7896389097795109,0.07468227794229693,101,0,Montagem Rave Eterno,Dj Samir
0.9813828930241356,-1.3536215689053972,-1.6578466703225654,102,1,Lil Boo Thang,Paul Russell
0.3217062886192742,-0.18517986289475205,1.5750523974624295,103,1,MONACO,Bad Bunny
8.269684945032282,-1.2115746445917448,-0.6787097264660273,104,0,Laxed (Siren Beat),Jawsh 685
-0.23842891664713306,-0.6083059820083683,0.8635931200827136,105,1,(It Goes Like) Nanana - Edit,Peggy Gou
-0.3931776560595444,-0.5167686966632056,0.3318088341179388,106,1,Training Season,Dua Lipa
-0.43352145111351736,-0.479865246300594,0.7518387871389427,107,1,Type Shit,Future
-0.3839950879210167,-0.5514799380480551,0.022863009757967123,108,1,Armageddon,aespa
2.044928444689868,0.11002228128366051,-0.14516968583935005,109,1,The Box,Roddy Ricch
2.7439297901191533,2.436578200060827,-0.20382131833902922,110,1,INDUSTRY BABY (feat. Jack Harlow),Lil Nas X
-0.3556861971889546,-0.9384524575798426,-1.0617035663708771,111,1,Pedro,Jaxomy
-0.27914702957456516,-0.21985929682009617,1.5459047680602194,112,1,Fast Car,Luke Combs
-0.22306048675806983,0.11138857791361578,-0.7362896839120581,113,1,Bling-Bang-Bang-Born,Creepy Nuts
11.148270080217944,-2.249829308909166,0.564792554923749,114,0,Aesthetic,Tollan Kim
1.494321727968516,4.593411839454624,-2.1399236799733856,116,1,Sunflower - Spider-Man: Into the Spider-Verse,Post Malone
0.01546400982332768,2.7505883614918067,-0.7072564144138968,115,0,Hands,Dionya Marie
-0.40274524448509574,-0.7711138352413617,-0.18377703973852036,117,1,Saturn,SZA
-0.42289928417888145,-0.747965429814428,0.09599404729298297,118,0,Chegou a Hora de Ir para Cama (Playback),3 Palavrinhas
3.906873386372329,9.842246617306605,-2.3883777873843566,119,1,Believer,Imagine Dragons
0.03006829738703129,-0.12458080873302965,-0.2442645335169713,120,1,WAIT FOR U (feat. Drake & Tems),Future
-0.17975087847716112,-0.4593181681788807,0.3839223056055966,121,1,I KNOW ?,Travis Scott
0.1732160179902799,-0.30805607403430546,-0.03663678337950912,122,1,ANDO,Jere Klein
1.5535336140371139,-0.5557775150573242,-0.3846871240893734,123,1,First Class,Jack Harlow
-0.4212259878054275,-0.3875501143925953,-0.10912526540038109,124,1,FE!N,Travis Scott
0.08055450933911004,2.0862897755530385,-1.0183391920657612,125,1,Save Your Tears - Live,The Weeknd
-0.3722773618253541,-0.45644697297584125,0.023447996646740122,126,0,Losing Interest - Original Mix,Goovex
0.12764934844825937,-0.21143874306130953,-1.1322016677206126,127,1,I Ain't Worried,OneRepublic
0.07249827682184395,-0.21587106256631564,-1.036889648368717,128,1,MI EX TENÍA RAZÓN,KAROL G
-0.2671583255929515,1.9880659640940008,1.2275477567961808,129,0,Drained of Color,Exhumed
0.9162484456437042,1.1809672087028311,-1.727752925344508,130,1,Mood (feat. iann dior),24kGoldn
3.787897310839952,10.980271808097052,-2.845327777280323,131,1,Dynamite,BTS
0.511107414124016,-0.5002334517400102,-0.0776022730832864,132,0,Looking Like a Wow End of Year 2023,WasteLand
1.3566575480626626,4.332147324101541,-1.5047784152625954,133,1,Someone You Loved,Lewis Capaldi
1.138337740225175,0.09996899677265177,-0.8064872382482633,134,1,Acróstico - Milan + Sasha,Shakira
4.054838487668746,-1.162102951205566,-1.0794849332136194,135,1,Made You Look,Meghan Trainor
1.5169606321619662,-0.9224065486130342,-0.045070579545263056,136,0,PHONK BRASILEIRO FRESCO (Slowed + Reverb),DJ MOIGUS
-0.39865814902583896,-0.6188081234770074,0.061795895429012156,137,0,"Sooseki (From ""Pushpa 2 The Rule"") [TELUGU]",Shreya Ghoshal
-0.02934206557373885,-0.29046088761126526,0.5261765809704071,138,1,vampire,Olivia Rodrigo
-0.14066730646791079,-0.6738451955748066,0.033656251586284505,139,1,Casca de Bala,Thullio Milionário
-0.07290918796075417,2.205879419189185,-0.5784658577079407,140,0,Back,LOLA
1.0134502896309618,-0.3049894591022329,-0.332039600793804,141,1,People,Libianca
0.4688743575311942,-0.511248228931093,-0.04658460740480839,142,0,Jedag Jedug Capcut 2024,Afrian Af
0.08075619649946056,-0.30736653146366977,2.3173485983255637,143,0,Lady Killers II (Christoph Andersson Remix),G-Eazy
-0.40331448784882096,-1.0200623940515114,-0.9365415813684722,144,1,I Don't Wanna Wait,David Guetta
-0.15388884379318574,1.061761979246388,-0.30304248850191423,145,0,Abc,J Ross
0.6450320798774315,0.22182859547060896,-0.9134177653998882,146,1,La Bachata,Manuel Turizo
2.3129862232032434,-0.9232390517280386,-0.02623848590809319,147,0,มองนานๆ,FLI:P
1.406156466852279,1.5754460517971915,-0.38439361756930734,148,1,Peaches (feat. Daniel Caesar & Giveon),Justin Bieber
1.9701065671530635,1.669913110619628,-0.8534498655603514,149,1,Don't Start Now,Dua Lipa
0.3733149533094102,1.8198914292732455,0.4102159959007635,150,1,Lucid Dreams,Juice WRLD
0.7408902760220971,1.280884542689461,-0.06235403425882732,151,1,PROVENZA,KAROL G
4.679475842516814,2.347749195679673,-0.8886219633015255,152,1,WAP (feat. Megan Thee Stallion),Cardi B
-0.29658987452343927,-0.4827114774217759,-0.661531907935508,153,0,SPOT!,ZICO
-0.6341647913996129,0.839849962718449,5.705362525549951,154,1,Family Matters,Drake
-0.3722773618253541,-0.45644697297584125,0.023447996646740122,155,0,Again,Kurochuu
0.13810930400126314,1.0299756711803398,-0.6454289587460431,156,1,Seven (feat. Latto) (Explicit Ver.),Jung Kook
-0.2313426209442338,-0.7733692011687099,-0.6717678420762146,157,1,Last Night,Morgan Wallen
-0.47163727503582714,-0.4482749889685661,1.2731541740767511,158,1,Too Sweet,Hozier
0.6226908317038533,1.4107238347810613,0.37487290418882674,159,1,Bad Habits,Ed Sheeran
-0.015281273817872532,-0.5186727486849294,-0.5264953619301098,160,1,QLONA,KAROL G
1.0395668988766287,1.735328931716631,0.5612115344753484,161,1,Leave The Door Open,Bruno Mars
4.888949481162459,-1.227639682950171,-0.15566659259616714,162,0,とけいのうた,ののちゃん(村方乃々佳)
2.652546500868464,1.1392937804233592,-0.6632224183144713,163,1,good 4 u,Olivia Rodrigo
1.7540356657906815,4.7734828997043826,-1.654927492520239,164,1,bad guy,Billie Eilish
2.333348107894902,5.478982478464877,-1.7143854903422138,165,1,Señorita,Shawn Mendes
1.5488594671368354,-0.2063586639085756,-0.8932235805097907,166,1,DESPECHÁ,ROSALÍA
2.1652069185615206,2.1435450455305376,-1.0363005144881858,167,1,ROCKSTAR (feat. Roddy Ricch),DaBaby
-0.08268527816866897,-0.5374907591470489,-0.01921973971025242,168,1,Eyes Closed,Ed Sheeran
-0.34427335246404234,-0.5547475274864254,0.7550728360201793,169,1,I Remember Everything (feat. Kacey Musgraves),Zach Bryan
-0.06395414497249291,1.7070832696492644,-0.07931272868413634,170,1,Circles,Post Malone
-0.24803013017484551,-0.15936289883416724,-0.7672925691063006,171,1,EL AMOR DE SU VIDA,Grupo Frontera
3.94052934483561,-1.2256889188613251,0.3520842272428543,172,1,About Damn Time,Lizzo
1.0784644811526778,6.86836780780474,-0.6209333405831897,173,1,Closer,The Chainsmokers
2.1382624332455795,0.9499810678097733,-0.8330278564245168,174,1,FLOWER,JISOO
-0.289630520300764,-0.69714878994148,-0.6979035061834123,175,1,PERRO NEGRO,Bad Bunny
-0.5461883585234855,0.14047790517175957,2.699191757617076,176,1,Rich Baby Daddy (feat. Sexyy Red & SZA),Drake
1.3810985734506616,8.123971791167776,-1.6548724145190694,177,1,Havana (feat. Young Thug),Camila Cabello
-0.46997087075697924,-0.461839589275358,0.025892294223453308,178,1,LUNA,Feid
-0.06456784470285692,-0.14369318968039654,-0.1252640735605948,179,1,I Like You (A Happier Song) (with Doja Cat),Post Malone
0.3510377478231903,0.5468221719982468,-0.9297546469781565,180,1,Bones,Imagine Dragons
-0.2726753765694173,-0.41219813210191164,-1.2358360542337052,182,1,Según Quién,Maluma
-0.43796921700604735,-0.49949362807247316,0.7628085520242286,181,1,Selfish,Justin Timberlake
0.4170773669162672,0.2755288292986746,0.17327096940669537,183,1,golden hour,JVKE
1.0544430280555763,3.115147997125162,-0.6724655989419307,184,1,Levitating (feat. DaBaby),Dua Lipa
-0.2429061834153391,-0.9604238878063085,-0.9674124994444012,185,1,Get It Sexyy,Sexyy Red
0.6064266843158416,-0.7942987032417507,0.20176804917170532,186,0,"This Wish - From ""Wish""",Ariana DeBose
-0.5710282332272413,-0.32783604554617674,1.4501262939555764,187,1,IDGAF (feat. Yeat),Drake
-0.21096076283429602,1.3381648903234404,1.0028205780745625,188,1,Ojitos Lindos,Bad Bunny
0.4717861210478821,3.70033444263534,-0.010584115726632964,189,1,Life Is Good (feat. Drake),Future
0.5111490115023809,-0.08259127736499733,1.7224991778457954,190,1,Escapism.,RAYE
-0.46406954224774,-0.8820297930913907,-0.4408462904809253,191,1,Stargazing,Myles Smith
-0.06782631016677443,-0.21049412054013217,0.446239752165839,192,1,Jimmy Cooks (feat. 21 Savage),Drake
1.6673671813632893,-0.37893308778214585,-0.9285122658576908,193,1,What You Know Bout Love,Pop Smoke
0.9100669207350951,2.1451180064273454,-0.8187230674657558,194,1,Memories,Maroon 5
-0.05030364781585151,-0.0680153072021523,-0.05250938653836769,195,1,Classy 101,Feid
-0.3905816972830607,-0.7741587574003927,-0.3355137936094691,196,1,Whatever,Kygo
-0.4145201489643631,-0.9325109459295253,-0.6860042383005767,197,1,Whatever She Wants,Bryson Tiller
-0.48981050287471456,-0.7739999758198213,-0.3328810765017746,198,1,Vois sur ton chemin - Techno Mix,BENNETT
-0.4256932296425264,-0.1317321958887787,0.3515176981938086,199,1,"yes, and?",Ariana Grande
1.7660357215969653,4.223015452491777,-1.083509044791871,200,1,Without Me,Halsey
-0.6167673407479806,0.588196406273879,4.262898425799738,201,0,meet the grahams,Kendrick Lamar
-0.5376293805822242,-0.25437429584975335,1.136831245961051,202,1,First Person Shooter (feat. J. Cole),Drake
0.32052490856131227,4.364366835522078,-0.673982294389867,204,1,Shallow,Lady Gaga
0.9737618043352535,4.354202115944472,-1.3733331669169526,203,1,Thunder,Imagine Dragons
0.5792615219778823,-0.28742417287299804,-0.34296375610591184,205,1,Rush,Ayra Starr
3.11328672916754,0.06580643815370837,-0.5663044980181416,206,1,abcdefu,GAYLE
2.3068371737159423,-0.4802369020744798,-0.2094430132916243,208,0,Buga,Kizz Daniel
0.4950052702235384,-0.2759452232056638,0.8318809435898967,207,1,Bad Habit,Steve Lacy
4.1999409548533775,2.870515015018031,-1.3093872187234965,210,1,MONEY,LISA
-0.1864345031248469,-0.406540545955102,-0.23129242880496104,209,1,Columbia,Quevedo
0.009257418259984397,-0.14824894377674974,0.3065445404424588,212,1,LADY GAGA,Peso Pluma
1.9753051205370926,0.5317945936712671,-0.6913620308011769,211,1,Woman,Doja Cat
2.636232695595049,-0.6735737772356968,0.8771260993660659,213,1,CUFF IT,Beyoncé
-0.39556046890689534,-0.6124573767575815,0.04377913659071445,214,0,KING KONG,TREASURE
4.595240497626067,4.693674909224596,-1.779951423157012,215,1,How You Like That,BLACKPINK
-0.18826757147981352,1.4774785156174308,-0.4062206061672667,216,0,Milf Song,The Puddleducks
-0.05059765631017711,-0.9291493064547841,-0.3277959293232844,217,1,Nasty,Tinashe
-0.40993321126736554,-0.42779394477170724,-0.31230078269122036,218,1,Superhero (Heroes & Villains),Metro Boomin
1.362423765186361,5.025105436908418,-0.5153774603743413,219,1,Panda,Desiigner
-0.4520001654678244,-0.535665479494976,0.8702126206266242,220,1,Push Ups,Drake
-0.15637800815543826,-0.05741355579306825,-0.38780058481998597,221,1,Tattoo,Loreen
2.2999912172202985,-0.4414225401577559,0.4409018470517004,222,1,Kiss Me More (feat. SZA),Doja Cat
0.45463415264007495,-0.536147929773097,0.574987692412732,223,0,What It Is (Block Boy) (with Kodak Black),Doechii
0.10915000558576082,-0.5669873229546278,-0.0012447873991831137,224,0,Gata Only,FloyyMenor
-0.5250021664386673,-0.815955788864983,-0.0920453474638261,225,1,Illusion,Dua Lipa
1.6319547282649332,3.043717939727878,0.23853272036190065,226,1,drivers license,Olivia Rodrigo
-0.3657020910085661,-0.5671256862012323,-0.09542308258147661,227,1,Used To Be Young,Miley Cyrus
1.000661409307796,-1.0697496579255596,-0.3192421076913927,229,1,Cupid - Twin Ver.,FIFTY FIFTY
-0.4162675326603705,-0.4860573134804615,0.5383108487241712,228,1,How Sweet,NewJeans
1.0736587078552284,-0.9525112992531763,-1.1291562136364557,230,1,Players,Coi Leray
0.610352919818503,5.233478258757837,-0.8831118924216866,231,1,rockstar (feat. 21 Savage),Post Malone
-0.22106653204792773,0.6131400289664611,-0.2035660074859053,232,0,Lil Somethin Somethin,Vayah
0.757182685651586,4.938880685919594,-1.3658912576678015,236,1,Con Calma,Daddy Yankee
1.0827718169072538,-0.07796329295969229,1.0077662615123169,234,1,Here With Me,d4vd
-0.3749225485474626,-0.27149368447289685,0.11143091789320021,235,0,Favorite Song,Toosii
-0.41198516033143695,-0.7876690407318028,-1.0506220997525344,233,1,Si No Quieres No,Luis R Conriquez
-0.3722773618253541,-0.45644697297584125,0.023447996646740122,237,0,Mele Kalikimaka,Bing Crosby
2.1637498397834496,-0.6600525942885663,-1.1766334757789494,238,1,MONTERO (Call Me By Your Name),Lil Nas X
-0.20847936345849497,0.6675446348843639,-0.22066650023906056,239,0,Voz Emplumada del Monte,Biomigrant
-0.5077849180417638,-0.5426150367378018,0.7967534696744424,240,1,Is It Over Now? (Taylor's Version) (From The Vault),Taylor Swift
0.8635368493062002,-0.18904410853925357,-0.3413815772482973,241,1,Si No Estás,iñigo quintero
2.0318563113758334,-0.6194966474352567,1.0794678445860613,242,1,Glimpse of Us,Joji
0.9500134595806023,1.5273721112960021,-0.9807204309906493,243,1,Watermelon Sugar,Harry Styles
-0.3779323293986639,-0.5284327201784631,-0.03620093560113671,244,1,Corazón de Piedra,Xavi
-0.28227213550333635,0.014943370847787544,1.4404615580842917,245,1,Praise Jah In The Moonlight,YG Marley
-0.20927654716175345,-0.11797238229425953,0.7527617198725506,246,1,WHERE SHE GOES,Bad Bunny
-0.1692869874008713,-0.002740744896211014,0.3607385429515941,247,1,Yandel 150,Yandel
0.7297069867512948,-0.5407925803004469,-1.1408408547176965,248,1,THATS WHAT I WANT,Lil Nas X
1.6423187415905685,0.7953556388327105,-0.1912808146236059,249,1,Todo De Ti,Rauw Alejandro
-0.45298194554696103,-0.6356324525272179,-0.25310199833506164,250,1,Chemical,Post Malone
3.0381492826452288,12.147280717307671,-2.241350955936869,251,1,See You Again (feat. Charlie Puth),Wiz Khalifa
0.015959623419473455,0.2555362576639931,-1.338564649606618,252,1,Drip Too Hard (Lil Baby & Gunna),Lil Baby
-0.4074984856570649,-0.8148006463171781,-0.20938249939957196,253,0,Shooting Star,Kep1er
1.2501806077649038,8.998704462462305,-0.4929558760150806,254,1,Uptown Funk,Mark Ronson
-0.20215049248599706,0.6979584210768989,-0.22942339316123608,255,0,Dog's Plan,David Jackson
8.289618146043596,2.9521956679482666,-1.9308727808266541,256,1,love nwantiti (ah ah ah),CKay
0.8855218735552846,6.42883887623249,-1.4527703808694012,257,1,Mi Gente,J Balvin
-0.24385523932877715,-0.3373281111541729,-0.43939841620402975,258,1,Late Night Talking,Harry Styles
1.047697404698376,-0.8256236032200275,0.373599994119256,261,1,Miss You,Oliver Tree
2.9841547987124923,-0.8726559237134024,0.39841818109686394,260,0,girls like me don't cry,thủy
0.07796345338337313,3.2440686925378195,-0.8026125743823502,259,0,Yummy Fruits and Vegetables,D Billions
0.047355784786276556,2.789031996767293,-0.5654140014636022,262,1,Dakiti,Bad Bunny
0.4370806869924438,4.476934174420914,-0.37563244466416157,265,1,Starboy,The Weeknd
1.3669576509695553,7.37425552423034,-0.4815090656944535,264,1,Sorry,Justin Bieber
0.39371121086410343,0.4804065800219762,-0.026378885228695723,263,1,Calling My Phone,Lil Tjay
1.9232679583159304,2.303613815876582,-0.8403534120057342,266,1,Pink Venom,BLACKPINK
-0.39880866254779723,-0.6308343295765393,0.5581460747966568,267,1,I Can Do It With a Broken Heart,Taylor Swift
3.190925863358885,2.1651587896047353,-1.2680234132444446,268,1,death bed (coffee for your head),Powfu
-0.3975748870695157,-0.3014221485585198,0.056915386376606106,269,1,Too Many Nights (feat. Don Toliver & with Future),Metro Boomin
-0.5464474571841477,-0.42016599854142794,1.147169264332352,270,1,MELTDOWN (feat. Drake),Travis Scott
-0.45370292236187,-0.6267899610858411,0.714987686824364,271,0,California Gurls,Katy Perry
-0.04199788734154803,0.9169639093017811,0.8202040826525556,272,1,Moscow Mule,Bad Bunny
0.513843722470198,4.591286356498196,-0.014267766583333726,273,1,Something Just Like This,The Chainsmokers
1.7611172590118758,4.216689533796952,-1.6033299619443941,274,1,7 rings,Ariana Grande
0.05225744475159471,-0.3459033964830521,-0.20650967103816037,275,1,Moonlight,Kali Uchis
3.0617455422937203,-0.20203168922347617,-0.7859330524728131,276,1,Savage Love (Laxed - Siren Beat),Jawsh 685
-0.3722773618253541,-0.45644697297584125,0.023447996646740122,277,0,Bidi Bidi Bom Bom (Remasterizado 2024/30th Anniversary),Selena
0.6412565173818283,4.2371250822491175,-1.113838043459826,278,1,God's Plan,Drake
6.754075941969116,-1.5399441097765532,0.41456811240424546,279,0,Sunroof,Nicky Youre
-0.32893486727221544,-0.19483622840522283,-0.9715818328915484,280,1,La Víctima,Xavi
-0.524996610394636,-0.36067130180799023,1.2500888244410173,281,1,MY EYES,Travis Scott
-0.38541499198998097,-0.813843305203784,-0.4651159593053093,282,0,WORK,ATEEZ
0.8025411960832974,4.89821264009993,-0.5152932916927376,284,1,Despacito - Remix,Luis Fonsi
0.18133739994610268,0.09166124432935124,-1.1176631655223808,283,1,Ghost,Justin Bieber
0.4043312182549249,1.3062151523941175,0.028187602464731818,285,1,Dior,Pop Smoke
-0.3722773618253541,-0.45644697297584125,0.023447996646740122,286,0,New Baby Shark,Pinkfong
-0.3722773618253541,-0.45644697297584125,0.023447996646740122,287,0,Breakeven,The Script
1.6831671490352391,0.3517879407550607,-0.17544047569306823,288,1,Una Noche en Medellín,Cris Mj
0.936642741693646,4.785779923840316,-2.0192272342618036,289,1,SAD!,XXXTENTACION
0.03732429858409409,-0.25621062902495845,-0.271355038646658,290,1,Primera Cita,Carin Leon
1.5646705285979172,-0.050189585250866926,0.36164728337416824,292,1,Efecto,Bad Bunny
0.8619028088183309,7.275195993406362,-1.7776415213441492,291,0,Dame Tu Cosita,El Chombo
0.0844347737506932,-0.45661880716183156,-0.014082444755472419,293,1,Bênçãos Que Não Têm Fim (Counting My Blessings),Isadora Pompeo
-0.44854097659447606,-0.9076581830101297,-0.6815836398698528,294,1,Slow It Down,Benson Boone
0.7495182596001202,1.4175296866809446,-0.16335999308204358,295,1,Yonaguni,Bad Bunny
1.8261340887928839,5.017216292575656,-1.450235095862358,296,1,Heathens,Twenty One Pilots
1.661291988913333,0.7268859085615178,-1.9258324524909538,297,1,Whoopty,CJ
0.3839247157742692,-0.5023253569306646,-0.9242338624537008,298,1,Super Shy,NewJeans
0.7075910215427818,3.6025461108235133,-0.6068638020339665,299,1,Happier,Marshmello
0.18836783615284203,-1.0045860064640026,-1.0615924408624535,301,1,HARLEY QUINN,Fuerza Regida
-0.4260137726216218,-1.007311847761755,-1.1603959365752405,300,1,Baby Don't Hurt Me,David Guetta
3.2212799583873664,3.979053741923809,-1.7341486799915378,302,1,Butter,BTS
-0.39899136176506633,-0.9110951783554488,-0.4899585218622901,304,0,Cinderella,Future
0.6856113873968782,4.363486623774907,-0.21085100390473527,303,1,Calma - Remix,Pedro Capó
0.6641190872209441,3.086345929932877,0.03794416913693457,305,1,"CAN'T STOP THE FEELING! (Original Song From Dreamworks Animation's ""Trolls"")",Justin Timberlake
3.430525967088906,1.467531114101173,0.3841123915430527,306,1,Say So,Doja Cat
0.1454407751231886,0.8026454292391418,-1.8078477909089867,307,1,Ransom,Lil Tecca
0.15208800005167594,-0.7129481912006803,-1.3775683571285755,308,1,Romantic Homicide,d4vd
-0.4894062092737655,-0.7806622595539502,0.051180227822614714,309,1,Pink Skies,Zach Bryan
1.0405727021172837,5.097692237343774,-0.10025214751912045,310,1,Rockabye (feat. Sean Paul & Anne-Marie),Clean Bandit
-0.3722773618253541,-0.45644697297584125,0.023447996646740122,355,0,Danza Kuduro - Cover,MUSIC LAB JPN
-0.42391978265368074,-0.30377102866504807,-0.2485324212792455,312,1,Rich Men North of Richmond,Oliver Anthony Music
0.13006468812765604,-0.45734292710844016,-0.0351385245191176,313,1,BESO,ROSALÍA
-0.40581075168890657,-0.7430354309298619,0.09143999560467321,315,1,MTG QUEM NÃO QUER SOU EU,DJ TOPO
0.12002482450888072,-0.19560593721440192,-0.6794200894486622,314,1,Que Vuelvas,Carin Leon
-0.3722773618253541,-0.45644697297584125,0.023447996646740122,316,0,Pretty Green Eyes (Sunset Ibiza Mix),KETTAMA
1.2607875842430394,-0.8928429774192906,-1.4584395141763271,318,1,Just Wanna Rock,Lil Uzi Vert
0.4184265859809193,0.733283235260984,0.08838424403166258,317,1,Mood Swings (feat. Lil Tjay),Pop Smoke
-0.1776477100947447,0.4234893629113515,-1.3745777153673304,319,1,Fuck Love (feat. Trippie Redd),XXXTENTACION
0.02135849255049796,-0.45309571373715163,1.0302584933257597,320,1,Rich Flex,Drake
-0.12097632915331177,-0.0096963457775244,0.1221470642458589,321,1,Standing Next to You,Jung Kook
0.45721754286872474,2.76279725745827,-0.21318529764866068,322,1,Congratulations,Post Malone
2.214117958668667,-1.0359047121499363,-0.6205744549051752,324,1,Do It To It,ACRAZE
0.5565581527119042,2.913565279186318,-0.7169142960858298,323,1,Tusa,KAROL G
0.4951978231409466,0.8065236842179094,-0.4407137231943502,325,1,For The Night (feat. Lil Baby & DaBaby),Pop Smoke
-0.5144119961678749,-0.33310272683467723,1.148437042737221,326,1,Good Good,USHER
0.23860781912336024,-0.9526140676320515,-0.40423822492834793,327,1,Austin,Dasha
-0.5164606567200999,-0.28314264139877593,1.7178028740737286,329,1,Search & Rescue,Drake
0.04341378965883722,-0.35405220148517735,0.27628783711810095,328,1,TULUM,Peso Pluma
0.03643655580340933,0.6146347661017907,0.03134641934279077,330,1,Shivers,Ed Sheeran
0.04289294959159496,-0.6783998732459381,0.04205663878539284,331,0,Coup du marteau,Tam Sir
4.522988316192658,-1.3954112746902665,-1.5038482477243273,332,0,Adderall (Corvette Corvette),Popp Hunna
2.9640941161703696,-0.8978221790307469,-0.026111827835299722,333,0,Full Senyum Sayang,Evan Loss
-0.43129102437571604,-0.54533453091271,-0.7391339955208087,334,1,Sunroof,Nicky Youre
-0.2578599738691466,0.3507783794668199,-0.1482185678559667,335,0,Watching Yourself Being Born,Blush Response
-0.003999599086943006,0.5048337932705272,3.062011222865434,336,1,Los del Espacio,LIT killah
1.2998400364760794,2.7003565192723813,-0.04556463608846766,338,1,Taste (feat. Offset),Tyga
0.8049785969690533,0.6028553802873167,0.45695701161164465,337,1,MAMIII,Becky G
0.7332325719913748,0.048001881233781164,-0.49081728760992077,339,1,Until I Found You,Stephen Sanchez
-0.25549662546077345,-0.9240704971683011,-0.7233944295588937,340,1,exes,Tate McRae
7.304440838567243,-1.2084874916039579,-0.4094182470714778,341,0,Banana (feat. Shaggy),Conkarah
-0.40308406429491855,-0.6847789480718324,-0.253046432200724,342,1,Stick Season,Noah Kahan
0.6102820745958029,0.5963664290002315,0.12029186139397298,344,1,Need To Know,Doja Cat
-0.4051275263662369,-0.7474308428601619,0.08327297292502774,345,0,kompa pasión,фрози
0.02878103480537708,0.30027918433475537,-0.15530771861339285,343,0,Qué Agonía,Yuridia
-0.11144492432415282,-0.34056972961973236,-0.5559701985425048,346,1,Last Last,Burna Boy
1.3540639167422266,-0.8721471926910458,-0.024207376463723163,347,0,Ngopi Maszeh,Happy Asmara
-0.46694040527186736,-0.9714809432524073,-1.068428655279666,349,1,500lbs,Lil Tecca
-0.21734315057310616,0.013196451322943104,0.9818568909778733,348,1,Knife Talk (with 21 Savage ft. Project Pat),Drake
3.0114818098640423,-1.345876166804773,-1.9259825274157103,350,1,BILLIE EILISH.,Armani White
0.18207696420611644,0.36109152026675845,0.1891943365960895,351,1,アイドル,YOASOBI
-0.5872112490736034,0.028835604638251664,3.0727032663209535,352,1,L’AMOUR DE MA VIE,Billie Eilish
-0.4469280797428543,-0.7558160782924603,-0.363311061393353,353,1,Thinkin’ Bout Me,Morgan Wallen
-0.4550647224625384,-0.555511907509366,0.04224922110986762,354,1,Madonna,Natanael Cano
1.1495105179843086,0.9347440827826031,0.1583226512839121,355,1,deja vu,Olivia Rodrigo
-0.16498671929958567,0.9177836013178882,-0.282984000995508,356,0,6. A.M.,Azul
-0.3713555771130739,-0.517553184090375,-0.07710136000269312,357,1,CONTIGO (with Tiësto),KAROL G
0.8168241626344689,-0.737108372001225,0.031188186375545983,358,0,Sequência da Dz7,TRASHXRL
-0.5265157918741242,-0.4109149137947231,1.4964203183859222,359,1,WILDFLOWER,Billie Eilish
0.75716528114277,-0.8418256181322172,-2.1100436048771405,360,1,Doja,Central Cee
1.8778210755514044,8.085603878843067,-2.322691421754607,361,1,Kill This Love,BLACKPINK
-0.3912120619842791,-0.5629324733327055,0.033216038272315326,362,0,Lan,Zeynep Bastık
-0.44892612432765816,-0.6527898507475327,0.5635846384279037,363,1,"Good Luck, Babe!",Chappell Roan
1.7534274797972864,1.692785391641851,-0.8181019592024619,365,1,Sweet but Psycho,Ava Max
0.18371848110426242,-0.2879809097646664,0.0016990913127637934,364,1,Hey Mor,Ozuna
-0.3717454428068864,-0.4582398593361743,-0.22237635887795812,366,1,Ferrari,James Hype
3.6818899100852653,2.0702846475463854,-1.4588475030326447,367,1,Falling,Trevor Daniel
0.742395145184452,1.3187605768241804,-0.9841972588229193,368,1,positions,Ariana Grande
-0.267372493750516,-0.626891931077143,-1.0408288397336363,370,1,Where Are You Now,Lost Frequencies
-0.3722773618253541,-0.45644697297584125,0.023447996646740122,369,0,Amor Prohibido - Remasterizado 2024/30th Anniversary,Selena
-0.021144289951882486,0.03756360298036079,0.3523963491606664,371,1,Save Your Tears,The Weeknd
0.5377338584566613,1.4602916672666582,1.9414579892450452,372,1,Happier Than Ever,Billie Eilish
0.8096547376932619,4.434468724298602,-0.6204850763412273,373,1,This Is What You Came For,Calvin Harris
0.10718419364529093,3.600797802598636,1.4657875630334039,376,1,China,Anuel AA
0.7704781507963661,5.251698141511786,-0.6541776726138155,374,1,"Let It Go - From ""Frozen""/Soundtrack Version",Idina Menzel
0.5975796617580416,4.119534879762583,-2.5695720188333273,375,1,Moonlight,XXXTENTACION
-0.3547986974320642,-0.5608352668504274,-0.3871708420686724,377,1,I Had Some Help (feat. Morgan Wallen),Post Malone
0.13674940316727408,-0.6305315542307895,-0.5982438102425097,379,0,Smart,LE SSERAFIM
0.6790816878418161,4.504989104388531,-0.9552147396676834,378,1,That's What I Like,Bruno Mars
2.1535116741126243,-0.9273187883094626,0.02483840091406708,380,0,Commando,Mavokali
0.12785129022142339,0.13101121609183008,-0.8753824037018983,381,1,The Business,Tiësto
1.5893031849631842,-0.07498403361806114,-0.9697722906817423,382,1,Ride It,Regard
-0.4132646373088346,-0.5325146472219339,0.30321886055105124,383,1,Mwaki,Zerb
0.5646067075325465,1.8433853063042491,-0.9561537864988948,385,1,BICHOTA,KAROL G
-0.402845507564912,-0.6338397127110156,0.06732556551567363,384,0,Renklensin,Reynmen
-0.3722773618253541,-0.45644697297584125,0.023447996646740122,387,0,Bad idea,Kurochuu
-0.3542807727641892,0.7873438809391653,0.5709929211394265,386,0,writhe,daine
0.7798832087838569,4.198892663301124,-0.05057593969439193,388,1,The Hills,The Weeknd
0.1394409258332478,-0.5776969666899733,-0.25830735212074446,389,0,Seven (feat. Latto) (Clean Ver.),Jung Kook
-0.5484539540959303,-0.609638633419276,0.5863239594942726,390,1,SKINNY,Billie Eilish
-0.3722773618253541,-0.45644697297584125,0.023447996646740122,391,0,The Girl From Ipanema,Stan Getz
0.41004247473155636,0.37536470467268457,-0.7128349644382451,392,1,Te Felicito,Shakira
-0.3316592637563223,-0.5555233616530162,-0.0783094191330724,393,1,Que Onda,Calle 24
-0.5106322803765616,-0.6167579745159419,0.4779758642643834,394,1,Stumblin' In,CYRIL
-0.3485941739230315,-0.5978907082067654,-0.5329310775612366,395,0,A Bar Song (Tipsy),Shaboozey
-0.373045171586525,-0.3606900212218803,0.33083610334355057,396,1,STAR WALKIN' (League of Legends Worlds Anthem),Lil Nas X
0.31197103977034796,0.5417067631522463,0.4371095991235788,397,1,Desesperados,Rauw Alejandro
-0.4105834053103423,-0.33801030246064345,-0.014540083994714492,398,1,"Young Miko: Bzrp Music Sessions, Vol. 58",Bizarrap
0.49077048571644233,7.058320929519908,2.9819980280615215,399,1,Sugar,Maroon 5
-0.4970906890224723,-0.1310808599154038,1.4020921114257425,400,1,Igual Que Un Ángel (with Peso Pluma),Kali Uchis
-0.11186568312367236,1.1103997226559925,-0.353233522939826,402,0,"Jhoome Jo Pathaan (From ""Pathaan"") [Arabic Version]",Abd El Fattah Grini
0.6028804901792146,-1.077669014856607,-0.8470266828693964,404,1,Old Town Road - Remix,Lil Nas X
1.4200317020204214,4.386354687687528,-1.1676018751222028,403,1,Let Me Love You,DJ Snake
2.186100275584306,0.4112535704854395,-0.12839027262633443,401,1,Envolver,Anitta
1.6304743174604177,-0.8237375773293197,-0.03420884491891224,405,0,Oublie-moi,Emkal
-0.40334266246140393,-0.6312094067790712,0.06775302944012197,406,0,Malohat,Xamdam Sobirov
-0.3973759525927297,-0.42473796439692235,0.05407181265218168,407,0,MAESTRO,SEVENTEEN
0.08302088061539414,-0.5814971718013371,-0.13431595419374887,408,0,NUEVA VIDA,Peso Pluma
0.41881119717422294,0.8664001615621102,-0.9635026511479416,409,1,you broke me first,Tate McRae
6.399528112411463,-0.9822809315195783,-0.1713045191482785,410,0,Relationship (feat. Future),Young Thug
5.7411695735308435,-0.4932372398935369,0.5559839298509417,413,1,Beggin',Måneskin
-0.34063595682826164,-0.6454197805725876,-0.7198900916008947,412,0,Faint,Linkin Park
0.7355915479005184,-0.8817594113446116,0.03667639302254859,411,0,Pretty - Sped Up,MEYY
0.08902987307302303,1.8612500620803478,-0.46646164420314185,415,1,Hawái,Maluma
-0.45797367163609526,-0.5685223667151642,0.04568303502804049,416,1,LA FALDA,Myke Towers
-0.11656288202757908,-1.1623660085652971,-1.7228878750674583,414,0,act ii: date @ 8,4batz
3.5113920928543454,2.8661129788752113,-0.5150739293081072,418,1,Cradles,Sub Urban
-0.18283521503365605,0.1100087034948415,0.11643048392622812,417,1,Roses - Imanbek Remix,SAINt JHN
-0.45640179516958146,-0.07868345651314924,2.4725016564410263,419,1,Angel Numbers / Ten Toes,Chris Brown
0.2345095513562219,-1.2178024091052884,-1.424086453626078,420,1,Never Lose Me,Flo Milli
-0.17870757898554465,-0.239523531388633,-0.03295577493747646,421,1,Reggaeton Champagne,Bellakath
-0.13485621739320056,-0.5759030037194426,0.05457727998235172,422,0,MASHA ULTRAFUNK,HISTED
0.6081317610133888,0.6583829853281247,-0.5191227032590204,423,1,Under The Influence,Chris Brown
4.518732459201954,0.45896805535424445,-0.9932010825367882,424,1,Life Goes On,Oliver Tree
-0.3722773618253541,-0.45644697297584125,0.023447996646740122,425,0,Si Una Vez (Remasterizado 2024/30th Anniversary),Selena
-0.2899075059807852,0.07209581737571898,-0.31952844183038037,426,1,BATTER UP,BABYMONSTER
-0.41672066320349493,-0.7221912570393222,0.0876483009303999,427,1,SI NO ES CONTIGO,Cris Mj
-0.5041650351730835,-0.7323036766638626,0.04232176117841051,429,1,Trance (with Travis Scott & Young Thug),Metro Boomin
-0.23331142613456182,-0.31230729369804,0.24606906689189634,430,1,Rock and A Hard Place,Bailey Zimmerman
-0.38024721404583367,-0.862948094709122,-0.6151973320016366,428,1,obsessed,Olivia Rodrigo
-0.40876823158093073,-0.6457280409871428,0.13993006274806735,431,1,Eyes Closed,Imagine Dragons
-0.37009608422669243,-0.8910537279846131,-0.8046451400631079,433,1,Wanna Be,GloRilla
2.0167927509446444,4.643029762462847,-0.9658940516022725,432,1,Don't Let Me Down,The Chainsmokers
1.5076348768166243,8.965825786889148,-2.061214946412452,434,1,DDU-DU DDU-DU,BLACKPINK
1.054651273632921,0.20684554568196592,-0.945541706104263,435,1,telepatía,Kali Uchis
0.5747291229141032,5.294979309966439,-0.6489766104420363,436,1,Wake Me Up,Avicii
-0.46179830121830484,-0.8930631639914058,-0.8142946293528648,437,1,Overdrive (feat. Norma Jean Martine),Ofenbach
-0.17788245714966042,-0.12127989927980908,0.44417297044674375,438,1,Chulo pt.2,Bad Gyal
-0.28803714695033306,-0.6324006790937334,-0.65397011196888,439,1,All Girls Are The Same,Juice WRLD
0.23936092628646982,-1.0913034780224116,-1.1833912266929447,441,1,Push Up - Main Edit,Creeds
0.8199064077726587,0.47910239545055133,-1.0290192865146195,440,1,Kings & Queens,Ava Max
0.1366703558318595,1.199950836284154,-0.14598181541927788,442,1,Adore You,Harry Styles
0.09769154108663011,1.4059319237758325,-0.8952961285803535,443,1,HIGHEST IN THE ROOM,Travis Scott
0.19517775966367756,-0.7078833370867468,-0.5890286637013686,444,1,UNAVAILABLE (feat. Musa Keys),Davido
-0.33366465484740615,-0.6870546734620809,-0.8836639280510221,445,0,Million Dollar Baby (Vhs),Tommy Richman
0.5186163371338706,5.329122831853015,-1.0258170559086754,446,1,"Taki Taki (feat. Selena Gomez, Ozuna & Cardi B)",DJ Snake
-0.2819286850522231,0.11525715701845068,-0.03581717793836111,447,1,"Chaleya (From ""Jawan"")",Anirudh Ravichander
1.6811885844486556,0.30067833314936576,-0.06697996825735651,448,0,Dreamers [Music from the FIFA World Cup Qatar 2022 Official Soundtrack],Jung Kook
-0.4256763001421838,-0.7715200692415006,0.10036614049303387,449,1,ADIVINO,Myke Towers
-0.39838107911760123,-0.6123683136136989,0.06114749593854678,450,1,THE BOX MEDLEY FUNK 2,THE BOX
1.5071469662375057,-0.4398013786177195,-0.3955651877651342,451,1,Cruel Summer,Taylor Swift
-0.3722773618253541,-0.45644697297584125,0.023447996646740122,452,0,No Me Queda Más - Remasterizado 2024/30th Anniversary,Selena
-0.4008058860706783,-0.9103702030634634,-0.46361647461151784,453,1,Breathe,Yeat
0.26334775453130066,3.3247351620379963,-0.00984572872476557,454,1,Unforgettable,French Montana
-0.3670833406868372,-0.5592692465258629,-0.7040451617273057,455,1,EASY,LE SSERAFIM
-0.2509609660352748,0.1344379351358741,-0.33136097509607415,456,1,"Peso Pluma: Bzrp Music Sessions, Vol. 55",Bizarrap
1.1207019120780077,9.041199452955064,-2.287308186234819,458,0,Faded,Benjamin Richter
-0.4470184019431485,-0.6783292257420817,-0.620969194058492,457,1,Lose My Breath (Feat. Charlie Puth),Stray Kids
5.041776450367716,-0.6829519112317837,-0.3337186871065706,460,0,Дикая львица,ALEX&RUS
-0.49990543694312867,-0.8820004386782941,-0.3184261950758215,459,0,Move,Adam Port
-0.20651417509989728,0.6388128424315941,0.37174617793953474,461,1,F.N,Lil Tjay
0.7105277887175788,3.1182777874462513,-0.5438459820831874,462,1,Say You Won't Let Go,James Arthur
0.5454530162748957,5.582963236831336,-0.5875065841825997,463,1,Blank Space,Taylor Swift
0.5907737935953775,6.230681036033877,-1.1540127883905777,464,1,Girls Like You,Maroon 5
0.47556573608116415,2.087073247988949,-1.0678395314711884,466,1,HUMBLE.,Kendrick Lamar
-0.45151059306546437,-0.5857430547092042,0.19933516775852603,465,1,Forget Me,Lewis Capaldi
-0.22533929049013085,0.5972089539169291,-0.1978927991390718,467,0,Sabka Malik Ek,Dada Black Sheep
-0.4502360937653999,-0.9525330081796309,-0.720846739753977,469,1,Scared To Start,Michael Marcagi
1.0805042204531707,-0.6567008975495628,-0.43260706248432784,468,1,Super Freaky Girl,Nicki Minaj
-0.3944308804332821,-0.6551660183632332,-0.16717193747025796,470,1,Miracle (with Ellie Goulding),Calvin Harris
1.764117749870698,5.401027833733572,-0.19476498282860272,471,1,Somebody That I Used To Know,Gotye
0.7804693927372561,6.772617511328027,-1.1736926675217036,474,1,We Don't Talk Anymore (feat. Selena Gomez),Charlie Puth
17.183339811425025,-3.4177324127621813,0.7575298239186288,473,0,Oh No,Kreepa
-0.057427741972663274,0.036054322517596056,-0.8065205883979358,472,1,Pop Out (feat. Lil Tjay),Polo G
0.709801034024889,4.128993975849293,-0.1702057628214501,475,1,7 Years,Lukas Graham
-0.2912251135546425,-0.4239704987562385,0.7357129938317566,478,1,Something in the Orange,Zach Bryan
-0.1320000029099048,-0.49579879801120197,-0.5886750118415983,477,1,AMARGURA,KAROL G
1.050050392320615,1.908054172493768,0.24371768105809413,476,1,"Happy - From ""Despicable Me 2""",Pharrell Williams
-0.0029009105902456107,-0.5387936546210259,-0.5868713904832652,479,1,Bailando Bachata,Chayanne
0.6121652407048105,-0.9384339693920064,-1.4633268809434892,480,0,La Bebe (Remix) [Apple Music Live],Peso Pluma
0.5070907571670413,4.104029365397056,-1.3296736520713648,481,1,Treat You Better,Shawn Mendes
0.0016019726373607045,-0.18417140592691833,-0.028798347922981995,483,1,Feliz Cumpleaños Ferxxo,Feid
0.5329251249731232,6.3495785947401275,0.11500480053564312,484,1,Let Her Go,Passenger
-0.459308831388958,-1.0855580894641028,-1.3914658200394876,485,1,Fall Back,Lithe
0.8549260375628048,5.865553949985862,-1.3819054070497916,482,1,Stressed Out,Twenty One Pilots
0.1546757729027651,1.8783947033784,-2.021217717401849,486,1,Astronaut In The Ocean,Masked Wolf
0.6033693606913069,5.447562828370814,0.7015016725345752,487,1,All of Me,John Legend
-0.12742902922546592,-0.8369350467172664,-1.5690098717780632,488,1,2055,Sleepy Hallow
-0.42439755057761763,-1.023779462895146,-0.9778462192044094,490,1,Bandit,Don Toliver
-0.15951873167501512,1.975232612206318,2.436241868049792,489,1,Redbone,Childish Gambino
-0.4390025545113457,-0.3429971136363536,0.33550436148178736,491,0,Yimmy Yimmy,Tayc
0.11350434541996639,-0.8231262131064653,-0.016595611544619308,492,0,"This Is The Thanks I Get?! - From ""Wish""",Chris Pine
0.7598665652556245,0.7511048814677778,0.2406724894840623,493,1,We Don't Talk About Bruno,Carolina Gaitán
-0.3524527308000486,-0.7501306025348955,-0.8216623965546915,494,1,You Proof,Morgan Wallen
0.7865715839959344,-0.7642316055666852,-0.3761908549549418,495,1,Enemy (with JID) - from the series Arcane League of Legends,Imagine Dragons
0.31823507412770957,1.0846116766320804,0.2241875645827068,496,1,Break My Heart,Dua Lipa
0.9596452238190902,1.3006419045095952,-0.858844474591573,497,1,Shut Down,BLACKPINK
-0.4299322560044256,-0.38501144327478565,0.004355853011876758,498,1,Regalo De Dios,Julión Álvarez y su Norteño Banda
-0.38100524623005816,-0.8511891644279528,-0.5769558396388531,499,1,Never Let Go,Jung Kook
-0.30982647306801686,0.06506945875577778,-0.07444875518877829,500,0,Toyour طيور,Rasha Nahas
4.378854032023039,-1.3793346442053829,0.25317865781834553,501,0,Chill Vibes,Tollan Kim
0.10242938789251163,2.156579629262153,-0.29620437643974057,503,1,MIA (feat. Drake),Bad Bunny
1.297203484157609,0.646960193009738,0.9095681368702739,505,1,Toosie Slide,Drake
0.15551276730504512,-0.3703529802802172,-0.7725844382178387,506,1,MIENTRAS ME CURO DEL CORA,KAROL G
-0.5559810060963402,-0.37649666263261644,1.487965923043636,504,1,Down Bad,Taylor Swift
-0.27235769037163554,-0.0008171354397763376,-0.47817086235754364,502,1,Ballin' (with Roddy Ricch),Mustard
-0.16220175700741365,0.9259455380470468,-0.28656649358701763,508,0,La llama que Baila,El Reino Infantil
-0.5036415292842876,-0.694833105018287,0.3892478026114241,507,1,Ain't No Love In Oklahoma (From Twisters: The Album),Luke Combs
0.4395728251315149,-0.35032261987572616,-0.27160128970973363,509,1,Vegas (From the Original Motion Picture Soundtrack ELVIS),Doja Cat
-0.3273464470594427,-0.5039190812375534,-0.14292275495944617,510,1,El Merengue,Marshmello
-0.48957889486917794,-0.6378600744768282,-0.13919864782213506,513,1,Made For Me,Muni Long
-0.3311729645024742,-0.20553510226571842,-0.03619538754100473,511,1,Let's Go 4,Mc IG
-0.6560748984159146,0.17227196028294228,3.4893132675338157,512,1,TELEKINESIS,Travis Scott
-0.4007183868449116,-0.20668935217437315,-0.038039390393204184,514,1,Daqui pra Sempre,Manu
-0.24398601990547542,-0.5890585410920637,-1.4287454325220812,516,1,Martin & Gina,Polo G
0.8966888652879461,3.8551222363927673,-0.8512865844998867,515,1,"thank u, next",Ariana Grande
0.3598916785526142,0.2649290690988781,-0.7410130357572352,518,1,One Dance,Drake
2.0244554785526407,-0.5091092406319926,-0.5601460226272523,517,1,ily (i love you baby) (feat. Emilee),Surf Mesa
0.07151118581970546,0.3045707632682769,-2.171919492346232,519,1,Hope,XXXTENTACION
-0.4980438367695166,-0.35567739664553966,0.9243161300282835,520,1,TRUSTFALL,P!nk
0.09376518579131077,1.5855175083433115,-0.10552818755680769,521,1,Intentions (feat. Quavo),Justin Bieber
-0.3533518504198472,-0.07374547649208121,-0.36907330294134505,522,1,PRC,Peso Pluma
0.29059666967241354,0.3203690580570729,-0.198834159842787,523,1,Lemonade,Internet Money
0.6246650763975142,-0.4849220152741995,-0.7880038289926605,524,1,WITHOUT YOU,The Kid LAROI
-0.49122786174167193,-0.41495935090412583,0.7945756439252841,527,1,Sensational (feat. Davido & Lojay),Chris Brown
-0.33091993901892774,-0.5730996806389729,-0.4484784867307105,526,1,LET GO,Central Cee
-0.3722773618253541,-0.45644697297584125,0.023447996646740122,525,0,Blister In The Sun,Violent Femmes
4.040980556401416,-0.540761251313121,0.9571867801134976,528,1,Savage Remix (feat. Beyoncé),Megan Thee Stallion
2.3748501117852103,-0.07969940901147075,-1.0625891975167745,529,1,No Idea,Don Toliver
0.2949915332591464,3.3976025625963224,0.20126715086218225,530,1,Love Yourself,Justin Bieber
-0.4521244245203896,-0.5639872988345316,0.04617237395448327,531,1,TÚ NAME,Fuerza Regida
2.8059468482235985,-0.9063547485259956,-1.359478260990089,532,0,Cari Mama Muda (Senorita Joven) - Original Mix,Carella
-0.47144241349634486,-0.6454964223119986,0.0713551141863809,533,0,Need A Favor,Jelly Roll
-0.3288944465606122,0.1091543544853191,-0.18773468971379542,534,0,Heeriye (feat. Arijit Singh),Jasleen Royal
0.8365718194844897,4.113184593445602,-0.6531308949949426,535,1,Work from Home (feat. Ty Dolla $ign),Fifth Harmony
0.29553354101597623,-0.7751018868979147,0.016426487094626442,536,0,Anabella,Khaid
-0.2469886173998577,-0.13790583061288605,0.1388505699397175,539,1,Bam Bam (feat. Ed Sheeran),Camila Cabello
-0.2753259331925519,-0.38607649080981427,-0.7263053766931878,540,1,The Motto,Tiësto
-0.38750741581620846,-0.6330265587191644,-0.5098825237192859,538,1,Single Soon,Selena Gomez
-0.253405097138222,0.46935016056300927,-0.23228281010372331,541,1,Falling Down - Bonus Track,Lil Peep
-0.3722773618253541,-0.45644697297584125,0.023447996646740122,543,0,Close,Kush & TJ
1.2440494980823236,3.004969389523694,-1.0658437333475854,542,1,Sin Pijama,Becky G
-0.36308226033160285,-0.13430316172463233,-0.47560696520976414,545,1,Wasted On You,Morgan Wallen
-0.22592938508768265,0.006007449209994318,1.795415773725424,544,1,BREAK MY SOUL,Beyoncé
-0.33163011219855393,-0.2078818727093509,-0.03555508052817552,546,0,Nimbu Kharbuja Bhail 2,Khesari Lal Yadav
0.49474757825949917,-0.8045859792336132,-1.0617365291523493,547,1,Murder In My Mind,Kordhell
4.622733899230068,1.8205668297098179,-0.001645032854359093,548,1,Unstoppable,Sia
0.6226981857725117,0.8778982082206201,0.484347088483352,550,1,traitor,Olivia Rodrigo
0.630186517706277,2.685065853742729,0.3401886926399301,549,1,goosebumps,Travis Scott
-0.3722773618253541,-0.45644697297584125,0.023447996646740122,559,0,DIME QUE,Ian G.
0.3536928551908542,0.741043605260527,0.23220786778156105,552,1,Qué Más Pues?,J Balvin
1.091005162090914,-0.505165708190624,0.21151727964754408,551,1,Hrs and Hrs,Muni Long
1.826011290442358,6.6939635218035,-1.0539862306365972,553,1,Boy With Luv (feat. Halsey),BTS
-0.3722773618253541,-0.45644697297584125,0.023447996646740122,626,0,Broccoli,ati2x06
2.0736710876433593,-0.20288834497804936,0.4341288207716909,554,1,Angel Baby,Troye Sivan
0.27980501163401894,-0.06407187778917933,1.3612317640666014,555,1,Way 2 Sexy (with Future & Young Thug),Drake
-0.39096059051895127,-0.5646363772063562,0.05025385115921612,556,0,Bhauji Lenge Lenge,Khesari Lal Yadav
-0.5325432834935343,-0.6972656827114728,0.33163682294389785,557,1,SORRY 4 THAT MUCH,Feid
0.2659473886264811,0.09760840214270876,-0.6435772309284576,558,1,I WANNA BE YOUR SLAVE,Måneskin
-0.45043775537353553,-0.6822825812984448,-0.49555590702024643,560,1,PUFFIN ON ZOOTIEZ,Future
-0.35781142882769296,0.09387803734064439,-0.01060306729178814,559,1,3D (feat. Jack Harlow),Jung Kook
-0.40527242176342565,-0.22320642261912918,-0.36086189908356014,562,1,XO Tour Llif3,Lil Uzi Vert
-0.048519094451863205,-0.7283620688621251,0.0901843298966427,563,1,Lift Me Up - From Black Panther: Wakanda Forever - Music From and Inspired By,Rihanna
-0.4970842856923282,-0.7510512665332171,-0.3151143963387503,561,1,Desire (with Sam Smith),Calvin Harris
2.104078995696633,-1.0479025907194808,0.07416412009167589,564,0,Cute,Aurel Surya Lie
-0.08648725501032685,0.2090790756602232,0.00512469469723476,565,1,Cold Heart - PNAU Remix,Elton John
0.24839755268617295,2.8856654556811336,-1.6094305584063537,566,1,Con Altura,ROSALÍA
-0.447739778433742,-0.639797277855026,-0.12090805217689145,568,0,해야 (HEYA),IVE
-0.10637757273674506,2.044987994285792,0.4916672634647401,570,1,LA CANCIÓN,J Balvin
0.44776502480551306,2.8878077980417913,-1.1706529732939386,567,1,In My Mind,Dynoro
0.7649952866523758,4.998559181059196,-0.8339689430738753,569,1,Chandelier,Sia
-0.19864999029577773,0.646169106917348,-0.7874564342376226,571,1,Eastside (with Halsey & Khalid),benny blanco
-0.03536150879409646,1.4902693286826316,-0.14920067206202547,572,1,Godzilla (feat. Juice WRLD),Eminem
0.40852252037651166,3.4841253332399855,-1.0897557838374077,573,1,All About That Bass,Meghan Trainor
-0.14637409403734347,0.9498096403967343,1.0891763964963188,574,0,"Besharam Rang (From ""Pathaan"")",Vishal-Shekhar
0.25794203312782615,-1.1981544288518968,-1.8370689019218853,575,0,MR. TAKE YA B*TCH (FEAT. CHRISEANROCK),Lil Mabu
-0.20236681425787023,0.028231342639939334,-0.4302919989302721,576,0,Cheques,Shubh
-0.42285766753699655,-0.3729511062522862,1.404324742933862,577,1,Friday (feat. Mufasa & Hypeman) - Dopamine Re-Edit,Riton
-0.33834194802651263,-0.3410557638755228,0.43314868027803954,578,1,VAGABUNDO,Sebastian Yatra
0.5377754669199699,3.54122868094628,-0.708190567247297,580,1,Cheap Thrills,Sia
1.5053814754896038,2.0134141033143593,-0.4073821146082769,579,1,Yummy,Justin Bieber
-0.45038083389715744,-0.6990344236136588,-0.21490461194740007,582,1,On My Mama,Victoria Monét
-0.1115337712534269,0.2552322544676567,-0.2094192562592302,583,1,Wishing Well,Juice WRLD
-0.3161167583096926,-0.10852386599532442,-0.05830709629815517,581,0,Jale 2 (feat. Vinay Yadav & Neha Shukla),Shiva Choudhary
0.271410374360695,2.909684246933761,-0.6905873780562672,584,1,Too Good At Goodbyes,Sam Smith
-0.25170539049096097,-0.06691831502840334,0.8916516271025896,585,0,SPECIALZ,King Gnu
0.9163590138475407,-0.7716989549090236,-0.004638329995735855,586,0,Ta Ta Ta,Bayanni
-0.10434820553413499,-0.33647225710308554,-0.0019487417961887204,588,1,Un Finde | CROSSOVER #2,Big One
0.7694373738795274,2.7667588808978043,-0.7470037353475175,589,1,There's Nothing Holdin' Me Back,Shawn Mendes
-0.48018929195573923,-0.1738909720328395,0.5617952094092208,587,0,Gulabi Sadi,Sanju Rathod
-0.08417580987620862,0.005726134378835014,-0.7861447244969857,590,1,Breaking Me,Topic
-0.26602753570681076,0.31144520632238754,-0.13691325543909233,591,0,The 5th Letter,Hollywood Dots The Oncelor
-0.43832647268034053,-0.9919223852313638,-0.953582836232809,592,1,Belong Together,Mark Ambor
1.0388565363684625,5.1217499880681086,-0.7189318840362577,593,1,Shake It Off,Taylor Swift
0.3263205923140509,-0.9667261248839674,-1.6928176164757358,594,0,LOVELY BASTARDS,ZWE1HVNDXR
0.17910182612037953,1.1299663421536366,-0.33639078265021916,595,1,La Curiosidad,Jay Wheeler
0.037320188628970255,1.2793139488555718,-0.10093203762687117,596,1,EL MAKINON,KAROL G
0.2194124866373602,-0.2062802035097304,0.4406138824982654,597,1,In The Stars,Benson Boone
-0.36693431089254713,-0.6562251441213465,-0.2682030908770596,598,1,Shirt,SZA
-0.40681125594175754,-0.657671037150346,0.07306041307530571,599,0,Tiryakinim,Bayhan
-0.4471184709768873,-0.5772981662197387,0.7292724824148916,600,0,We Don't Trust You,Future
0.2489502855225765,-1.0991710129470333,-2.2404768976304448,601,1,Tá OK,DENNIS
-0.008793453769437864,-0.6389245028211176,0.029056362854687927,602,0,Cắt Đôi Nỗi Sầu,Tăng Duy Tân
0.2044074600496674,2.348706812123457,0.0762557727591486,603,1,Call Out My Name,The Weeknd
2.1450793573381084,-0.20247546919894588,-0.7227428269776675,604,1,Lose Control,MEDUZA
-0.5581592883307721,-0.2364816255794595,2.2117908107458333,606,0,THE GREATEST,Billie Eilish
0.15415020709051416,3.9370491683948545,-0.11430300258465982,605,1,X - Remix,Nicky Jam
1.3279643673877057,-0.6321993557756047,-0.5553933285242262,609,1,223's (feat. 9lokknine),YNW Melly
0.309932972870235,3.699306563348021,-0.39774471871738515,608,0,Saami Saami,Mounika Yadav
0.45006935737949705,3.2169441983233598,-1.4153124365730414,607,1,Échame La Culpa,Luis Fonsi
1.0357176694700494,2.584947337655908,-0.546761458185631,614,1,Mask Off,Future
-0.42600399572793934,-0.7043137565454256,0.22581904308199274,613,0,BON,Number_i
0.2605570926183521,1.2975649888120502,0.007327760327389193,611,1,Before You Go,Lewis Capaldi
3.3811150384022572,-1.0489193429859422,0.44457412301094584,610,1,SAD GIRLZ LUV MONEY Remix (feat. Kali Uchis and Moliy),Amaarae
-0.42761249199383655,-0.6931575351042393,0.27564470371013083,612,0,Young Metro,Future
-0.3722773618253541,-0.45644697297584125,0.023447996646740122,618,0,You Raise Me Up,Josh Groban
0.2906485000025566,-0.22942506912330943,-0.8241643019483123,616,1,Queencard,(G)I-DLE
-0.3799254992110281,-0.5008000840641856,0.0344245648572203,617,0,"Maroon Color Sadiya (From ""Fasal"")",Kalpana
-0.17554934157862181,-0.19217874247852684,-0.7490847256009943,615,1,RAPSTAR,Polo G
-0.44108290650628157,-0.41527307385064693,0.2954354401993745,620,1,Say Yes To Heaven,Lana Del Rey
-0.22015864591984183,0.5870694232166326,-0.2032432258095965,619,0,Building Blocks,Falls
-0.057037283621954815,0.9166570427955776,-0.33445649068970174,621,0,Maan Meri Jaan,King
0.8065367520112692,0.08497554518304289,-1.0632590013406598,622,1,Best Friend (feat. Doja Cat),Saweetie
-0.23007321905384248,0.31678273558633996,0.09220578087499498,623,1,GATÚBELA,KAROL G
1.5729658595590978,3.1092739388827217,-0.5025920781847313,624,1,Swalla (feat. Nicki Minaj & Ty Dolla $ign),Jason Derulo
0.1857056781259823,4.738257863219651,3.8582167521592683,625,1,Te Boté - Remix,Nio Garcia
0.3493845583970286,0.31517859828476447,2.536607829348192,626,1,SICKO MODE,Travis Scott
-0.4041333538012921,-0.26619258183784966,0.7718272856448632,627,1,act ii: date @ 8 (remix),4batz
-0.013774250446124434,-0.8680537073984772,-1.8731427479581493,630,1,Barbie World (with Aqua) [From Barbie The Album],Nicki Minaj
-0.41175674899143433,-0.44187609659825755,0.6068314832359665,628,1,The Kind of Love We Make,Luke Combs
-0.44287553138076324,-0.8154722298390814,-0.7395091327714032,629,0,Europapa,Joost
0.3870214299765302,0.02923666214583203,0.292490421396768,632,1,OMG,NewJeans
3.131578973081327,-0.9985475334753068,-0.18153440007552166,631,0,Baila,Karl Wine
1.1637336293482068,-0.6938224311387093,-0.026643142680055236,635,1,PUNTO 40,Rauw Alejandro
1.2717197600269132,2.692330873706085,-0.8365491478001023,637,1,In The Name Of Love,Martin Garrix
-0.17565137969840738,-0.059671886653384285,-0.07029622912252195,633,0,Shorty Party,Cartel De Santa
-0.2967857926081328,-0.06465246199527232,0.32727705756404246,634,1,Drama,aespa
-0.2460997656950131,-0.35444999115274284,-0.7151044107428546,636,1,Head & Heart (feat. MNEK),Joel Corry
0.023212581004062195,1.8025126985667916,0.7221776784208207,638,1,Callaita,Bad Bunny
-0.20108231493429385,-0.6707510437308744,-0.6819102479253628,639,1,How Do I Say Goodbye,Dean Lewis
-0.33412342700907577,-0.6843147362359715,-0.8728861885154958,640,0,One Step Closer,Linkin Park
1.8042380631801909,-0.7261075936260938,0.059318248426380275,642,1,ULTRA SOLO,Polimá Westcoast
0.9823490089658237,-0.9063182012520739,0.04253193709703384,641,0,Hundred Miles (Sped Up Version),Yall
-0.5047666788466447,-0.8183821278654384,-0.2800508673218377,643,1,SNAP,Rosa Linn
0.006338437002834839,2.437161427474047,-0.6802595351041296,644,0,Lambiyan Raataan,Jubin Nautiyal
1.2474064237596594,10.618006874547,0.8002035656061784,647,1,Gangnam Style (강남스타일),PSY
0.25860731632441264,3.541364995651895,-0.09521385031411594,648,1,Criminal,NATTI NATASHA
0.4130458817284389,4.528140470478278,-1.1638257540895607,646,1,Chantaje,Shakira
-0.2674488399716041,1.0447293220482101,1.149914180116731,645,1,Laugh Now Cry Later (feat. Lil Durk),Drake
-0.11418641542972881,1.938030270143519,0.004720827948048403,650,1,Psycho,Post Malone
-0.38807846708761173,-0.47336076193506343,-0.24754779492060086,649,1,Casanova,Soolking
-0.13014619338309166,-0.4773826956329827,0.856586757310254,651,1,Holanda,Jhayco
-0.44293515648483,-0.6099480458879732,0.61692163856758,652,1,née-nah,21 Savage
3.166627805740773,0.2162061745972,-0.08477949896164239,653,1,Faded,Alan Walker
0.5193848516679129,-0.6054807458555982,-0.4806050592726368,655,0,Cough,Kizz Daniel
-0.07059888466610027,-0.8524006426783598,-0.29811230406644973,656,1,Afraid To Feel,LF SYSTEM
0.013319767432161757,0.4528101391570606,-1.3035899815895156,657,1,Wow.,Post Malone
0.07613512456009201,4.426223100003942,4.938812529407084,654,1,Radioactive,Imagine Dragons
-0.052816384820610636,1.6354603748232395,-0.06270137042102922,659,1,RITMO (Bad Boys For Life),Black Eyed Peas
-0.06872477513937875,0.31683983286174233,-0.4274231856600951,658,1,hot girl bummer,blackbear
-0.15859149020959862,0.8147891112347865,-0.8721361702152722,663,1,Dancing With A Stranger (with Normani),Sam Smith
0.8683265799489999,-0.5806367914526419,0.0844837479422387,665,1,Heartbreak Anniversary,Giveon
0.5937289421658793,0.41299630920657604,-0.8288609864104878,662,1,Toxic,BoyWithUke
-0.17986870815614592,1.8977969360526352,1.6783706836485681,661,1,Tennessee Whiskey,Chris Stapleton
2.306605803960668,0.07380564194977118,-0.937097353066121,664,1,Up,Cardi B
-0.4368017285189407,-0.7203704137837752,-0.6497196057773416,660,1,UN PREVIEW,Bad Bunny
-0.4838089857563441,-0.9136939921700992,-0.5956314471011935,669,1,Prada Dem (feat. Offset),Gunna
0.47239505858558994,-0.24652897097311047,-1.3253496580351134,670,1,Don't Be Shy,Tiësto
-0.16522173166928766,-0.7602140056454959,-0.8376076862001813,668,1,Sabor Fresa,Fuerza Regida
0.9820802713231478,-0.9032618418669638,0.0964935873042082,666,0,MON LOVE OHO,Liamsi
-0.2945747464086109,-0.3157019430620686,0.7439997931191853,667,1,Surround Sound (feat. 21 Savage & Baby Tate),JID
-0.3379431066084525,-0.5659733108069614,-0.21102126193001047,673,1,Feather,Sabrina Carpenter
-0.09805601433242311,-0.3957508844063837,0.11269591375916267,672,1,Super Gremlin,Kodak Black
0.3253066508579503,2.022698682513363,-0.7863202111957861,674,1,Natural,Imagine Dragons
0.4139496411295978,-0.7151274841780045,0.04491364098264645,671,0,La Triple M,Mawell
1.951791625299586,-1.0027068989889667,-0.9238422973212165,675,1,OUT WEST (feat. Young Thug),JACKBOYS
-0.405002525150287,-0.6557532546574292,0.07090923961637866,677,0,"Fear Song (From ""Devara Part 1"") [Tamil]",Anirudh Ravichander
0.016940141804392257,-0.19344248413512186,-0.17696343523560082,678,1,High Hopes,Panic! At The Disco
-0.2288720181369648,0.4749537245328391,-0.18754264091584444,676,0,Papa,Lori
0.5320191609520664,-0.43089670871004426,-0.022981672863251958,679,0,Memory Reboot,VØJ
0.7386701152823922,4.01197377611993,-0.40636436000204335,680,1,Side To Side,Ariana Grande
-0.3722773618253541,-0.45644697297584125,0.023447996646740122,681,0,Last Night,Morgan Wallen
3.212325964955048,0.9335057899461875,-1.9204167014784068,682,1,Build a Bitch,Bella Poarch
-0.43192254788346235,-0.4488536178267708,0.010087106943206069,683,1,"Natanael Cano: Bzrp Music Sessions, Vol. 59",Bizarrap
-0.4206547012846462,-0.1675216972959722,1.1599562848052962,687,0,400 Degreez,JUVENILE
-0.4252613860623247,-0.5799524652452098,-0.3558854908226338,685,1,Y LLORO,Junior H
1.2582489533345633,1.1234762306369925,0.3782848805184025,686,1,Streets,Doja Cat
-0.09160281927466297,-0.6061395026598063,0.0864449412782268,684,0,How We Roll,Ciara
-0.47027610070636505,0.17085472100190166,1.5785146995409243,690,1,"Satranga (From ""Animal"")",Arijit Singh
0.7786605521971718,2.4201119343273536,0.01047001525687172,688,1,My Universe,Coldplay
-0.44269105635294576,-0.4853101361552186,0.1923027712692181,689,1,Peaches & Eggplants (feat. 21 Savage),Young Nudy
-0.3882657973499473,0.4161867777131329,1.7175772552388293,691,1,"Who Want Smoke?? (feat. G Herbo, Lil Durk & 21 Savage)",Nardo Wick
0.5438335754720511,5.2895335491272135,-1.3138287935473403,693,0,Thinking Out Loud,Ed Sheeran
-0.514771498489163,-0.14121449379362488,0.9901662367895341,692,1,O Me Voy O Te Vas,Natanael Cano
-0.3892051927238802,-0.7315584108923343,-0.2624213455968803,697,1,Puntería,Shakira
0.5751470952615774,1.6788051691002948,0.33957278601115926,694,1,Girls Like You (feat. Cardi B),Maroon 5
-0.6305089856117506,-0.1380733423855094,2.566836679663533,696,1,Slime You Out (feat. SZA),Drake
0.8139389210693534,0.8156583267680035,-0.8496757128862726,695,1,Therefore I Am,Billie Eilish
-0.4748675443238412,-0.40400868312755817,0.31130231286768584,701,1,Wish You The Best,Lewis Capaldi
0.5386346723232229,5.068904441528842,-1.296484766522473,698,1,New Rules,Dua Lipa
0.39790099492406,3.986559456767353,-0.18048944435783204,700,1,Stitches,Shawn Mendes
-0.3449030754840832,-0.5366450259615306,0.33985020343671135,702,1,Back On 74,Jungle
0.01172800936647424,-1.0721418466370904,-1.0102037852269004,699,0,"Welcome To Rosas - From ""Wish""",Ariana DeBose
-0.24587285140401974,-0.3286946481682258,-0.01704742456359715,703,0,Por Mi México (Remix),Lefty Sm
0.6436390962453029,-1.0513175583976582,-1.488023970273645,705,0,THIS YEAR (Blessings),Victor Thompson
-0.25233608005244323,-0.4635712146119462,-1.4286723376204227,704,0,"Abrar’s Entry | Jamal Kudu (From ""ANIMAL"")",Harshavardhan Rameshwar
-0.46255206786171815,0.11051505455080854,2.0656097407907867,708,1,Fair Trade (with Travis Scott),Drake
0.3199307107199146,3.397238842197137,-0.7388893401238436,709,1,Mayores,Becky G
0.1069266053665296,-0.6521602133674319,-0.5896776755774334,707,1,CHORRITO PA LAS ANIMAS,Feid
-0.439054609776773,-0.057631432701213986,1.5922175198460808,706,0,New Divide,Linkin Park
-0.5692752375143509,-0.3081116964782241,1.6248489933950472,711,1,White Horse,Chris Stapleton
-0.44298021992728015,-0.20823456953662972,0.523996374224525,712,0,Ojitos Rojos,Grupo Frontera
-0.2942606229807324,-0.3616053712645258,-0.0008599632526631491,710,0,La Morocha,Luck Ra
0.5231683685355992,-0.5797033571627616,-0.03338315467028647,714,0,Who Is Your Guy?,Spyro
-0.23013422210236995,0.12221762185190352,-0.3615660337143529,713,1,You Right,Doja Cat
-0.03299119742315057,-0.3950408185545484,-0.4804302261955213,715,1,AMG,Natanael Cano
-0.1322125637635146,0.988210663955825,-0.3122154431758413,717,1,Bandido,Myke Towers
-0.14406488873708848,-0.7899752199197914,-0.08345109941017101,716,0,Karma,JoJo Siwa
0.1648394557842971,-0.5393021598515506,0.037502806647334845,720,0,El Gordo Trae El Mando,Chino Pacas
-0.13353341957320836,-0.7812363262378257,0.05667871705192861,718,0,Ya No Tengo Tu Love,Sie7e
0.1791219132625052,2.2235235815989958,-0.6268603123830021,719,0,52 Gaj Ka Daman,Renuka Panwar
-0.47497933005291093,-0.796588602116498,-0.4677465567851816,722,1,FTCU,Nicki Minaj
-0.3604267637614789,-0.05708341168022165,-0.5576647965190035,721,1,Go Crazy,Young Thug
-0.4353466884287241,-0.14801368626935618,1.2940399358331476,726,1,La Jumpa,Arcángel
-0.3023197504845231,-0.783177182160564,0.0757746941243343,723,0,I Don't Care,Boy Spyce
0.8382672471528231,6.756750013949114,-0.9663724502451837,725,1,Roar,Katy Perry
-0.003606546310288322,1.2352894685920257,1.0737934707954717,724,1,No Guidance (feat. Drake),Chris Brown
0.10047253698819218,1.5392137036517561,-1.012964502113243,727,1,34+35,Ariana Grande
1.8444269431641167,4.228639989907618,-1.3694396567841103,728,1,Permission to Dance,BTS
0.9538385706842333,1.843796792063322,-2.3066025383915574,729,1,changes,XXXTENTACION
-0.36166459135799084,-1.0956474985301794,-1.4946871674558786,730,1,Tell Ur Girlfriend,Lay Bankz
-0.412808800262213,-0.7848841191231096,-0.08292659061981643,731,1,SPIDER,GIMS
2.5768201178923387,-0.66333882067131,-0.9940883155594692,733,1,Sunday Best,Surfaces
-0.3604565679562515,0.23228025883410783,-0.1496649106542509,734,0,Guli Mata,Saad Lamjarred
-0.4572129032186807,-0.5537335075235683,0.04405080086074659,732,1,HOLA PERDIDA,Luck Ra
0.18915138853034455,1.5255988116813908,0.3106583374938809,736,1,Better,Khalid
0.030038023580155743,2.1125570283640878,-0.08202325969262567,735,1,I Don't Care (with Justin Bieber),Ed Sheeran
-0.4743601839567166,-0.7027285399368094,-0.2604139682590545,737,1,Substitution,Purple Disco Machine
0.25799859737112857,-0.8801887437431525,-1.4215345804130166,739,0,Automotivo Bibi Fogosa,Bibi Babydoll
0.47186127443226206,-0.5904892681579293,0.06820115514110939,738,1,MERCHO,LiL CaKe
2.711877662797118,-0.6214022748802929,-0.24817336298519652,740,0,Bandook,Nirvair Pannu
0.25058154971227725,0.7837838657829153,-0.654291539485989,741,1,Silence,Marshmello
0.31206840801498503,0.5960011206778041,-0.9316887359965134,742,1,Miénteme,TINI
0.05478318100327464,1.8971224861860974,0.03604387964992144,744,1,Trap Queen,Fetty Wap
0.24925895773885634,4.113926443811108,2.214116528930119,743,1,Sign of the Times,Harry Styles
0.2515616614888375,-0.2831852785954701,-1.2581124505487036,746,1,METAMORPHOSIS,INTERWORLD
-0.007594054013837958,1.2446804601355217,-0.39444315082727555,747,1,Botella Tras Botella,Gera MX
1.9331151482507585,1.106138895226184,0.6917497234132772,745,1,"Me, Myself & I",G-Eazy
-0.12639928266349879,-0.46364473704137116,-0.09622257484368235,749,0,"Steal The Show - From ""Elemental""",Lauv
-0.00925748938553995,2.679944927982758,-0.022135338135167784,751,0,Lut Gaye,Jubin Nautiyal
-0.4544290390847988,-0.5832226924931148,0.050863841071686504,748,1,Piel,Tiago PZK
-0.12799297135315862,1.5817149436025446,-0.4830049998835729,750,0,Pasoori,Shae Gill
-0.4651894869934261,-0.6463355941516228,-0.4722150976732908,752,1,the boy is mine,Ariana Grande
-0.3699923119481394,-0.986674644813247,-0.9887540213527971,754,1,When We Were Young (The Logical Song),David Guetta
-0.3722773618253541,-0.45644697297584125,0.023447996646740122,755,0,Swalla (feat. Nicki Minaj & Ty Dolla $ign),Jason Derulo
-0.32683002907091585,-0.8387063281998339,-0.8721821250213774,756,1,Lay Low,Tiësto
1.1278741419272653,-0.9345698125182016,0.0973925614064925,753,0,Bounce When She Walk,Ohboyprince
-0.2639429346904503,0.9012612790764227,1.174151691793287,757,0,"Apna Bana Le (From ""Bhediya"")",Arijit Singh
-0.3403036098309462,0.03711569084626666,0.5617783585455057,759,1,Hold My Hand,Lady Gaga
-0.1935545332343831,-0.7905256106851882,-0.43326284819998123,758,1,Big Energy,Latto
-0.13940593944256632,1.1152814250312608,-0.8757944435358549,761,1,Goodbyes (feat. Young Thug),Post Malone
-0.24180507545117094,0.9214158968922701,0.17779931616353203,760,1,Location,Khalid
-0.20387629818704942,-0.5244743527446353,0.08230335315090943,762,1,Italodisco,The Kolors
-0.05462661525560321,-0.78465687938159,-0.7500814159382471,763,1,Perfect Night,LE SSERAFIM
0.49043656863356566,1.342188120985614,-0.7253718098539799,767,1,Vida de Rico,Camilo
-0.14694516398931573,-0.62943337119449,-0.7769947135735409,765,1,Frágil,Yahritza Y Su Esencia
0.013646731711878007,1.4838748659376317,0.0017950674448583299,766,1,In My Feelings,Drake
-0.5522717311984053,-0.5176860997680904,0.8171508429423576,764,1,You Broke My Heart,Drake
0.4395028295617101,3.315274319799584,-0.6119768792193981,768,1,Attention,Charlie Puth
-0.44557258806795136,-0.3191267492413943,-0.010464120264565875,770,0,Zhurek,Adam
1.3110718773117855,3.3962571667617714,-1.5904169330132554,769,1,Let Me Down Slowly,Alec Benjamin
3.1525770049581654,3.156966990924979,-0.08693235361641931,771,0,In The End,Tommee Profitt
-0.20116348697640646,-0.20499175635224298,-0.08035977629193305,772,1,Took Her To The O,King Von
0.3622141743082792,-0.4180615965497171,-0.963901914780551,774,1,Boyfriend,Dove Cameron
0.6996921086197765,-0.7662171193202663,0.0955250324684192,773,0,Orquestra Maldita,TRASHXRL
0.0011999811452160294,1.2134560680447046,-0.772493257194878,775,1,Sucker,Jonas Brothers
1.0283621740378175,7.702061686080327,-0.22363667811772198,776,1,Alone,Marshmello
2.245927661926387,0.268041241687652,-0.38735769835309813,778,0,Moto,Diler Kharkiya
0.09921943255838993,0.5072205776923602,-0.25637402625987427,779,1,Pareja Del Año,Sebastian Yatra
0.026474281461363002,-1.0292413542370153,-1.5387105011867301,777,0,PAINTING PICTURES,Superstar Pride
1.739487536928501,1.8010310669015062,-2.0062909006626395,780,0,GOOBA,6ix9ine
-0.393350358114306,-0.3305921547854035,0.5185069479328307,781,0,vampire,Olivia Rodrigo
-0.5185910558696055,-0.8194800648534936,-0.14022292285064572,790,0,THE DINER,Billie Eilish
-0.345549258688724,-0.6160759367316709,-0.6044639778655783,785,0,6 In the Morning (feat. Nate Dogg),Flex (UK)
0.8892961425912955,-0.17156668822825777,-0.21392030959636235,782,1,Light Switch,Charlie Puth
-0.38501159852981837,-0.5476590654424359,0.042624981318320244,783,0,"Pushpa Pushpa (From ""Pushpa 2 The Rule"") [HINDI]",Mika Singh
-0.31411976477625503,-0.6659574020315572,-1.3309940698777833,788,1,On Me,Lil Baby
0.794289749124832,2.1309927334122936,-0.6587063561023114,787,1,when the party's over,Billie Eilish
0.4932623181030461,4.37338848924668,-2.1417273715441736,784,1,Love The Way You Lie,Eminem
0.4142808950087112,-0.12508719994615955,0.6837245251734431,789,1,Party,Bad Bunny
-0.4397567981319367,-0.5090617702023698,0.6054416166752853,786,1,Make You Mine,Madison Beer
-0.3190226297250612,-0.10504183623860734,-1.223723232635446,791,1,Freaks,Surf Curse
1.3829495938198961,-0.6996787341386729,-1.3855788898305668,792,1,In Da Getto,J Balvin
0.5203729678676863,0.19656414395986135,-0.092163388822494,794,1,Chale,Eden Muñoz
-0.3638573340030442,-0.6118771848227643,-0.3323138129899686,793,0,Try That In A Small Town,Jason Aldean
0.31751925787779234,-0.17169544036682552,0.9106674161493551,796,1,Tarot,Bad Bunny
0.3822527376509464,-0.5482710557929081,-0.030204800903036365,795,0,Mas Existe um Lugar,Kaio Viana
-0.4395789555877117,-0.43971197387881655,0.8978166679393964,798,1,TEXAS HOLD 'EM,Beyoncé
-0.49827467748568954,-0.38635484948478915,0.4778417988291745,797,1,Petit génie,Jungeli
-0.21456324911851438,0.50086144837786,-0.20511748018118375,801,0,Bura Na Mano Holi Hai,Shaan
-0.26080525890592127,-0.3706313486559108,-0.15269356979206727,800,0,唱,Ado
-0.37253634611016767,-0.45490023421916637,0.029532204449053516,802,0,Breaking the Habit,Linkin Park
0.004343723429619792,2.6301852300359116,-0.20811004696419502,799,1,Work,Rihanna
-0.35541867579782843,-0.16039973948439995,-0.039464306232398105,804,1,Normal,Feid
-0.20679772868325377,-0.3061518776995196,-0.3537038167541345,803,1,LALALALA,Stray Kids
-0.29726066326020784,0.10060448698358292,0.09374553190221573,807,1,Sum 2 Prove,Lil Baby
4.351490043622216,-1.0839053424813887,-0.6462897660428527,808,0,Lottery (Renegade),K CAMP
0.08597416768320827,1.38012573097332,-1.1798310084620538,805,1,Meant to Be (feat. Florida Georgia Line),Bebe Rexha
-0.05689041717775096,0.35148151853758963,1.7190918164067275,806,1,Good Days,SZA
-0.3412458270112353,-0.4451917213941342,-0.9446146509254127,810,1,Leave Before You Love Me (with Jonas Brothers),Marshmello
-0.12751878914863563,1.1920840339784173,-0.2376891639295679,811,1,Youngblood,5 Seconds of Summer
1.2242752085101738,3.7294396678452713,0.009586296322737251,809,1,Sweater Weather,The Neighbourhood
0.07914401548255841,-0.7077736667606852,0.03434622468054497,813,0,Merayu Tuhan,Tri Suaka
-0.4036900129466097,-0.914959169509067,-0.43914013572943966,812,0,If We Being Rëal,Yeat
3.826851873637723,-0.19930726487142467,-0.43509426097562576,815,1,Can We Kiss Forever?,Kina
0.1257612126601959,3.1556071113728645,-0.050898063766810706,814,1,Felices los 4,Maluma
-0.21735352431063454,1.3042456382431113,-0.3681347836427141,820,0,Mariposita,La Vaca Lola
0.6295650490964048,1.355725773741337,-0.7451738023092217,821,0,Relación,Sech
-0.2638450482485749,-0.4983953291116906,0.04816596894964658,819,0,ELOVRGA,Alex Favela
2.0328368168384774,-0.7765626278639759,-1.1083509296876424,816,1,Party Girl,StaySolidRocky
-0.1052789248811201,2.114270090746562,0.4724027782122961,817,1,I Feel It Coming,The Weeknd
-0.3675982663674,-1.2513366267715214,-2.1522998021300226,818,1,Get In With Me,Bossman Dlow
0.7743149384936144,1.2358826006120738,-1.3279811502005412,822,1,Agua (with J Balvin),Tainy
0.38734386690193123,2.9468789727458455,-0.7326903354244627,824,1,Human,Rag'n'Bone Man
-0.47324105919412573,-0.4381475920370264,1.3133202684057659,823,0,We Still Don't Trust You,Future
3.2737690105839876,-1.526806081673624,-1.2465051376649292,828,1,snowfall,Øneheart
-0.3945889341306002,-0.5812150739174863,0.05522968923569838,825,1,First Love,Oscar Maydon
-0.29247334425650034,-0.9113025385010659,-1.1731548498260518,829,1,La_Original.mp3,Emilia
-0.39793629587641677,-0.5982667277883412,0.059911343119725104,827,1,OA,Anuel AA
1.9218880470203692,-1.080119515743554,0.17684038349586784,830,0,Pagodão do Birimbola (Tchubirabirom),Os Quebradeiras
1.2344606839195322,3.2488594450395447,-1.4320444636922403,826,1,Ice Cream (with Selena Gomez),BLACKPINK
-0.39479484670493137,-0.6476689133509101,-0.5244105045645128,832,0,Deja Vu,TOMORROW X TOGETHER
-0.3784190953138882,-1.072939879751626,-1.0466775524785337,831,1,one of wun,Gunna
-0.37132663414615136,-1.0755305017554708,-1.1384551919937955,838,1,Thank You (Not So Bad),Dimitri Vegas & Like Mike
-0.34105310651558635,-0.6429284263609434,-0.7100901711764537,837,1,Watch This - ARIZONATEARS Pluggnb Remix,Lil Uzi Vert
-0.2817843039763779,0.7309510030228589,0.10353973579003069,836,1,MIDDLE CHILD,J. Cole
1.530061437676429,-1.1402628401239472,-0.7534216423415986,834,1,TO THE MOON,JNR CHOI
0.20036393140479364,-0.7140233483766101,-0.7211631856620426,835,1,Fancy Like,Walker Hayes
-0.4240082938280517,-0.5266443343626952,0.04315037477751708,833,1,The Color Violet,Tory Lanez
-0.28444738439892264,-0.5656992872056368,-0.5107740407505079,840,1,S91,KAROL G
0.8975114214687032,3.546917534041613,-0.9191346872964005,839,1,LALISA,LISA
1.0735234498138764,-0.8386498281118068,0.3480806081172526,841,1,Levitating,Dua Lipa
-0.3505889242220517,-0.3484765054026854,0.938298140445336,844,0,RUBICON,Peso Pluma
-0.519557952969845,-0.7105541028035058,0.0574423269203209,843,1,Gimme Love,Sia
-0.38981492980611954,-0.563295895979782,0.048884761184939916,842,1,Diz Aí Qual é o Plano?,Mc IG
-0.35275286837964737,-0.6216765403222001,-0.5300199051994073,848,1,"Akhiyaan Gulaab (From ""Teri Baaton Mein Aisa Uljha Jiya"")",Mitraz
-0.3312718838756062,-0.37961242134208983,-0.33582873023823173,849,0,Arjan Vailly,Manan Bhardwaj
-0.028392906882425444,4.154578569779516,4.503656160668388,847,1,Demons,Imagine Dragons
1.7139075807220967,0.19590398858989475,0.43045066679945787,845,1,Supalonely,BENEE
-0.26681671019689107,-0.24196116287490352,-0.4974593145329421,846,1,Lean On,Major Lazer
-0.4473499538185222,-0.5743455927972116,0.4639350722466361,856,1,Spin Bout U,Drake
-0.15748727367947765,-0.701465921749088,-0.5478826962409364,855,1,From The Start,Laufey
2.7777160175545195,-0.14863508332915548,-0.4808502175349184,850,0,ZOOM,Jessi
0.13810755080640522,2.3334622783891588,-0.26328953237783326,851,1,Can't Feel My Face,The Weeknd
-0.3453909767434962,-0.24626100171036652,-0.017954688944756495,852,0,Qué Onda Perdida,Grupo Firme
-0.08359223408087682,3.00901108268288,5.696096707366314,853,1,Sexy And I Know It,LMFAO
0.5046187552018448,0.60165441868291,-1.5344241755554249,854,1,WHATS POPPIN,Jack Harlow
-0.16859872367077944,-0.6622466703893498,-0.21106709100075682,857,1,POR EL CONTRARIO,Becky G
-0.3722773618253541,-0.45644697297584125,0.023447996646740122,859,0,Danza Kuduro - Cover,DJ MIX NON-STOP CHANNEL
-0.019951503797033202,-0.3745568607280493,0.027279656456209497,860,1,Rara Vez,Taiu
0.8051270900615538,2.0849048506126975,-1.0885330843910848,858,0,That That (prod. & feat. SUGA of BTS),PSY
-0.3524484150473814,-0.5748719210672513,-0.4423850278746661,861,0,Espresso,Sabrina Carpenter
-0.6094363598944433,0.02793050124195927,3.065259774881996,862,1,Who’s Afraid of Little Old Me?,Taylor Swift
-0.36508875345874625,-0.007884460992051475,1.0636501357268784,865,1,THE LONELIEST,Måneskin
-0.4256322130141867,-0.9782951692676312,-1.1060089794257204,864,1,Yeah Glo!,GloRilla
-0.07425161569588654,2.6635596359809615,0.9060980835299904,863,0,Nunca Es Suficiente,Los Ángeles Azules
-0.3575735290550663,-0.5442630658860541,-0.3219829013296007,868,0,MANIKIN (feat. Wifisfuneral),XXXTENTACION
3.9221654140758924,0.5156990880297498,-0.8686876122753018,867,0,Copines,Aya Nakamura
-0.40097225318256274,-0.7037772615727532,-0.45196317254731405,866,1,Thank God,Kane Brown
-0.25185898957729463,-0.5618901620729556,0.06115422245795685,869,1,TQM,Fuerza Regida
1.7688108010264256,1.2502860987554443,-0.5814763555781488,870,0,Lily,Alan Walker
-0.40430921636131373,0.05884753377762458,3.141433774586664,873,1,Massive,Drake
-0.2549843025470855,1.6109362640791827,1.6401696896361169,872,1,a lot,21 Savage
-0.09474276171793733,1.667178827270425,1.223222644277528,871,1,Adicto (with Anuel AA & Ozuna),Tainy
-0.4181069570345262,-0.7233122833377041,0.08927895920129811,875,0,Tek Başıma,Semicenk
-0.3722773618253541,-0.45644697297584125,0.023447996646740122,874,0,BAND4BAND,Central Cee
0.44348840411773216,3.940363284452127,-0.726980408412259,876,1,Look What You Made Me Do,Taylor Swift
-0.43022116543676747,-0.6902435830831618,-0.12312677868547757,877,0,WOKE UP,XG
-0.40557736228179764,-0.6586079491060934,0.0717093961841418,878,0,Toki,Casper Magico
-0.002059552051864056,1.8305970625096666,-0.4110196817776876,881,1,Young Dumb & Broke,Khalid
-0.42107572431145657,-0.745075220724032,0.09377560089094358,880,0,El Beneficio De La Duda,Grupo Firme
-0.3831494590157522,-0.5095695457443972,0.038536539730995883,882,0,ALV,Arcángel
-0.3885268922806175,-0.26511249286914546,0.0615923169706005,879,1,In A Minute,Lil Baby
-0.20686566418955737,0.19983142617389613,-0.26933478233118413,884,1,Save Your Tears (with Ariana Grande) (Remix),The Weeknd
-0.23280926763110388,-0.8560384597617212,-0.27424215677107483,883,0,No Se Vale,Camilo
0.035252091297190306,2.0725410925730885,2.7473566509726357,885,1,Jerusalema (feat. Nomcebo Zikode),Master KG
-0.41382835142558494,-0.30061059608829793,-0.017353230927343435,888,1,DENTRO DA HILUX,Luan Pereira
-0.3400813280152619,0.4240111737004343,-0.16590239133873017,887,0,Funk do Patinho,Bento e Totó
-0.475317242335817,-0.4022401216130453,0.014366469730376967,886,0,El Amor De Mi Vida,Los Ángeles Azules
0.250550708158386,0.057173206197491014,-0.9034758347195384,889,1,Blueberry Faygo,Lil Mosey
4.099274739683712,-1.9500461257067423,-1.731743875696402,891,0,Jiggle Jiggle,Duke & Jones
-0.12692836332544133,-0.4465121519987409,-0.7080930554962659,890,0,En la Intimidad,Big One
-0.26875042134132526,1.4163235765943487,5.8603623171196295,892,1,Counting Stars,OneRepublic
-0.2208381784148444,0.3269045369963856,1.020524024013891,893,1,Essence (feat. Tems),Wizkid
1.8909483210171845,-0.6250667429348137,-1.1538611559643908,895,1,Get Into It (Yuh),Doja Cat
1.042958954596329,-0.07347970016706781,0.01105466541244282,894,1,RAVE,Dxrk ダーク
-0.05842331159905451,2.7300796541231778,0.29701958288466906,896,0,No Me Conoce,Jhay Cortez
-0.4258260548836815,-0.7163146446864821,0.20330222897846065,900,1,offline,Young Miko
-0.4871310754092272,-0.550094028826925,0.6538384445664802,898,0,TOPIA TWINS,Travis Scott
-0.40592166476311076,-0.3203984041587834,-0.004835886675542198,899,0,Janze,Xamdam Sobirov
0.7711554387367239,2.02873302049687,-0.7708772768370573,897,0,"O Saki Saki (From ""Batla House"")",Neha Kakkar
0.09468145633955716,0.7890051877993068,0.0071300113704490424,901,1,Always Remember Us This Way,Lady Gaga
-0.2980678981712457,-0.0504359653570498,-0.9020946734164526,903,1,Monotonía,Shakira
-0.10264499732497381,-0.8067202482286469,0.061565786218579555,902,0,Aku Sayang Tapi Kau Tak Paham,DJ Boneng
-0.5017030138976803,-0.443827600711069,0.43960338104788227,906,0,Thought You Should Know,Morgan Wallen
-0.1815407392639841,-0.27082751930638493,0.015039349191729418,904,1,CAIRO,KAROL G
0.22971752844682813,-0.6547555814571451,-0.40688307930420325,905,1,Cupido,TINI
-0.3617038078489373,-0.3802201437252801,0.0074993860229896495,909,0,Raja Ji Ke Dilwa,Pawan Singh
-0.42196300235185424,-0.8889849969035685,-0.9533210211981944,907,1,Out thë way,Yeat
-0.4396711086768004,-0.5231089534218272,0.7437604872505811,910,0,Winning Speech,Karan Aujla
-0.4483556986465128,-0.9768519016267483,-0.7644017155201737,911,1,Home,Good Neighbours
-0.255754184799899,0.40246524880109175,-0.07484838595272604,908,1,Sobrio,Maluma
-0.5371362638824417,-0.23555264354271543,1.3323495023282108,913,0,"Am I Dreaming (Metro Boomin & A$AP Rocky, Roisee)",Metro Boomin
-0.06369942132334856,1.0421175477672397,-0.14282326345860702,916,1,Praise The Lord (Da Shine) (feat. Skepta),A$AP Rocky
2.5024393535351446,-0.9779638392078875,-0.7556966949523493,915,0,Se Acabó la Cuarentena,Jowell & Randy
-0.29878976861675344,-0.2990385516833766,-0.4297921073995966,912,1,Look Back At It,A Boogie Wit da Hoodie
-0.1809129603889961,-0.9026242518503329,-0.7174634536509521,918,1,End of Beginning,Djo
-0.47583705650631214,-0.6845149313630038,-0.1915669229143439,917,1,K-POP,Travis Scott
-0.4140878866351253,-1.0457439685524612,-1.2995481640801245,919,1,favorite,Isabel LaRosa
-0.19004250621512425,-0.21567784085170957,-0.4509132667241755,914,1,You & Me,JENNIE
0.5147497355280641,1.524137651488719,-0.4885808644258708,922,1,Tattoo,Rauw Alejandro
2.45321385259991,6.6425808302392975,-1.5004839436666033,921,1,Waka Waka (This Time for Africa) [The Official 2010 FIFA World Cup (TM) Song] (feat. Freshlyground),Shakira
-0.41879244499906654,-0.7286965606345768,0.09033587034430984,920,1,LA RANGER (feat. Myke Towers),The Academy: Segunda Misión
0.22363822994572027,2.444851009768855,-0.49052123490561184,923,1,no tears left to cry,Ariana Grande
0.0026920691049057963,-0.8219769021525514,0.0701258719960948,924,0,I Fck Up,Prince Ayaya
2.3602191565867328,-1.3518870591135759,-1.8996110778411657,925,0,Upside Down,JVKE
-0.38349600607715145,-0.38944556447688045,0.28700284105480756,927,0,Crawling,Linkin Park
-0.309374261113012,-0.17113582029851107,-0.044207122573042004,926,1,Nosso Quadro,AgroPlay
-0.42154930433355675,-0.7476657411403148,0.09444719376347928,929,1,APAGA EL CEL,FloyyMenor
1.4649455336568395,1.1612971562466123,-0.4763590382494044,930,0,Genda Phool (feat. Payal Dev),Badshah
-0.3681147499462172,-0.37132107293958544,-0.9852921270334917,928,1,Pure Cocaine,Lil Baby
-0.37564785730342726,-0.4363172728711159,0.10262961533113266,933,0,Espresso,Sabrina Carpenter
-0.48572263384078673,-0.546271275089924,0.5368502822711073,932,0,Pretty Little Poison,Warren Zeiders
-0.29916109638032584,-0.0912329800870394,1.7246610571983494,931,0,Corazón Roto - Remix,Brray
0.5610526046459939,2.6072466853780907,-0.11676012608358184,935,1,Summer,Calvin Harris
-0.05671624853513422,1.8796154253412332,1.100905872787148,934,1,Murder On My Mind,YNW Melly
0.7520656279283683,2.103366388473304,-0.4309348525721375,937,1,You Are The Reason,Calum Scott
0.5728652291085334,1.6334778099175375,0.9873633604855955,938,1,Bad Liar,Imagine Dragons
-0.46432816941166755,-0.9966888426685644,-1.1270622504844974,936,1,Wild Ones (feat. Jelly Roll),Jessie Murph
1.3558157673190283,0.08457574672935168,-0.8196494399931856,939,1,ROXANNE,Arizona Zervas
-0.37059994115754696,-0.5381586667326119,-0.9223342521452174,941,0,Softly,Karan Aujla
-0.0940341098771068,0.13337062555800713,-0.28742544555911714,940,1,Tacones Rojos,Sebastian Yatra
-0.39860617044353835,-0.8766440598769398,-0.4375854820965754,942,0,Ride the Vibe,NEXZ
-0.3869561332142229,-0.35745562015539656,1.2833679798955286,945,1,family ties,Baby Keem
-0.42152281487266485,-0.7470236670072089,0.09438383381175554,943,0,Perdonarte ¿Para Qué?,Los Ángeles Azules
-0.02430716324410026,1.6028145890731789,-0.37056068619796106,944,1,Whatever It Takes,Imagine Dragons
1.538296309687128,0.5261470633162899,-0.8404397349246598,946,0,POP!,NAYEON
-0.31553946364668,0.8381567035864349,1.6613257054463526,948,0,Into the Unknown,ALPHA 9
-0.05706595347934496,-0.8759801389904761,-0.81309681697614,947,0,Lonely At The Top,Asake
-0.15613777577612228,-1.0748922658306226,-1.6213138423458222,949,0,ecstacy (slowed),SUICIDAL-IDOL
-0.15477736370061262,2.0903997045191707,0.3685127294576206,952,1,Si Se Da,Myke Towers
-0.11588489111777743,0.6131180433007128,0.10829947760668929,950,1,Holy (feat. Chance The Rapper),Justin Bieber
0.057645353434119015,1.0818706070938193,1.8701281617738563,955,1,No Role Modelz,J. Cole
0.20465394976173307,2.3129847313152014,-0.28870410001040214,954,1,Symphony (feat. Zara Larsson),Clean Bandit
0.004624185337763895,0.5945762640445343,-0.5794798656816443,951,1,Rain On Me (with Ariana Grande),Lady Gaga
-0.40298707239197745,-0.8566710193884599,-0.33812794989096245,953,1,"Baddadan (feat. IRAH, Flowdan, Trigga & Takura)",Chase & Status
-0.45736228526309725,-0.7274522116543278,-0.4778252194133357,958,1,10:35,Tiësto
-0.406906074617665,-0.3400443293293359,-0.10132341677204076,963,1,One Right Now (with The Weeknd),Post Malone
3.4812799163480466,5.28457872444763,0.7447974797737857,964,1,A Thousand Years,Christina Perri
0.1244456015497342,2.3605941095296914,0.7604348261151823,957,1,Secreto,Anuel AA
-0.011726921732161296,2.9873486413796626,3.161983504790165,959,0,Toda Remix - Remix,Alex Rose
0.21098634790242068,-0.6612819180527498,-0.5066182883689883,956,1,I Hate U,SZA
-0.4918281580094814,-0.4383474565645843,0.8032118784870727,962,1,Better Now,Post Malone
0.29520624257012423,3.0374879705995386,-0.8858759543089132,960,1,Call Me Maybe,Carly Rae Jepsen
-0.44298213245959744,-0.22552798837583557,-0.022370268421788665,965,0,Pobre Corazón - En Vivo,Ke Personajes
-0.006316969332186588,0.8356682992027809,1.842390339777192,966,1,Piece Of Your Heart,MEDUZA
-0.29631261260337693,-0.0858774474092334,-0.2475205541101862,961,0,"Tere Vaaste (From ""Zara Hatke Zara Bachke"")",Varun Jain
-0.025741229848956125,-0.6057078468654911,0.060346662487970944,967,0,Mi Kryptonita,Doble ONE Flow Letal
0.6403453219908003,0.5704017671788196,-0.13324809269890664,968,1,Ram Pam Pam,NATTI NATASHA
-0.3225055086569521,-0.19780201966077637,-0.046428241600527824,970,0,"Milo J: Bzrp Music Sessions, Vol. 57",Bizarrap
-0.48720871384883707,-0.0997225885481435,1.0677120014972759,972,0,Stuck In The Middle,BABYMONSTER
-0.021323811756138605,-0.33974972471383447,-0.08608135471374354,973,0,No Se Va,Grupo Frontera
4.060631715290937,-1.4203957421847473,-0.8150954948195592,969,0,Aesthetic,Xilo
-0.29086240528744856,-0.5505307510787683,0.36700024251471813,971,1,get him back!,Olivia Rodrigo
-0.42029017745819597,-0.9662836506851034,-1.1463403131007734,978,0,LA PEOPLE II,Peso Pluma
-0.4048566599110212,-0.26187276145313615,0.7888196088641816,974,0,"Valerie - Live At BBC Radio 1 Live Lounge, London / 2007",Amy Winehouse
-0.572981463062418,-0.19692067589761217,2.1729455535088276,975,1,The Tortured Poets Department,Taylor Swift
-0.42669417010582333,-0.7747878169332041,-0.9585453878259301,976,1,Your Love (9PM),ATB
0.6122326758492551,-0.7351663442609729,0.0020052829512719906,977,0,One Side,Iyanya
-0.4350858752616844,-1.0942017997994058,-1.205828503687914,979,0,HEAT STICK,Shoreline Mafia
1.455002352473188,2.6306115418164313,0.36909561768349647,980,1,Photograph,Ed Sheeran
-0.47380141468163944,-0.45897931550221444,1.2750740926639035,981,0,Virginia Beach,Drake
-0.4558519315076565,-0.9255994715439245,-1.0357784835894255,982,0,Great Gatsby,Rod Wave
3.30210263965074,1.0213276353722993,-0.267796240110292,983,1,"1, 2, 3 (feat. Jason Derulo & De La Ghetto)",Sofía Reyes
-0.4264075708956516,-0.4538165713719935,0.021505675184792752,984,0,Ateşe Düştüm,Mert Demir
-0.1294149441248052,-0.6234101678623496,-0.39109974136612763,986,1,Until I Found You (with Em Beihold) - Em Beihold Version,Stephen Sanchez
-0.38982273578631127,-0.5822917293157407,-0.030006097219811276,985,1,Wants and Needs (feat. Lil Baby),Drake
1.0071752711241146,-0.705237143627334,0.14422759973518307,987,0,Jiwa Yang Bersedih,Ghea Indrawari
-0.46182670946667037,-0.5246986678439469,0.29846997437093165,988,1,Coco Chanel,Eladio Carrion
-0.3722773618253541,-0.45644697297584125,0.023447996646740122,989,0,Calm Down Baby,DJ Laxman
1.007497463635396,0.22443702550887315,-0.8258908762033117,991,1,At My Worst,Pink Sweat$
-0.47969622594674444,-0.4412615786806785,0.15435518429799888,990,1,TOO MUCH,The Kid LAROI
1.4739142671166352,-0.3073706945735704,-1.0119162988341055,993,0,Go Down Deh (feat. Shaggy and Sean Paul),Spice
-0.3722773618253541,-0.45644697297584125,0.023447996646740122,1103,0,Cake By The Ocean - Cover,MUSIC LAB JPN
-0.39966883626109206,-0.9318805273885926,-0.5192472571174327,992,1,Miles On It,Marshmello
-0.42210337024281136,-0.45104960133711147,0.023289946835811797,994,0,El Caballito,FARIANA
-0.45459516258069693,-0.6434519029967987,0.6947862612057436,995,0,PICK UP THE PHONE (feat. Nate Dogg),PAWSA
-0.26045921139032113,-0.32198205686715703,0.2780305000974714,996,1,Tomorrow 2 (with Cardi B),GloRilla
0.15532084328927787,2.4540848279749343,-0.8607949919898576,997,1,Se Preparó,Ozuna
0.22219208704857113,3.6988601397785548,-0.07657804730533903,998,1,Lost on You,LP
-0.15192635346718203,-0.23255177181559342,-0.7154616612997938,999,1,Leão,Marília Mendonça
-0.3571220965485469,-0.15516372305256523,0.3410637984665731,1005,0,"What Jhumka ? (From ""Rocky Aur Rani Kii Prem Kahaani"")",Pritam
-0.33289414070733114,0.09070394548488057,-0.5994935992885948,1001,1,Lean Wit Me,Juice WRLD
-0.4661124768769443,-0.9675004885782157,-1.1046927834660025,1002,1,HOTEL LOBBY (Unc & Phew),Quavo
-0.38345518433424663,-0.7711890346827307,-0.4401985865205749,1006,0,"Choli Ke Peeche (From ""Crew"")",Diljit Dosanjh
-0.4186692400754164,-0.026400055954430682,-0.07073777287506468,1004,0,April Rain in August Weather,Baba Blakes
-0.2979873080957775,0.055296811042417134,-0.0873710886107522,1000,0,LEATHER,MAKAELA
0.141535504917249,0.9516144832640027,-2.2311867913807313,1003,1,Panini,Lil Nas X
-0.47422321683088153,-0.5670369286577721,0.2645964345871087,1007,1,She Had Me At Heads Carolina,Cole Swindell
-0.545844917577725,-0.3691794575631375,1.5210171681620444,1008,0,"So Long, London",Taylor Swift
-0.3547986974320642,-0.5608352668504274,-0.3871708420686724,1009,0,good 4 u,Olivia Rodrigo
-0.22587485687702638,-0.7183289787883197,-0.18211491600359087,1012,1,bad idea right?,Olivia Rodrigo
0.44413632248503165,0.7280708299575185,-0.47616873109073643,1016,1,"Ay, DiOs Mío!",KAROL G
0.7837023700313355,-0.14001781653016582,-0.49472927569404196,1015,1,happier,Olivia Rodrigo
1.9759134714720652,1.0534169826073347,-1.1367680908013744,1010,1,Lalala,Y2K
-0.5113913540130731,-0.57575386678926,0.30682203162592403,1011,1,ONE MORE TIME,blink-182
1.6393434089878258,-0.6416722603114914,0.6109504507572122,1014,0,可愛くてごめん,HoneyWorks
3.559223543598365,-0.9998940697896713,0.3923398886499408,1013,0,Tubarão Te Amo,Dj LK da Escócia
0.9260917240964136,-0.8945889988910031,0.018877520359448143,1017,0,Chichiquetere,HCTM
-0.4960006522341598,-0.7425262165598432,0.21493716061598764,1019,1,After Hours,Kehlani
63.37092429119829,-11.36712218478032,5.335873845341255,1018,0,Monkeys Spinning Monkeys,Kevin MacLeod
-0.4358443487448925,-0.7043601979635337,0.35211188595371284,1022,1,II MOST WANTED,Beyoncé
0.7314124062685564,1.7935300621357604,-0.14022536228955496,1024,1,One Kiss (with Dua Lipa),Calvin Harris
-0.43970063585981867,-1.1406707271811454,-1.6089089455778736,1020,1,Mmhmm,BigXthaPlug
-0.17190793630260637,0.6207028187789432,-1.100995515195362,1021,1,BOP,DaBaby
-0.3777085182798306,-0.273173288275837,0.4603385092585781,1023,0,Husn,Anuv Jain
0.11697952216081535,2.6906919848475104,0.39524736615582495,1031,1,Titanium (feat. Sia),Sia
0.08588207884411332,0.6809365344248874,-0.28934537365756624,1027,0,Kahani Suno 2.0,Kaifi Khalil
-0.2470557831716473,-0.4221442990817814,0.18450972805114438,1025,1,No_se_ve.mp3,Emilia
1.7476122186392273,0.2733625885611118,-0.32656079306648234,1029,1,Arcade,Duncan Laurence
-0.4149201562069411,-0.7124644934311525,0.08510130519782245,1032,0,Ya Te Olvide,Natanael Cano
0.3953701494691735,2.4951455277623125,-0.30981246976179894,1026,1,How Deep Is Your Love,Calvin Harris
-0.24242529388937195,0.4113496724346028,-0.33138111100048484,1028,1,BUTTERFLY EFFECT,Travis Scott
0.0027438676461199784,0.9885529011993512,-0.07978389283981019,1034,1,Let You Down,NF
-0.3722773618253541,-0.45644697297584125,0.023447996646740122,1033,0,FE!N (feat. Playboi Carti),Travis Scott
-0.43310638386607325,-0.9991944051317987,-0.9566847459031599,1035,1,Bad Memories,MEDUZA
0.47937643398464996,1.0494024039144436,-0.9363772746852889,1036,1,Yo Perreo Sola,Bad Bunny
-0.3115894222458998,-0.5984971567772414,-0.9977740711253621,1038,0,ETA,NewJeans
1.2744693118123565,0.1189570720599439,-0.061497078730011596,1037,1,Jordan,Ryan Castro
0.11843874637387226,0.09383256832405922,-0.24329218092178703,1039,1,Take You Dancing,Jason Derulo
-0.5299812987750359,-0.4364458545516239,0.7409550467385109,1043,1,BUBALU,Feid
-0.2893345687823789,-0.23360110430305753,-0.04006635573047892,1042,1,Be Alright,Dean Lewis
2.390470574534206,0.7702003604548883,-0.4047268672248047,1041,0,Jalebi Baby,Tesher
0.05805594232267321,-0.8471257770494439,-0.1625876365487948,1040,0,Endless Summer,Alan Walker
-0.3250882183770331,-0.7421503731928843,-0.9480660001495992,1047,1,Belly Dancer,Imanbek
-0.45448593646410634,-0.6899246165290986,0.3396260368467983,1046,1,Who Told You (feat. Drake),J Hus
0.39820294723559624,-0.039271344894070276,0.2494890589340906,1045,0,NIGHT DANCER,imase
-0.40292160881043426,-0.6222870941410101,0.06681250793241689,1048,1,Yoksun,Ebru Yaşar
-0.41381104293831017,-0.2916439845486142,-0.04932727418379216,1044,1,DON'T YOU WORRY,Black Eyed Peas
-0.017116071925465347,1.7720892555898085,-0.49503981234082217,1057,0,"Rowdy Baby (From ""Maari 2"")",Dhanush
0.5402387816610349,0.18680383001898823,-0.37725585993991845,1054,1,MIDDLE OF THE NIGHT,Elley Duhé
-0.3899465646567569,-0.35092072130170127,0.4385430739595693,1055,0,Pickup Man (feat. Post Malone),HARDY
-0.42529947565755866,0.600010553227968,1.5411445587953507,1052,1,Volando (Remix),Mora
-0.4798456786232872,-0.3596513304855482,0.8581201938164681,1056,1,Moth To A Flame (with The Weeknd),Swedish House Mafia
-0.47797833420065455,-0.8134556566517943,-0.1233509358889163,1050,0,WORTH IT (feat. Don Toliver),Offset
-0.35162821211949935,-0.7293685977985317,0.3006334302441566,1053,1,Can’t Catch Me Now - from The Hunger Games: The Ballad of Songbirds & Snakes,Olivia Rodrigo
-0.43285337390153944,-0.29108296376992143,-0.066957286221603,1051,1,Solteiro Forçado - Ao Vivo,Ana Castela
-0.38560320325551756,-0.7155566506652834,-0.30226794125734013,1049,0,"Naina (From ""Crew"")",Diljit Dosanjh
-0.21333472627629146,0.500072924726839,-0.20647010364231422,1059,0,Bel Bont El3areedh,Hussain Aljassmi
-0.3707492053046068,0.47718678671393183,0.9677466829403196,1058,0,"Naa Ready (From ""Leo"")",Anirudh Ravichander
-0.05529184758030836,2.2214649868484218,-0.04275682052184629,1061,1,Déjala Que Vuelva (feat. Manuel Turizo),Piso 21
-0.44987353924868095,-0.7635212924808502,-0.3912800172332881,1060,0,Feel the POP,ZEROBASEONE
-0.03569820804781298,4.307499296777893,3.0934954704136777,1063,1,Diamonds,Rihanna
1.1786715100116332,-0.8798314596112026,-0.7072128360949947,1064,1,Fuera del mercado,Danny Ocean
-0.3013090711497782,0.05244877754191128,-0.08345539327086866,1062,0,Poor People We,Harp and a monkey
-0.47484382177625184,-0.6055200405500425,0.061193517367479605,1068,1,El Cielo,Sky Rompiendo
-0.0818638034406177,-0.6687365453713557,0.058546767968725606,1070,0,ALL MY FELLAS,Frizk
-0.4207836029204321,-0.7340452750997126,0.09287197982590174,1069,0,Bebefinn Song,Pinkfong
-0.5081846571809866,0.10444170690076851,2.22462082594049,1066,0,BITTERSUITE,Billie Eilish
0.4936666789957294,-0.6199193047667451,-0.34808328036089947,1067,0,Me Fui de Vacaciones,Bad Bunny
-0.1691832812582969,0.23304763047479318,-0.14844578890761073,1065,1,Talk (feat. Disclosure),Khalid
-0.37005721612875725,-0.7797823410163863,-0.6177570000813842,1071,1,Rompe La Dompe,Peso Pluma
0.7155900810174952,-1.0091768713268667,-1.6129471711438927,1074,0,greedy sped up,Tate McRae
0.32204073126484384,0.48553879117002696,0.5905198072215032,1072,1,Reloj,Rauw Alejandro
-0.4014154964187193,-0.6229490317655123,0.06513844234891833,1073,0,สวยขยี้ใจ,บุ๊ค ศุภกาญจน์
-0.36559413009613534,0.22703898601629846,0.5355973887911176,1075,0,You're Mines Still (feat. Drake),Yung Bleu
-0.4246218627047065,-0.7642484864671831,0.09879280532956877,1076,1,BADGYAL,SAIKO
-0.5332470801292795,-0.7646244288988118,0.09804950676230283,1079,0,Sorry 4 The Wait,Lil Wayne
-0.37568088042197606,-0.6120954069666724,0.07094320912999948,1078,1,DILUVIO,Rauw Alejandro
0.08634337837291237,0.5570656377347901,0.4796984834198806,1080,1,ZEZE (feat. Travis Scott & Offset),Kodak Black
-0.24083296397961387,1.0658111151385798,1.28616754233852,1084,0,"Kesariya (From ""Brahmastra"")",Pritam
-0.3970791138964833,-0.868563232751951,-0.4280793968229565,1083,1,The Craving (single version),Twenty One Pilots
0.29001935998091727,3.8348951020741815,-0.9504525493492948,1082,0,Bartolito,El Reino Infantil
0.4696399612864608,-1.1791307306085845,-2.1069331429690825,1077,0,Peaches,Jack Black
0.6703692510653058,6.024097531367267,-1.4954714712046655,1081,0,Counting stars,OneRepublic
-0.4049697121297285,-0.111708444620748,0.47779026763416244,1085,1,Take My Breath - Single Version,The Weeknd
-0.4256320588990813,-0.6764218710605735,0.20705307514951027,1090,1,Lavender Haze,Taylor Swift
-0.20052381107448636,-0.847777860720133,-1.0157197779354548,1089,1,KU LO SA - A COLORS SHOW,Oxlade
-0.1277718281058321,-0.4889641489435096,0.042566739863082396,1087,0,Toca o Trompete,Felipe Amorim
-0.40474480060649826,-0.6713477922395161,-0.2916590518722159,1091,1,Nobody Gets Me,SZA
-0.3745580148088725,-0.4777438435495242,0.02713991791555902,1086,1,Sleep Well,CG5
0.8957397502968879,-0.577527880633652,-0.005259716409926532,1092,0,Hei Apa Apa / Tik Tak Tik Tik,Donny Fernanda
-0.4001953490186392,-0.37108781030092775,-0.0733190006574903,1088,1,Glock In My Lap,21 Savage
-0.3762548777318171,-1.0932875461388671,-1.1103270133972947,1095,0,overseas,Ken Carson
-0.2811456691376511,-0.4537760984150111,0.03129110668586532,1094,1,CORAZÓN VACÍO,Maria Becerra
-0.2942891582631308,-0.7333327601807803,-0.9549132373808087,1096,1,PUNTO G,Quevedo
0.929456601091817,1.2692119558775834,-0.4962180035764486,1093,0,"Muqabla (From ""Street Dancer 3D"")",Yash Narvekar
0.08910115454004709,-0.2720937365756875,-0.25239115933029915,1098,1,Ditto,NewJeans
-0.37122869763478616,-0.4563778310105677,0.022254891916670124,1099,0,"Katchi Sera - From ""Think Indie""",Sai Abhyankkar
-0.3722773618253541,-0.45644697297584125,0.023447996646740122,1097,0,Danza Kuduro - Cover,MUSIC LAB JPN
-0.42710222581680907,-0.7447928527868908,0.16565669928734886,1101,0,Bubble Gum,NewJeans
-0.47550759866919245,-0.4475475089442507,0.026895421018756513,1102,0,Abejita Chiquitita,El Payaso Plim Plim
-0.40221029679220277,0.4860277079000215,1.4833534578737777,1100,0,Love wins all,IU
-0.46760926141866593,-0.6082534119259035,0.05867027607482962,1103,1,PRINCESITA DE ...,Jere Klein
-0.30687520135101604,0.1416721337531146,0.12249621657671679,1104,1,Lo Siento BB:/ (with Bad Bunny & Julieta Venegas),Tainy
-0.5038228280032062,-0.48527760471840853,0.6210994872173426,1105,1,BABY HELLO,Rauw Alejandro
-0.4067325679797509,-1.1189844084790679,-1.5632699553624003,1106,1,ONE CALL,Rich Amiri
-0.4309990254877392,-0.21486032212245906,1.1942322139698576,1111,0,Pehle Bhi Main,Vishal Mishra
-0.3722773618253541,-0.45644697297584125,0.023447996646740122,1156,0,Kill Bill,pasa michaelson
0.3948829677973381,0.2987832107436634,0.059898899583333116,1107,1,2/Catorce,Rauw Alejandro
0.38201849455977327,3.330986630387966,-0.4884313179154254,1110,1,Ride,Twenty One Pilots
1.149824466268296,4.420739259213392,0.1343003135479538,1108,0,Dusk Till Dawn (feat. Sia),ZAYN
-0.3689916711803903,-0.7843480084038641,-0.8286735245499625,1109,1,Rush,Troye Sivan
-0.18644375174175315,0.4323964135450135,-0.25966996450285507,1115,1,Physical,Dua Lipa
0.6110865276580971,0.7469634083704735,0.6289185961920959,1113,1,Pumped Up Kicks,Foster The People
-0.3617245888848548,-0.7403197799708174,-1.1719557121794626,1112,1,Yes Indeed,Lil Baby
-0.4805356514632342,-0.36404443980403184,0.9886292718713139,1114,0,Open Arms (feat. Travis Scott),SZA
1.0695325455352414,-0.9351962951697521,-1.221614355779147,1117,1,edamame (feat. Rich Brian),bbno$
0.6058639774228721,2.2895799781729527,-0.6356456215427206,1116,1,Turn Down for What,DJ Snake
-0.4191359445741285,-0.49509973792228673,0.5420336816666439,1120,1,Calling (feat. A Boogie wit da Hoodie) [Spider-Man: Across the Spider-Verse],Metro Boomin
-0.4116509151127924,-0.1189904598767945,-0.05111257659108546,1121,1,Smokin Out The Window,Bruno Mars
-0.41059481999643166,-0.6865302532364628,0.07884946624953003,1118,0,Goin' Off,Karan Aujla
-0.4553856715637812,-0.627210290288208,0.7360713800189419,1119,1,Close To You,Gracie Abrams
-0.3542018622966161,-0.3279972834062287,-0.0037196578014602934,1124,0,Pagli Dekhave Agarbatti,Neelkamal Singh
-0.47598401086681996,-0.9321568963264274,-0.7436132846801449,1122,0,From The D To The A (feat. Lil Yachty),Tee Grizzley
0.0033168904747185642,2.095726095184652,-0.3768673481012915,1126,0,Me Rehúso,Danny Ocean
-0.30487668147510055,-0.5707339487771934,-0.7152589148109435,1129,1,Nonsense,Sabrina Carpenter
-0.4705100061474645,-0.3095373333081245,0.7972206134341328,1127,1,Run It Up (feat. Offset & Moneybagg Yo),Lil Tjay
0.010453084878140695,1.3512900372693621,-0.21506456839105173,1123,1,Lose You To Love Me,Selena Gomez
-0.2204937665650999,-0.05348309269502061,-0.2682738252608797,1125,0,Worth It,YK Osiris
-0.4018511539989074,-0.8579755538590237,-0.7319828118932618,1128,0,Fight The Feeling,Rod Wave
0.8707970426160896,7.333807543094138,-1.7907713233435454,1134,0,Axel F,Crazy Frog
-0.18232453869645354,0.8666821693638282,0.6934438942362883,1131,1,Robbery,Juice WRLD
-0.0018536484962911428,-0.834317412619643,0.13366814936855886,1132,1,Bebe Dame,Fuerza Regida
0.6200129840946866,-0.8550708258895071,-0.5359241893186305,1133,1,Green Green Grass,George Ezra
-0.258657428699441,0.19107677325477881,-0.13902825827755666,1135,0,Zihaal e Miskin,Javed-Mohsin
0.6719507396224222,0.09771238335481772,1.3856728857506861,1130,1,Fiel,Los Legendarios
-0.2020123884423941,-0.5843090813399692,-0.47921241220718813,1139,1,Neverita,Bad Bunny
3.3868548432244037,-0.6640147450245146,-0.3640859639267953,1136,0,2002 - Remix,Shaun Reynolds
-0.2663773571987268,0.21997062750570948,-0.13177050313302718,1137,0,No Se Va,Grupo Frontera
5.908203998409129,0.07368050619189931,1.1346018875707964,1138,1,Infinity,Jaymes Young
-0.2056997887932727,-0.5221121049275863,0.4675605517660224,1142,1,Popular (with Playboi Carti & Madonna) - Music from the HBO Original Series,The Weeknd
-0.5209726290928041,-0.6312979389631533,0.6152476105979994,1141,1,adore u,Fred again..
-0.26963266639734573,-0.771181340183759,-0.5368598826089036,1143,1,Numb Little Bug,Em Beihold
-0.4495970549060433,-0.9586519770662475,-0.7581835740466167,1140,1,Feel It - From The Original Series “Invincible”,d4vd
-0.005254359562738844,0.5366526303495666,-0.5061733576529631,1144,1,Loco Contigo (feat. J. Balvin & Tyga),DJ Snake
-0.3997426789875534,-0.46756373725824124,0.031488269922593154,1145,1,Faz um Vuk Vuk (Teto Espelhado),MC Kevin o Chris
1.122151597844578,0.2260193152109919,0.37347046935659745,1146,1,Suicidal,YNW Melly
2.31796938689899,-0.2553311986692156,-0.3303819063728889,1149,0,"Photo (From ""Luka Chuppi"")",Karan Sehmbi
-0.2731415369453715,-0.23663866476256393,-0.11357635131868819,1147,1,Sky,Playboi Carti
-0.3979821285680035,-0.7824615697464635,-0.25015999621341695,1148,1,Love On,Selena Gomez
-0.08521017748822467,1.5133948786129925,0.35712425005379395,1153,1,Payphone,Maroon 5
-0.40564598966528365,-0.8327293306140923,-0.26584291565516527,1150,1,Brickell,Feid
0.16917874294572788,1.0818526720308836,-0.32100920128096766,1152,1,I Like Me Better,Lauv
-0.4780149035283688,-1.0404771790470362,-1.0725782651504943,1154,1,RUNAWAY,OneRepublic
-0.418991170457788,-0.7314791840472701,0.09070565786751905,1151,1,Que Se Cuide,Luis R Conriquez
7.289785158615965,-1.7975499583215777,-1.020121095323378,1155,0,Astronaut In The Ocean,Masked Wolf
-0.5517463362732473,-0.6017501157670129,0.658423128532577,1159,1,On My Love,Zara Larsson
9.369135015567887,-2.207357158848569,0.8425663584525641,1156,0,She Share Story,Shayne Orok
1.58671286017166,-0.5104846099206363,-1.126759618777671,1158,1,Mujeriego,Ryan Castro
-0.15542957077059832,0.07311728262283353,0.8274798787248152,1160,1,Miss The Rage (feat. Playboi Carti),Trippie Redd
-0.3901041788055059,-0.7638389509983546,-0.3365908698063825,1157,1,TUTA GOLD,Mahmood
-0.42891948782295314,-0.7152448721232744,0.24585862472022424,1161,0,My Boy Only Breaks His Favorite Toys,Taylor Swift
-0.3099517166608866,-0.02989537649936708,-0.06937966161170436,1165,0,Dandini Dandini Dastana,Derya Yildirim
-0.5285947218560351,-0.6382618153364642,0.49597143428633267,1162,1,Florida!!! (feat. Florence + the Machine),Taylor Swift
-0.3978003057936191,-0.3556158851127968,-0.13632939422893903,1166,1,Legends,Juice WRLD
-0.09403227165956016,2.3859792965980064,1.530825674148137,1164,1,Black Beatles,Rae Sremmurd
-0.18910270259807202,1.0999311838163497,-0.5421792677950473,1163,0,King Size,Roddy Ricch
-0.3710375249495831,-0.4639052021745581,0.6130185527087084,1168,1,Girls Want Girls (with Lil Baby),Drake
-0.3636732543080002,-0.46088023171913023,0.030482906221518294,1171,1,Linger - SiriusXM Session,Royel Otis
0.4935094391881465,0.818865271007513,0.026541258772250786,1167,1,SLOW DANCING IN THE DARK,Joji
-0.5577676350786788,-0.19154525190451072,1.5299081977041125,1169,0,BIPOLAR,Peso Pluma
-0.48144754128905,-1.0293132261283326,-0.8728167278927261,1170,1,Addicted,Zerb
0.024994858819542717,-0.29255280887455604,0.7561014710390978,1176,1,Besos Moja2,Wisin & Yandel
-0.05695718880691468,0.7047832940625507,-0.12278092814537168,1173,1,Wake Up in the Sky,Gucci Mane
-0.3722773618253541,-0.45644697297584125,0.023447996646740122,1174,0,El Chico Del Apartamento 512 - Remasterizado 2024/30th Anniversary,Selena
-0.36034836067806825,-0.5276908649216809,-0.25679496059052903,1177,0,Papercut,Linkin Park
-0.3160627015758559,-0.2724342642329118,0.10624526835014844,1175,0,Chanel,Becky G
-0.03547913635327511,2.0562668351259057,0.08249778393183202,1172,1,Otro Trago,Sech
-0.28093689236451,0.08097426881893904,-0.38808160049913043,1180,1,Back In Blood (feat. Lil Durk),Pooh Shiesty
-0.14732257679972766,0.16522230047381653,-0.11690002696303545,1182,0,Jugaste y Sufrí,Eslabon Armado
-0.47561581851937096,-0.6910013530644119,0.0755932093365737,1181,1,Una Foto Remix (feat. Emilia),Mesita
-0.4820412032050995,-0.8435361650537601,-0.3026159907788371,1178,0,Religiously,Bailey Zimmerman
-0.31606755229315076,-0.6667449405970752,-0.27328336207683157,1179,0,What Happened To Virgil (feat. Gunna),Lil Durk
-0.25126553155988673,0.6531194636619923,2.0328834904137154,1186,1,Hello,Adele
-0.4926020857153024,-0.6666017581400845,0.07572589625783208,1187,0,HAY LUPITA,Lomiiel
0.49612507750300605,-0.5165317112810969,0.03216772737653175,1184,0,Gatita,Bellakath
-0.49645802318929744,-0.8187760189420847,-0.14887968144180744,1183,0,World on Fire,Nate Smith
-0.46911463171661577,-0.5212664528891375,0.7869741017902926,1185,0,Love You Anyway,Luke Combs
-0.5359744334556422,-0.4100490196114428,0.8242436846373252,1188,1,MOJABI GHOST,Tainy
-0.4057792549793094,-0.347164666094456,-0.02769205773908532,1194,1,N95,Kendrick Lamar
-0.4940510358597229,-0.6706635289335245,0.31014435905219306,1191,1,Niagara Falls (Foot or 2) [with Travis Scott & 21 Savage],Metro Boomin
-0.25501880347935973,0.25956142719651476,-0.14670877775865246,1192,0,Volvi,Didi Romero
-0.23754965678603954,0.3744142518658956,-0.17248319453579578,1190,0,You're Really Funny,Crocodyle
-0.3624008111352155,-0.5154329602750332,-0.20857761375719577,1193,0,Papercut,Linkin Park
0.11703711233293745,1.8319116530908752,1.3426360489533773,1195,1,Earned It (Fifty Shades Of Grey),The Weeknd
0.5740307112704346,2.5541663333046403,-2.444166036410664,1189,1,Gucci Gang,Lil Pump
1.1013865079443865,-0.6767284670822871,0.03313735281839504,1198,0,La Bebe,Yng Lvcas
-0.46311408307561414,-0.6355745827609319,-0.18635476012863406,1197,1,Jaded,Miley Cyrus
-0.15277792913182275,-0.43289563148086907,0.37851065902408065,1196,0,Bye,Peso Pluma
2.1185029019919215,-1.5906834983607334,-1.8727866600923542,1199,0,L$d,Luclover
0.13896314336284957,1.4518269584731314,-0.44227031364458946,1200,1,Wolves,Selena Gomez
1.138861943935067,1.515628590050077,0.19570816863089416,1201,1,Scars To Your Beautiful,Alessia Cara
-0.36167303142934454,-0.5933956093844516,-1.085748643765238,1203,1,FRI(END)S,V
-0.04579162721356351,0.3028573919848597,-0.010828294420046763,1204,0,Surface Pressure,Jessica Darrow
-0.4238923375848359,-0.7620733642603618,0.097852441581379,1202,1,Volver Al Futuro,Oscar Maydon
0.9898803453241987,-0.5889540496162073,0.8182297729805782,1208,1,Praise God,Kanye West
-0.3640192772875204,-0.9694961012619325,-1.0246418321969148,1205,0,Friesenjung,Ski Aggu
-0.2342405389264635,-0.654812027503038,-0.15264238800819768,1206,1,El Azul,Junior H
-0.2764628688174167,0.0352461603279219,-0.25805907278206186,1207,1,EARFQUAKE,"Tyler, The Creator"
-0.23243584594411784,0.31674628759483087,-0.15249786040484756,1210,1,Ya Supérame (En Vivo),Grupo Firme
-0.22355453765610492,-1.1084170489759106,-1.3960830435124096,1212,0,if u think i'm pretty,Artemas
-0.47529310185026247,-0.43941873102437284,0.022312089831036684,1211,0,Fin de Semana,Oscar Maydon
-0.35745236140752845,-0.5449867186614986,-0.32482944140854014,1209,0,Everybody (feat. Lil Uzi Vert),Nicki Minaj
-0.3722773618253541,-0.45644697297584125,0.023447996646740122,1215,0,Every Breath You Take,Bonnie Kimmel
0.6565017052577616,0.11891490582051795,-0.7074703700538121,1218,1,My Oh My (feat. DaBaby),Camila Cabello
-0.2793512317114487,-0.16136119911333963,0.7634615739854406,1217,1,Forever After All,Luke Combs
-0.43918496519881944,-0.7046113637426891,0.39057225157639236,1216,0,Fried (She a Vibe),Future
-0.20266556376565484,1.4329847229220583,-0.3912485801519697,1214,0,123 Song,D Billions
-0.3274176741458556,-0.24957862242428872,-0.18615230570578242,1213,1,Hello (feat. A Boogie Wit da Hoodie),Pop Smoke
-0.4695922785909987,-0.8636223519900049,-0.8688144115971896,1219,1,Numb,Marshmello
0.08499007097292956,-0.9156304219121857,-0.5748016990762955,1222,0,Ojapiano,KCee
-0.04834292312304102,-0.9502134223758513,-1.170898538433517,1220,1,Area Codes,Kaliii
-0.1861441964710454,0.008485889451391584,-0.073715927266759,1224,1,Medallo,Blessd
-0.23135433170100037,1.027393368462083,-0.3103133925672123,1221,0,Domingo Abacaxi Flamingo,Bolofofos
0.7078550763788953,0.3230130278049619,0.0030012298854423035,1223,1,Riptide,Vance Joy
-0.4130340748267191,-0.39540822578838714,0.015645065026310384,1230,0,Ch y la Pizza,Fuerza Regida
0.16617011759518588,-1.0124768116520926,-1.3911911509264154,1234,1,In Ha Mood,Ice Spice
-0.4202101108945105,-0.7403387986493871,0.09254798286027022,1225,1,POR QUÉ SERÁ,Grupo Frontera
-0.38714250244533854,-0.5177123665716507,0.4846537131206889,1232,1,ALL MINE,Brent Faiyaz
-0.4082507317108121,-0.3670959149279211,0.42463195126112624,1231,1,Let Me Know (I Wonder Why Freestyle),Juice WRLD
0.4347078884886758,1.3015530825512662,-0.26477460031705635,1226,1,The Night We Met,Lord Huron
-0.452608457098413,-0.30919631021137445,0.9290329087517416,1227,1,PLAYA DEL INGLÉS,Quevedo
-0.37399996404508923,0.16676284084156198,1.099461960929955,1233,0,BOO!SHUT,PIGGS
-0.42147377155148297,-0.7488854907025856,0.0944247995001556,1228,0,HOLA PERDIDA REMIX,Luck Ra
-0.4552368064331309,-0.8041965074742621,-0.41992329876464335,1229,0,Talk,Yeat
-0.5103642392701239,-0.25950705517524564,1.1603417497922475,1235,1,Now And Then,The Beatles
-0.3478972682855131,-0.24074525947741968,-0.015397931561507686,1236,0,Sign on the Door,Dora Lachaise
-0.4091793895657637,-0.9136129532760972,-0.37008307636819177,1240,1,For Life (feat. Zak Abel & Nile Rodgers),Kygo
-0.4135067037606414,0.2887618914699249,0.6726298462862484,1238,0,Kya Loge Tum,B Praak
-0.3691945797337027,-0.6358261490324133,-0.37137460582678705,1237,0,California Breeze,Lil Baby
0.5021168507053779,0.21551235145105624,0.8112695662366983,1239,1,Nonstop,Drake
0.2422829181258461,0.32389385087343975,-0.5874915083222624,1243,0,LOVE DIVE,IVE
-0.3964552819717548,-0.5986366399050886,0.058250596114717564,1242,1,Alucin,Eugenio Esquivel
-0.08685290984879905,-0.639232945972043,-0.6341080489890769,1241,1,Go Stupid,Polo G
-0.22190532449825948,0.3274905093147934,-0.1050193947097014,1247,1,POPSTAR (feat. Drake),DJ Khaled
-0.40213441570665587,-0.6328124298618144,0.06646566387860646,1244,1,Qual é seu desejo?,Tz da Coronel
0.4319251698702506,2.66587494391033,-0.8880965688539483,1248,1,Lovesick Girls,BLACKPINK
1.850574046304637,-0.5864609975543263,0.3084635434016801,1246,1,Solo (feat. Demi Lovato),Clean Bandit
-0.5301031968097211,-0.57854577910817,0.5516966884813087,1249,1,Una Vida Pasada,Camilo
8.068200755821822,-1.978450682956747,-0.7833358670610204,1245,0,Steven Universe,L.Dre
-0.45670766313259376,-0.6267176064355341,0.7524422425167048,1250,1,places to be,Fred again..
-0.42236726962843113,-0.6482097274902208,-0.5026955822175161,1254,1,ASI ES LA VIDA,Enrique Iglesias
-0.02865334010031538,2.08076057048878,-0.8590729541590832,1251,1,Corazón (feat. Nego do Borel),Maluma
-0.40249164701105794,-0.6264598251277512,0.0665412873751806,1255,1,Elvira,Oscar Maydon
-0.1474758654642329,1.0453920964928403,-0.32952848157070963,1253,1,Fantasias,Rauw Alejandro
-0.42692975624682533,-0.4413636162941183,-0.5911820635686856,1252,0,El Jefe,Shakira
0.20890235493266993,0.4195958466656223,-0.1885076372546854,1257,0,Am,Nio Garcia
-0.4580250973021657,-0.5194045580979415,-0.2794985391398519,1258,1,Te Lo Agradezco,Kany García
-0.46607875691272493,-0.09765802627966394,0.500377240178538,1260,0,PLEBADA,El Alfa
-0.3722773618253541,-0.45644697297584125,0.023447996646740122,1261,0,Danza Kuduro - Cover,MUSIC LAB JPN
-0.565179737574869,-0.2228002113846074,2.009526524142647,1259,1,Marea (we’ve lost dancing),Fred again..
-0.4877514119266127,-0.37965075784999475,0.8189054179565239,1262,1,Fall In Love,Bailey Zimmerman
-0.19579938420140183,-0.17833155213157664,-0.5728042184676838,1256,0,Cupid,FIFTY FIFTY
0.6074892456792433,-0.856253969502476,0.009213182091245886,1265,0,Dj Gamm Gamm Piri Slow,DJ BAHBUS
-0.5411073545507861,-0.4414367233393052,1.3403478499458017,1264,1,Guilty as Sin?,Taylor Swift
0.38447922732181383,3.1362699819156674,-0.11684428541415189,1263,1,Waiting For Love,Avicii
0.7817608104366924,-0.5500832442566475,-0.3191948587460071,1272,0,BOMBÓN,Daddy Yankee
0.604786157256794,5.454995418083958,-1.3915529349656395,1268,1,Hello,Muramatsu Karaoke
-0.419539341061149,0.0056892864227633365,0.8171421935307008,1271,1,EVERY CHANCE I GET (feat. Lil Baby & Lil Durk),DJ Khaled
0.2156943762885294,0.4586923018268488,-0.5822702724974848,1266,1,Mo Bamba,Sheck Wes
0.17148333963692286,1.1286460694589835,0.17097650618493057,1267,1,Bank Account,21 Savage
-0.3179333633164853,0.4406994054335063,0.9088168280130727,1269,1,"One Of The Girls (with JENNIE, Lily Rose Depp)",The Weeknd
5.989287615731007,-1.1665204217341716,0.12713282789903654,1270,1,Get You The Moon (feat. Snøw),Kina
-0.19426650900357786,-0.8965029819452142,-0.7208199124027506,1275,1,Never Felt So Alone,Labrinth
-0.3980265959996839,-0.6093412518728286,0.06058834776885671,1273,1,Baile do Bruxo,Tropa do Bruxo
-0.46953635312187614,-0.8497463776848548,-0.322819533092446,1274,1,Love Me JeJe,Tems
-0.029080035954946754,-0.2148911178222516,-0.009111065732384635,1276,1,Heather,Conan Gray
-0.4222137434085954,-0.34840635623968685,0.18908450548169303,1277,1,Come & Go (with Marshmello),Juice WRLD
-0.35164486939595757,-0.32250529755988694,-0.006905036733879009,1278,0,Mas Rica Que Ayer,Anuel AA
-0.3412555698468901,0.4696373004861144,1.2108839916451224,1279,1,Love Again,Dua Lipa
-0.2607836899787663,-0.6198301580099448,-0.2660254186624409,1280,0,Bécane - A COLORS SHOW,Yamê
-0.4279744833588252,-0.7725463782866491,0.12615256744254422,1283,0,all of me,21 Savage
-0.414372173104161,-0.8448174375883138,-0.5230422625481943,1284,1,Giving Me,Jazzy
-0.39370063268555205,-0.9763155624675416,-0.6768108000448119,1281,1,Attitude (feat. Charlie Wilson & Cash Cobain),Don Toliver
0.32156747934535385,4.197517239648777,-0.8766497944432668,1282,1,What Do You Mean?,Justin Bieber
0.28050563502468734,4.690601028661051,-0.3197767524816812,1289,0,Bailando - English Version,Enrique Iglesias
-0.4658674688108607,-0.6252911510623573,0.059571022472947745,1287,0,Дарите женщинам цветы,Jazzdauren
-0.518670942821898,0.01706424644851541,1.8573272170709927,1285,1,TV,Billie Eilish
-0.5575325777553741,0.026947247642296022,3.2178411887238716,1286,1,But Daddy I Love Him,Taylor Swift
-0.42926125281976324,0.8603788014034602,2.587239413118195,1288,1,Tiroteo - Remix,Marc Seguí
-0.42966619742047735,-0.8573584940913443,-1.2793923511108845,1291,1,pushin P (feat. Young Thug),Gunna
0.2486968880161297,3.6817607268092725,0.04445733242984192,1293,1,Take Me to Church,Hozier
0.16315132921100078,1.4999039606714217,-0.10895708155652108,1292,1,It's You,Ali Gatie
-0.07911198780004318,-0.6216500529919743,-0.32593614168240764,1294,0,Love Lee,AKMU
-0.3720122680622818,-1.0065879474104928,-0.9931034220066689,1295,1,Jump,Tyla
1.4347458156022466,1.9603346125853056,1.176525408126708,1290,1,Venom - Music From The Motion Picture,Eminem
-0.1722202479809885,-0.5936761015190192,0.06287092500117661,1296,0,fantasmas,Humbe
-0.3946745997854929,-0.46928484004682597,0.028772232851236774,1299,0,Basit Numaralar,Zerrin Özer
-0.1780825831752163,-0.41635171600417775,0.20926010405063575,1297,1,Karma,Taylor Swift
-0.5195434212256426,-0.6817495144213478,0.4078578369406055,1298,1,The Painter,Cody Johnson
-0.3239518340569891,-0.08147071399932254,-0.05082322717234688,1300,0,Chiky Boom,Paylon
-0.49993375611631663,-0.6679626162434351,-0.017163008262722112,1306,1,Me & U,Tems
-0.40690655780982804,-0.5551921820022169,-0.3240592156623043,1303,1,Vista Al Mar,Quevedo
-0.39454880704066786,-0.9299612323693024,-0.5792487531770724,1301,1,Imagine,Carbonne
-0.2388164783948517,0.8948701542641921,0.5100341754088527,1304,1,All The Stars (with SZA),Kendrick Lamar
0.062190431637100044,2.7841809296019124,-0.7595229979734957,1305,0,Lehanga,Jass Manak
-0.4593015695333313,0.3570053150014888,1.2550770706238839,1302,1,X (feat. Future),21 Savage
-0.4588001531490455,-0.5712273902802035,0.04725406664582216,1314,0,CRAZYZ,Fuerza Regida
-0.16493114952074237,0.55697371549952,2.153856659500173,1309,1,Passionfruit,Drake
-0.39186422191748616,0.07962144594326204,0.22769395144915455,1308,1,Like Crazy,Jimin
-0.12167998198988172,1.9293011742231174,0.5582853143532015,1312,1,I Don’t Wanna Live Forever (Fifty Shades Darker),ZAYN
-0.039425042802687375,-0.6264644297705887,-0.09742881843233166,1311,1,What It Is (Solo Version),Doechii
0.06841593543117767,0.12715143163483106,3.1916809570050497,1307,1,Bad and Boujee (feat. Lil Uzi Vert),Migos
0.2046545057834264,1.9701226478305407,-0.31988188293063613,1313,1,SUBEME LA RADIO (feat. Descemer Bueno & Zion & Lennox),Enrique Iglesias
0.06509688690846453,-1.205346592229896,-1.46853353564951,1310,0,Soak City (Do it),310babii
-0.38825674328419274,-0.044578109348426494,0.031016121392866202,1319,1,The Woo (feat. 50 Cent & Roddy Ricch),Pop Smoke
-0.38901607111917685,-0.3564779326917543,0.4166833844984004,1320,0,"yes, and?",Ariana Grande
-0.025558361046816146,2.0159785748088876,-0.9288392532029345,1318,1,Cheerleader - Felix Jaehn Remix Radio Edit,OMI
4.154839432670941,-0.721100434829268,-0.008469038200692232,1315,0,Woah (feat. D3Mstreet),KRYPTO9095
-0.3722773618253541,-0.45644697297584125,0.023447996646740122,1317,0,Take You Dancing,Jason Derulo
0.49336890690828483,2.738382010843306,-0.1454871695234982,1316,1,Wrecking Ball,Miley Cyrus
-0.3722773618253541,-0.45644697297584125,0.023447996646740122,1322,0,Stereo Love (TikTok Remix),DJRemixGod
-0.08860564224152638,0.7265335202549871,0.44881059123023703,1321,1,Stuck with U (with Justin Bieber),Ariana Grande
-0.4257173821721932,-0.4616957540519367,0.2551778607668871,1324,1,she's all i wanna be,Tate McRae
-0.39078940104835486,-0.14836873677155596,0.598547329498869,1327,1,Oh My God,Adele
-0.3744112073434427,-0.44370295043423813,0.07357752307508662,1329,0,Leave Out All The Rest,Linkin Park
0.5236766117016659,1.0213772279936064,0.8560788745192954,1325,1,iSpy (feat. Lil Yachty),KYLE
-0.2735580833749204,-0.2609760691414027,-0.318925321675514,1326,1,I AM,IVE
-0.35162090591922784,0.05618220426836073,0.510712976710443,1323,1,Midnight Sky,Miley Cyrus
-0.45752814140846326,-0.7743538594992943,-0.3163232959413487,1328,0,"Earth, Wind & Fire",BOYNEXTDOOR
-0.10287958856056806,0.5360759477671283,3.078310558652904,1335,0,Andrea,Bad Bunny
-0.3327683516827492,-0.10314936555621172,-0.6341926027836399,1338,1,Ric Flair Drip (with Metro Boomin),Offset
-0.1653277178893493,-0.42943695648446606,-0.507539650618118,1332,0,Džanum,Teya Dora
0.04421911162376017,-0.15106408968330065,-0.4163441812341444,1330,1,Going Bad (feat. Drake),Meek Mill
-0.3991282194568386,-0.6104382009972218,0.06189485045026996,1334,0,Tenho Que Me Decidir,MC PH
-0.4232738751484573,-0.757712189234219,0.09692463988513741,1336,1,Wunder,AYLIVA
0.11910658651704255,0.7074558387711853,1.9954500597099682,1331,1,Safaera,Bad Bunny
1.0482646733804737,6.609113219882119,-1.2580495780232266,1337,1,Baby,Justin Bieber
-0.40030224177445195,-0.3728624243839941,1.503126210306602,1333,1,On BS,Drake
-0.4548859211769073,-0.9656955215616989,-1.0249241289458109,1342,0,Love Again,The Kid LAROI
-0.4470808953217746,-0.4505242699425043,0.8115872774744383,1339,0,LAGUNAS,Peso Pluma
-0.42391525831880694,-0.6003837636633352,0.06095593312747848,1344,0,Narcotics (with Bryant Myers),Dei V
-0.43285185942235077,-0.4321917208011958,0.01011172571224424,1341,1,Linea del Perreo (feat. Dj Kiire),Uzielito Mix
0.6208625152222461,-0.2788845249429294,0.5758966358608618,1340,1,24K Magic,Bruno Mars
0.6235416039615256,0.8172715206149072,-0.2267814496569992,1346,1,The Feels,TWICE
-0.2650321384817066,1.0570824184101115,1.7031973087072354,1345,1,Someone Like You,Adele
-0.5020808183211389,-0.7714999232277079,-0.1672897524183332,1347,1,Oh U Went (feat. Drake),Young Thug
0.0024081987505315495,-0.7971515271330133,0.07756191356831457,1348,0,Right Now (Feat. Crush),Coogie
-0.3484867608780623,-1.2584253396923206,-1.762909160510017,1349,0,Burn,Kanye West
0.40975784624639183,-0.2840609053455755,0.5018826578605025,1351,1,High Fashion (feat. Mustard),Roddy Ricch
-0.41648679216183354,-0.7242414147178684,0.08432340733869598,1357,0,Ronald,Falling In Reverse
-0.28182119164196345,0.09824535502874514,-0.45229352147722246,1353,1,We Paid (feat. 42 Dugg),Lil Baby
1.1008209993072362,0.1313413896866822,-1.5131754818712821,1352,1,Boss Bitch,Doja Cat
-0.43447288701322045,-0.467775620173955,0.02897227313258561,1354,0,Ballena,Vulgo FK
-0.3722773618253541,-0.45644697297584125,0.023447996646740122,1356,1,one of wun,Gunna
-0.003337951099966523,1.826512182306419,0.17393522463798677,1355,1,Locked Away (feat. Adam Levine),R. City
-0.036920630116836765,2.019821269982712,0.9454650255896363,1350,1,Tal Vez,Paulo Londra
0.24864317301262373,0.17604550197102697,-1.0058975059540989,1359,1,the remedy for a broken heart (why am I so in love),XXXTENTACION
-0.4183698732412424,0.08023740465480222,0.5961375668945721,1362,1,Beautiful Mistakes (feat. Megan Thee Stallion),Maroon 5
-0.5177377118787398,-0.7374939668804844,-0.04467261966322941,1363,1,Cynical,twocolors
-0.3725741661327351,-1.119182942075782,-1.2055380297628546,1360,1,These Words,Badger
-0.06977948929806033,1.9149753184642127,-0.602300855425672,1361,1,Robarte un Beso,Carlos Vives
0.30928926725545064,-0.5664797548360532,0.03872793826933774,1358,0,Vida Gangster,Lauty Gram
-0.2049296928572696,-0.6745338571532603,-0.8076423569375667,1366,1,For My Hand (feat. Ed Sheeran),Burna Boy
-0.47825395167863394,-0.8111614261967293,-0.25603955348765883,1371,1,Cowgirls (feat. ERNEST),Morgan Wallen
-0.46847308933662746,-0.36713709997348054,0.6279170936616969,1364,1,'Til You Can't,Cody Johnson
-0.3722773618253541,-0.45644697297584125,0.023447996646740122,1368,0,Those Oldies but Goodies,Little Caesar & the Romans
0.6106579745413403,5.622953823795264,-1.4069275640482184,1369,1,Dark Horse,Katy Perry
-0.3914957337786822,-0.6650205987406409,-0.944758918481954,1370,0,Hass Hass,Diljit Dosanjh
2.4583858365663933,-0.7343625025618234,0.16334336981239006,1367,0,You Got It,Vedo
-0.3705825448148428,0.07079929812051913,-0.09365857049256204,1365,0,LDR,Shoti
-0.38696220204521464,-0.20060730997545867,-0.19950508637135694,1373,0,"Kaavaalaa (From ""Jailer"")",Shilpa Rao
-0.4404798477905174,-0.37558732000823836,0.6674789891593101,1374,1,Me or Sum (feat. Future & Lil Baby),Nardo Wick
0.0494106312351591,1.6346933715000023,-1.330768126053321,1372,1,You're Welcome,Dwayne Johnson
-0.31508684547542193,-0.023290010591440275,0.06460056233692588,1376,1,LA NOCHE DE ANOCHE,Bad Bunny
-0.5013082685699051,-0.703347242436266,0.37076430176879144,1375,1,Fuk Sumn,Kanye West
-0.31884953373252567,-0.2547896747711833,-0.01570391982368079,1377,0,Billete Grande (En Vivo),Fuerza Regida
-0.3378108129966227,-0.07483848919409154,-0.22615458576765318,1386,1,Royals,Lorde
-0.3786695048729226,-0.5336896653751448,0.2044749508204115,1387,1,Charm,Rema
-0.48998208746415944,-0.6598337428228835,0.3236704581449951,1388,0,prove it,21 Savage
0.24115682020418933,-0.7656532666806917,-0.24358656398344927,1381,1,Mon Amour - Remix,zzoilo
-0.052540829258955944,2.046567458284465,0.7795237089473585,1383,1,Adan y Eva,Paulo Londra
0.6021379563601219,2.5246438035270695,-0.12737348538523302,1384,1,No Lie,Sean Paul
-0.4816534921145802,0.29392271428319294,1.4329652206522314,1379,0,"Phir Aur Kya Chahiye (From ""Zara Hatke Zara Bachke"")",Sachin-Jigar
-0.44665152814081255,-0.510013456173255,0.0308469291040647,1380,0,10 Carros,Chefin
-0.2532336616810114,0.6234455179827659,1.7051313517297804,1382,0,The Astronaut,JIN
2.190194324439377,-0.7316148116256969,0.2149085681755023,1385,0,Gogo Dance,El Alfa
0.9770112318295464,-0.7616083106213973,0.09654449282245896,1378,0,Komang,Raim Laode
1.0659729915568967,2.739682546201835,-0.9098990802037374,1395,1,The Spectre,Alan Walker
-0.40560673478944137,-0.6524032467109081,0.07142079748893447,1393,0,เมร่อน,Juepak
0.7554715449077201,-0.1021291077057325,0.4380819875735282,1396,0,DARARI,TREASURE
-0.3809626517702327,-0.2277296142710908,-0.028036977820660742,1392,1,Ferxxo 100,Feid
-0.4768826937058779,-0.6843270906814812,0.07316718146905754,1394,0,No Te Quieren Conmigo,Gaby Music
-0.2018832326969599,0.5717243653095994,-0.22317719264529584,1397,0,More than you know,NoSpace
3.2031202823403526,0.32143211466135263,-0.19996885654238067,1390,1,Shower,Becky G
-0.5119842287350981,-0.6171612709623899,0.7490865268425859,1389,1,B.O.T.A. (Baddest Of Them All) - Edit,Eliza Rose
-0.09111660141262115,0.9211379630940253,-0.30959302162566776,1391,0,Chatak Matak,Renuka Panwar
-0.4125674831193065,-0.551828121164878,-0.20633207091233435,1401,1,Cooped Up (with Roddy Ricch),Post Malone
1.2159597646337421,2.3641163933161033,-0.8363123926396803,1399,1,FRIENDS,Marshmello
-0.510323242934137,-0.5712801083711452,0.500590963076796,1398,0,FINA,Bad Bunny
-0.5790444633450946,0.5999316332662431,4.193904651283515,1400,0,Come back to me,RM
-0.4443683759288036,-1.032873803629519,-0.9645699685301943,1404,0,Whatsapp (Wassam),Gunna
0.7014601150733707,-0.6145991979836071,-0.2577494181716098,1406,0,3:15 (Breathe),Russ
-0.22096087329943365,-0.11023272016971841,-0.4103445977320441,1402,0,Love Me Again,V
-0.24348811842339033,-0.9337240931015158,-0.7198491875017269,1403,1,Down Under (feat. Colin Hay),Luude
0.8035575712979367,0.05956387817234131,-0.9055265956801862,1405,1,Like That (feat. Gucci Mane),Doja Cat
0.2779651158160213,-0.06340204826156406,0.7242775062295833,1407,1,Control,Zoe Wees
-0.5321030521451554,-0.5185486258883412,1.034270589210374,1409,0,Push Up - Original Mix,Creeds
-0.3667276873316959,-0.41999198747210087,0.015261525968356225,1408,0,Novo Balanço,Veigh
0.49245459874605485,1.3730865699529253,-0.3706487949371675,1411,1,Dancin (feat. Luvli) - Krono Remix,Aaron Smith
-0.29860249326453914,-0.6911283683739556,-0.7192477243441295,1410,1,Goosebumps - Remix,Travis Scott
-0.38582536274342566,-0.4755513128605157,0.35603140542808775,1412,1,Die For You,Joji
-0.4673629801850378,-0.6541035437286314,0.06644335564622394,1415,0,SC-9,Yahir Saldivar
-0.3823594662088519,0.012016857191603923,1.144431685354027,1414,1,We Are Young (feat. Janelle Monáe),fun.
-0.35251987611649666,-0.15509170924159527,-0.5508158596547048,1413,1,My Head & My Heart,Ava Max
-0.3988976780504888,-0.6763374211233202,-0.03762174324311324,1418,0,Accendio,IVE
1.3721436836062566,-0.7816689646092184,-1.2267738866166111,1417,1,Deep End,Fousheé
-0.3722773618253541,-0.45644697297584125,0.023447996646740122,1419,0,Loosing interest,Kurochuu
-0.32525154067220685,0.20888543975804266,-0.14520354286784512,1416,0,Turbo S,Yasin
-0.3722773618253541,-0.45644697297584125,0.023447996646740122,1422,0,30 GRADOS RKT,RUNE
-0.46713613646392865,-0.5720011927018095,-0.13576785622215304,1421,0,Mi Bello Angel,Natanael Cano
-0.5281168703938042,-0.6932793889570695,0.2220614367268467,1420,0,Turks & Caicos (feat. 21 Savage),Rod Wave
-0.005384987822969299,0.759252028724358,-0.8668649991016505,1423,1,Si Veo a Tu Mamá,Bad Bunny
-0.05325925332610611,1.611487565872012,0.7368096866694925,1427,1,1-800-273-8255,Logic
-0.3789166261613266,0.853927767043596,3.502303846261199,1424,1,After Hours,The Weeknd
-0.4153671326541671,-0.8405730252204081,-0.15747988061387544,1426,1,Alibi (feat. Rudimental),Ella Henderson
-0.40513058118948914,-0.8276803733423584,-0.25608033634497657,1425,1,Everybody (feat. Lil Uzi Vert),Nicki Minaj
-0.3957433433088139,-0.8413075978164504,-0.3915912122418032,1428,1,I LUV IT (feat. Playboi Carti),Camila Cabello
-0.32367002898923053,-0.01764939076052137,-0.3667984567950698,1432,1,The Middle,Zedd
-0.4643231683808518,-0.7803910464148215,-0.24281848993057736,1435,1,Doctor (Work It Out) [feat. Miley Cyrus],Pharrell Williams
-0.01953103895127061,1.1901854064045712,0.02902730486121272,1434,1,Pompeii,Bastille
0.3337953986931898,4.2271742242603505,-0.7641100268833092,1429,1,Hymn For The Weekend - Seeb Remix,Coldplay
-0.22146834669327972,0.02955635629052864,-1.2078777552588604,1431,1,Lonely (with benny blanco),Justin Bieber
-0.2944701491771705,-0.12623382991912152,-0.6620803875685263,1433,1,Hold On,Justin Bieber
0.1787394860380515,2.788642907956584,0.6668727239457126,1430,1,Can't Hold Us - feat. Ray Dalton,Macklemore & Ryan Lewis
0.0073031911849480635,-0.400634279833335,1.2984857616723575,1439,1,I Like It,Cardi B
0.7758693170974575,1.1310900454952646,-0.4326994436499048,1436,0,8 Parche,Baani Sandhu
-0.41664569137497787,-0.4511921806156704,0.564145730073142,1437,0,Modo DND,Xavi
-0.5125770342701208,-0.7825848401841002,-0.17267931392830194,1440,0,THANK GOD,Travis Scott
3.988687590191551,-1.1956835162678836,0.40294838992820464,1441,1,Home,Edith Whiskers
-0.40790080173056686,-0.12363468163377396,0.01769884032010257,1438,1,The London (feat. J. Cole & Travis Scott),Young Thug
-0.023208630626543422,1.0680778575938246,1.0280363980675407,1444,1,Si Te Pudiera Mentir,Calibre 50
-0.3396278585404427,-0.7644663696652588,-0.2477520453729905,1443,1,One Of Your Girls,Troye Sivan
-0.20070726952383358,-0.5319306386985875,-0.33820818480835285,1442,1,Tell Em,Cochise
0.4434058031524923,-0.07718728917865444,-1.5325164588873899,1448,1,Close Eyes,DVRST
-0.4188734962688752,-1.0035847506003057,-1.0441343006701245,1446,0,Mr Pot Scraper,Bossman Dlow
-0.4828973248489753,-0.38580283655255754,1.5287720142699786,1447,1,LA DURANGO,Peso Pluma
-0.045141517995142835,1.0692409777886696,-0.28992214463860394,1449,1,Please Me,Cardi B
-0.234289691937628,-0.20277087214784256,-0.0329883503679889,1450,0,El Hijo Mayor,Junior H
-0.3722773618253541,-0.45644697297584125,0.023447996646740122,1445,0,"Ruqya, Pt. 3",Hani Rifai
-0.3130485868265871,-0.20508789021091153,-0.2335409414931556,1453,1,LA FAMA,ROSALÍA
-0.6372024454649979,-0.09854302343475253,2.657027681376098,1451,0,TIL FURTHER NOTICE,Travis Scott
-0.5332228039293264,1.28940056903704,4.129861934130449,1454,1,"Poblado (feat. Crissin, Totoy El Frio & Natan & Shander) [Remix]",J Balvin
-0.19277796356698254,-0.7205187287062291,0.10588203368446755,1452,1,LOKERA,Rauw Alejandro
0.7207172365008679,0.11782106153898374,0.894483021089629,1458,1,cardigan,Taylor Swift
0.008738974722146731,0.09661178404947224,-0.4900631489352395,1456,1,See You Again (feat. Kali Uchis),"Tyler, The Creator"
-0.3099623378156458,-0.00695598742665225,-0.07055777023578345,1460,0,Namas Today - Original Version,CA3RD
-0.2273090215376784,0.806785881721611,-0.4295692994754157,1457,1,Amanece,Anuel AA
-0.40289577889743317,-0.2735837834679601,0.7427534640752373,1459,0,Popular,The Weeknd
-0.39745188587376806,-0.28841254409986355,0.6730427362979172,1455,0,King Shit,Shubh
-0.27126725657490774,-0.5929235945079386,0.17978573285132327,1461,1,LA INOCENTE,Mora
-0.48643224617575587,-0.2404920053875597,0.5144146218798354,1462,1,Chicago Freestyle (feat. Giveon),Drake
-0.43467082363486614,-0.6389811477233919,-0.044795021738295214,1466,0,Johnny Dang (with Paul Wall & DRODi),That Mexican OT
0.1917167692695401,-0.1769866090712163,-0.05312204114015098,1465,0,S-Class,Stray Kids
1.4046516698226654,-0.9917446650071734,0.11976906750368706,1463,0,GASLIGHT,INJI
-0.43087457879485397,-0.905920038729281,-0.9956906451083681,1464,0,Die Young (feat. 347aidan),Sleepy Hallow
0.03315805767933302,2.3519014201560418,0.8201971357444271,1467,1,Vente Pa' Ca,Ricky Martin
-0.40366375525986414,-0.6986735113071094,0.07762841200103197,1473,1,Can't Tame Her,Zara Larsson
1.068785596055666,-0.7423319926539418,-1.214202687077442,1470,1,VIBEZ,DaBaby
-0.35421579234133604,0.7114161906548844,1.7544655298184417,1475,1,I Don't Fuck With You,Big Sean
-0.41040355313242793,-0.6359268901544585,0.06965336513966736,1474,0,Se Grita,Morad
-0.5481781372821931,-0.589824990635823,0.6342257505436457,1468,0,HYAENA,Travis Scott
-0.09404857641674734,-0.41445139180610685,-0.03437075415087004,1469,0,KICK BACK,Kenshi Yonezu
-0.4558085281150205,-0.5658585996723325,0.04386287697740727,1471,1,M.A.I,Milo j
-0.32241621104641954,0.5026017400783523,1.306953783749026,1472,0,Tu hai kahan,AUR
-0.3722773618253541,-0.45644697297584125,0.023447996646740122,1478,0,Danza Kuduro - Cover,WORK OUT GYM - DJ MIX
-0.486772833921916,-0.7031173024407456,-0.06655389872350699,1480,1,Truth or Dare,Tyla
0.2596409592979339,3.1545190332187865,-0.29458013213170287,1477,1,Just the Way You Are,Bruno Mars
-0.4982012335037541,-0.6690836423129497,-0.15432412581308508,1481,1,Rasputin,Majestic
-0.3329306538356179,-0.17217730673822706,-0.035932301866103813,1479,0,Say It Right (Dance),MELON
-0.0392296234235389,-0.5570665081832701,0.36162871181153833,1483,1,If the World Was Ending - feat. Julia Michaels,JP Saxe
-0.37498848348005426,-0.13711054535170614,-0.5600965519874417,1476,1,"How Far I'll Go - From ""Moana""",Alessia Cara
-0.49393242122588094,-0.8815353507406032,-0.6091487840240037,1482,0,ビビデバ,Hoshimachi Suisei
-0.3808388515632863,-0.037220583372425925,0.5398374576313244,1486,1,Heartless,The Weeknd
0.18827099703203082,3.4482157074076585,-0.8639607668024682,1485,0,Upa Cavalinho,Galinha Pintadinha
-0.44699554298328065,-0.9159055182920657,-0.4297079395084957,1491,0,Show Time,SUPER JUNIOR
0.3773950542316814,3.1837333506933,5.8279594180123215,1487,1,Mirrors,Justin Timberlake
0.8667528035596236,-0.06954821505679881,-0.383400528098365,1490,1,we fell in love in october,girl in red
0.24554181609154818,1.0282895739667366,-0.2260392421190874,1489,1,Sorry Not Sorry,Demi Lovato
-0.3996180966122643,-0.5903126880298862,0.06140636134272001,1484,1,X ESO BB,Jere Klein
-0.4757203586557393,-0.793762359965105,-0.32907743865564865,1488,1,Where Did You Go? (feat. MNEK),Jax Jones
0.9407843398555088,4.462778125125701,-1.33037143074286,1496,1,The Lazy Song,Bruno Mars
-0.054376723578762824,-0.595212265111661,-0.7580843087612706,1495,1,Sex Sounds,Lil Tjay
-0.2358310517119016,-0.1950743593512367,0.7351450487013712,1493,1,Después de la Playa,Bad Bunny
-0.2307957961865435,-0.5841334166438596,0.03220209892333891,1498,0,Asiwaju,Ruger
-0.3593176943772335,-0.33639143232519536,1.0660363043486352,1492,1,Sticky,Drake
-0.025447393236370946,-0.8087552964329396,0.059404740696198055,1502,0,Mahiye Jinna Sohna Slowed + Reverb,Darshan Raval
-0.4198794292094085,-0.7914265698689982,-0.007850658912786789,1499,0,hey! hey!,TWS
-0.10506832896847586,1.4175001421408764,0.2959038906423283,1501,1,Centuries,Fall Out Boy
0.36075572261169897,3.5360446145344366,-0.9012421491789062,1494,1,What Makes You Beautiful,One Direction
-0.4618657908686684,-0.3729374542265957,0.09474906234095719,1500,1,Sweetest Pie,Megan Thee Stallion
0.14679749319178884,2.261337386661001,-0.6217381298254234,1497,1,Reggaetón Lento (Bailemos),CNCO
-0.3711821978808163,-1.0855215285613156,-1.4193308321679792,1503,0,GMFU (w/ 6arelyhuman),Odetari
-0.6858407923196285,0.19756234969681158,3.77884138444014,1513,0,SKITZO,Travis Scott
-0.3968668976170246,-0.8279527918969156,-0.3486358521186375,1505,1,Friendly Fire,Linkin Park
-0.33243847414288175,-0.6647430707812068,-0.14908369041043879,1508,1,Niña Bonita,Feid
-0.038699601268972976,-0.985122761482534,-0.7503005150536447,1510,0,SkeeYee,Sexyy Red
0.4531043263688604,0.08497939493336833,-0.009693617173008918,1506,1,The Git Up,Blanco Brown
-0.27060359305406034,0.2143623106114597,-0.2271536522303517,1511,1,Beautiful Crazy,Luke Combs
-0.439270721705084,-0.4695871064803494,0.8361168219746457,1504,1,"Annihilate (Spider-Man: Across the Spider-Verse) (Metro Boomin & Swae Lee, Lil Wayne, Offset)",Metro Boomin
0.07244493939531829,0.7421173215348227,0.2920718101236685,1507,1,Lover,Taylor Swift
-0.4257137742402332,-0.792337884201195,-0.6872100541305126,1512,0,Midas Touch,KISS OF LIFE
-0.3777312067276762,-0.38488917359699254,-0.48621982005667685,1514,1,Follow You,Imagine Dragons
1.1866191134891961,-0.7843392520706416,0.058746431229231406,1515,0,ชอบเธออะ,Ptrp Studio
-0.20335676027795388,0.47464469533098325,0.783220850365973,1509,0,Por las Noches,Peso Pluma
-0.3524141406253888,-0.3913804372272642,-0.741654792671982,1520,1,Body Like A Back Road,Sam Hunt
-0.06610741122074312,-0.22366985699364936,0.258534873933029,1516,1,Best Part (feat. H.E.R.),Daniel Caesar
-0.41035205940217995,-0.6787694819818332,0.07817144940964267,1519,1,Melhor Vibe,MC Ryan SP
-0.3690159044071755,-0.41159368244484107,0.01742136280247287,1522,0,บักจีเหลิน,จีเหลิน สายหมอบ
-0.3722773618253541,-0.45644697297584125,0.023447996646740122,1521,0,Cake By The Ocean - Cover,LOVE BGM JPN
0.7542742612313366,1.0738344055583573,0.7453459469447741,1518,1,Set Fire to the Rain,Adele
0.5070990568752791,3.5213219884931273,-0.28494818396270616,1517,1,Worth It,Fifth Harmony
0.5144404153851335,0.035906047023383,-0.08969940395311493,1527,0,Malvadão 3,Xamã
-0.23074090706209613,-0.7475186018545419,-0.11244049558765751,1525,1,2 Be Loved (Am I Ready),Lizzo
-0.1265428506673079,0.5193882339935111,-0.19381704997131377,1530,1,Shut Up and Dance,WALK THE MOON
5.4188730522234545,-2.043497153621395,-1.9868691995131922,1529,0,SugarCrash!,ElyOtto
0.75259495494529,1.2942217921116823,1.0874176461341205,1523,1,Sail,AWOLNATION
-0.07402721884179446,-0.07235714952502027,1.2353595280874088,1526,0,Solo Conmigo,Romeo Santos
-0.3578918720074058,-0.018044403542336725,0.6684875127496696,1528,1,See You Again (feat. Charlie Puth),Wiz Khalifa
-0.3826450577127641,-0.39452770610595495,0.2670118725614917,1524,0,Paint The Town Red,Doja Cat
-0.5508153434782689,-0.6809315876516815,0.4678946471460375,1533,1,Dial Drunk (with Post Malone),Noah Kahan
-0.45798112381627604,-0.6089828208769047,0.06379057165910432,1532,1,Piscina,Maria Becerra
-0.31087115322433584,0.3771082090529473,-0.36317373476910036,1538,1,Bandit (with YoungBoy Never Broke Again),Juice WRLD
0.52983140913888,-0.39565740106523173,-1.7155584471379661,1531,1,this is what falling in love feels like,JVKE
0.5797872699825325,0.7896321895041043,-0.9520360219130773,1535,1,Galway Girl,Ed Sheeran
0.38803970322426196,2.3722568383803675,0.047868781394603675,1534,1,Firework,Katy Perry
-0.3722773618253541,-0.45644697297584125,0.023447996646740122,1536,0,Danza Kuduro - Cover,WORK OUT GYM - DJ MIX
-0.5699750297526783,-0.1699782450329185,1.8025661389439358,1537,1,wait in the truck (feat. Lainey Wilson),HARDY
-0.4098612471947666,-0.4423974804507605,-0.6616213994543717,1543,0,No Es Por Acá,Carin Leon
11.218756580291053,-2.4253293305463366,0.9631764146561068,1539,0,Funny Song,Cavendish Music
0.05366262910084464,2.4340551943962736,0.89703601677177,1546,1,Adventure Of A Lifetime,Coldplay
-0.33534300538867384,0.35504577627559125,0.1311347930527004,1544,1,Nice For What,Drake
-0.4243204188235969,-0.5131796806748841,-0.2515290783588087,1545,0,Us Vs Them,$uicideboy$
0.126849673803597,2.80711611245963,-0.7786673517915991,1540,0,Vaaste,Dhvani Bhanushali
-0.4226435088691058,-0.7532215392482217,0.09597661795472882,1541,1,FALTA DE QUÊ?,Luan Pereira
-0.44226650536529466,-0.7550708958021696,-0.8916540940290422,1542,1,Left and Right (Feat. Jung Kook of BTS),Charlie Puth
-0.03598921145715913,-0.8073965420151913,-1.9150553359630231,1549,1,Obsessed With You,Central Cee
-0.28476432697040127,-0.533378287387833,-0.5807590562687341,1550,1,Bang!,AJR
-0.3898849028030371,-0.5422102140812215,0.8258331590865894,1551,1,Style (Taylor's Version),Taylor Swift
-0.5328694488515279,-0.5986647295829995,0.4205784990945447,1548,1,The Door,Teddy Swims
-0.4968638722469102,-0.3781999005351129,0.7227632428873763,1547,1,Gato de Noche,Ñengo Flow
0.03384663679494066,0.44732656315116337,0.4134750820730357,1555,1,Despeinada,Ozuna
-0.4306479917948476,-0.35473692340791874,-0.026400246322561157,1556,1,Runnin,21 Savage
-0.5288896356268548,-0.5832343091843392,0.748169690342636,1552,1,Hey Driver (feat. The War and Treaty),Zach Bryan
-0.42323580021758606,-0.758575668361881,0.09692625043802527,1554,1,REAL GANGSTA LOVE,Trueno
-0.2397715303083689,-0.9302443866528033,-1.0763123482108423,1557,0,OKI DOKI,KAROL G
-0.24902043072907018,-0.2309971231082724,1.1471681309763464,1559,1,Free Mind,Tems
0.9805230737855688,0.18126112123524318,0.0768717388975416,1561,1,New Rules,Dua Lipa
0.2101208483727129,-0.6064102422985433,-0.947789794298996,1564,1,favorite crime,Olivia Rodrigo
-0.21144763733352634,1.647150056540848,2.072418276995965,1560,0,La Forma en Que Me Miras,Super Yei
-0.4352851446309758,-0.7247145492377575,-0.47875394238790775,1562,1,When You're Gone,Shawn Mendes
-0.47542421497051185,-0.8756361301398023,-0.2832992834751841,1558,0,High Road (feat. Jessie Murph),Koe Wetzel
-0.1524633423922183,-0.174592402143201,-1.011796187995739,1563,1,Savage,Megan Thee Stallion
-0.4639966347316189,-0.6026457812376821,-0.196404871787063,1572,1,Put It On Da Floor Again (feat. Cardi B),Latto
-0.4922916556761317,-0.48839811889426993,0.36660845304889134,1566,1,You Should Probably Leave,Chris Stapleton
2.421520379780217,2.895530366311723,0.4744284936868572,1567,1,Runaway,AURORA
-0.372740333109812,-0.257531694380077,-0.016591540873148014,1570,1,Spicy,aespa
-0.34958644357731017,-0.4482267769615591,0.01918041332496704,1574,0,Ya Leil W Yal Ein,AL SHAMI
-0.2536823949145401,-0.18810213768926992,1.4372781692005727,1565,1,Die For You,The Weeknd
-0.42855495030907925,-0.31464494647664226,-0.041818210977028564,1569,1,Need It (feat. YoungBoy Never Broke Again),Migos
0.5060517398532183,1.4397172263410527,0.04840420717565822,1571,1,Into You,Ariana Grande
0.46990238526151334,-0.7939945042973765,-1.4922091184435355,1573,1,Invincible,Pop Smoke
0.20234083728392147,-1.2175793598854565,-1.1930880589450905,1568,0,Le Monde,Richard Carter
-0.4142029243968311,-0.6994818211496232,0.08361416158038201,1581,0,Un Besito Más,Salastkbron
-0.21904433214911076,-0.16523361655147598,-0.3183235597897267,1580,1,Ya No Somos Ni Seremos,Christian Nodal
-0.31521641524132527,-0.6592162227967946,0.07227181497998002,1575,0,Macetando,Ivete Sangalo
-0.3722773618253541,-0.45644697297584125,0.023447996646740122,1577,0,Stand by Me,Ben King
1.383694562720274,0.17671925703429206,-0.24415093823329836,1576,0,Goa Beach,Tony Kakkar
-0.4363370064605227,-0.3659075471498826,-0.13815559653583234,1579,1,Sharks,Imagine Dragons
0.45781318075284505,-0.8417538710619407,-0.37836012492904764,1578,0,Teenage Dream,Stephen Dawes
-0.36198441885451643,-0.37320322508872344,0.007453631455413426,1585,0,Igualito a Mi Apá,Fuerza Regida
-0.4472917611444372,-0.6574525615808356,-0.7789609152788762,1582,1,Thunder,Gabry Ponte
-0.3672394307332102,-0.7734167335695663,-0.6914686458715582,1583,1,Thousand Miles,The Kid LAROI
-0.44045256280559797,-0.7167051451700075,-0.3497864766324636,1586,1,STAYING ALIVE (feat. Drake & Lil Baby),DJ Khaled
-0.20967731642514228,-0.011903406354724711,-0.6357292168256706,1584,1,Walk Em Down (feat. Roddy Ricch),NLE Choppa
-0.11398984128042647,2.6349406192043947,1.188141560072897,1587,0,Khairiyat,Arijit Singh
-0.21758097460948492,0.6081069729955428,-0.1011888341685658,1598,1,Moves Like Jagger - Studio Recording From The Voice Performance,Maroon 5
-0.525383508401194,-0.4708287210672301,0.9824721528800858,1599,1,Private Landing (feat. Justin Bieber & Future),Don Toliver
-0.5299534411739125,-0.4872708241581259,0.8131586731926125,1593,1,Turn Yo Clic Up (feat. Future),Quavo
-0.03827837239249852,-0.04667132933585719,1.4996490186798703,1588,1,Hotline Bling,Drake
-0.3361440204268831,0.5415054480592028,0.4036843899108215,1591,1,Down Below,Roddy Ricch
0.0892258533103178,-0.5372688102946757,0.07590062658332335,1597,0,CHUPON,Yeri Mua
-0.09446610635990345,-0.630254777073713,-0.6439439985497153,1595,1,Emiliana,CKay
0.9637268823793028,-0.8710951902117177,-0.03416470523886702,1590,0,Sonríele a la Vida,DnK
0.7295244469858256,2.807006222714174,-0.5891418485761255,1594,1,Life Goes On,BTS
-0.45311458092022644,-0.548543042945501,-0.3907579773089507,1592,1,World Hold On - FISHER Rework,Bob Sinclar
-0.4699736841054895,-0.8173623297016487,-0.136538078134655,1589,1,Cry,Benson Boone
-0.24351053699283287,0.7298642062375711,-0.7301452981763172,1596,1,11:00 PM,Maluma
0.9178939966116865,1.0096535284439931,-0.4832599135272577,1604,1,One Call Away,Charlie Puth
-0.47380359146550494,-0.6894450131081867,-0.1922510371198511,1600,0,Bitch Let's Do It,YoungBoy Never Broke Again
-0.4301137956226761,-0.7848285470917384,0.12921645690155473,1603,0,I Am Not Okay,Jelly Roll
-0.18386930975837262,-0.8134030366897453,-0.7801870370849525,1606,1,Move Your Body,Öwnboss
-0.3113079161384723,2.8171108045465982,4.347097661712281,1607,1,Stay,Rihanna
-0.34347933140479203,-0.5888521484832066,-1.142682786544048,1601,1,Faucet Failure,Ski Mask The Slump God
-0.4005595214799873,1.035063624242443,2.476115171855012,1605,1,Danza Kuduro,Don Omar
-0.18868869376352407,-0.3768277666030307,-0.8620240203649822,1608,1,Suavemente,Soolking
-0.05316056356590402,2.2858339275283464,0.20551216727594968,1602,1,Locked Out Of Heaven,Bruno Mars
0.259387789771835,4.926280829295363,2.714736695499707,1609,1,Party Rock Anthem,LMFAO
0.14600989581837295,-0.8561191090483619,-1.5867429950938507,1615,1,Jealous,Eyedress
0.32171764860914537,4.2997199394775265,0.019004908827180454,1617,0,"Love Me Like You Do - From ""Fifty Shades Of Grey""",Ellie Goulding
-0.2944295870774143,0.5074692258575256,-0.43150743720586077,1613,1,Love Nwantiti - Remix,Dj Yo!
-0.23213171189503434,0.3669211686135961,-0.1782400996750636,1618,0,Param Param,NAMES 51
-0.23246822646721238,-0.6871784436455579,-0.39426854158339925,1616,1,Victoria's Secret,Jax
-0.07237971775482344,-0.6776468605066882,-0.6373783383344316,1614,1,THE SCOTTS,THE SCOTTS
-0.4391939095940968,-0.38709869005693753,0.9975130007411014,1610,0,Still With You,Jung Kook
-0.4006937147172572,-0.6137547370565386,0.0638426887946573,1611,0,Daytona,Cris Mj
0.640711515043403,3.729946116618757,0.19067461172474912,1612,1,Not Afraid,Eminem
-0.40405948812245096,-0.39043677372483493,0.5588775436094595,1621,0,GODS,League of Legends
-0.3722773618253541,-0.45644697297584125,0.023447996646740122,1622,0,Fotos Y Recuerdos (Remasterizado 2024/30th Anniversary),Selena
0.23206923314373096,3.4711793430305207,1.3495282486667204,1624,1,Bad Romance,Lady Gaga
-0.483941095321583,-0.9657846518211072,-0.8428878581402474,1623,1,The Feeling,Lost Frequencies
-0.37556646224248597,-0.43680339076607083,0.10071743573612003,1625,0,Flowers,Miley Cyrus
-0.3751773005624104,-0.768344965488388,-0.6823488321901932,1620,1,LUNA,Peso Pluma
-0.3722773618253541,-0.45644697297584125,0.023447996646740122,1619,0,i need you it's so dark,Garfy
0.10194000017751159,2.5704043307436093,0.39741836729103286,1627,1,Just Give Me a Reason,P!nk
-0.38173973879061096,0.3731351827478622,0.628605446405312,1629,1,UN DIA (ONE DAY) (Feat. Tainy),J Balvin
-0.11788527932291068,1.501577507899485,-0.39044903666948155,1630,1,Fancy,Iggy Azalea
-0.3505297029726751,0.3331750481020758,1.988222433284112,1628,1,Apocalypse,Cigarettes After Sex
-0.3722773618253541,-0.45644697297584125,0.023447996646740122,1807,0,Shape of You,xSyborg
-0.3722773618253541,-0.45644697297584125,0.023447996646740122,1626,0,Murder On My Mind,YNW Melly
-0.4503160007862174,-0.4673458653825623,-0.17470698219175018,1634,0,Pacas De Billetes,Natanael Cano
-0.2774339278510369,0.0811368946539239,-0.1120257862574266,1633,1,"Villano Antillano: Bzrp Music Sessions, Vol. 51",Bizarrap
-0.044168942712911136,0.0013073512450358716,-1.0133781296555011,1636,1,A La Antigüita,Calibre 50
0.06213069461419054,1.4386184412560035,1.0464890872755352,1635,1,Castle on the Hill,Ed Sheeran
0.33462435078768527,-0.5273326443803555,0.8566841740563444,1631,0,GENTO,SB19
0.15863103106472287,3.047433878056044,-0.8170109543516192,1632,0,Bebe (feat. Anuel AA),Ozuna
-0.4320831528832607,-0.46374504824189,-0.046836307773047425,1643,0,勇者,YOASOBI
0.8130020708687322,-0.0992764618046503,0.32424344808032296,1637,1,Índigo,Camilo
1.2062537775140911,-0.9129054655587425,0.17683575666186288,1640,0,BABY OTAKU,Pablito Pesadilla
-0.45709662158424386,-0.4453397026220389,0.01934759175163428,1638,0,Sarà Perché Ti Amo,Esteriore Brothers
-0.09325611187964185,0.22066224656805908,0.33180297349472077,1644,1,The Less I Know The Better,Tame Impala
-0.4278393944178233,-0.13235085335015764,-0.05480232418327204,1641,1,ULTRA SOLO REMIX,Polimá Westcoast
-0.4351997925702215,-0.8917236988209776,-0.36773503747503483,1642,0,Next Thing You Know,Jordan Davis
-0.4234934709311461,-1.0641952445720513,-1.5352736862356282,1639,0,Faster n Harder,6arelyhuman
-0.19514576764382413,-0.7603090970224043,-0.39363876379195,1647,0,Bongos (feat. Megan Thee Stallion),Cardi B
-0.06261796985273008,-0.8896632277237563,-0.6791434302938193,1650,1,Better Days (NEIKED x Mae Muller x Polo G),NEIKED
-0.4580724186336874,-0.5157458790257518,0.040687304525102594,1646,0,Cabaña,El Jordan 23
0.1310975873894844,0.41884403690945426,0.08738158178641144,1645,1,Golden,Harry Styles
0.9617364067349371,-0.7277354817980313,0.12060724064292995,1649,1,Music For a Sushi Restaurant,Harry Styles
-0.2310174602573775,-1.062915344406401,-1.3990554770884336,1651,0,HYPNOTIC DATA,Odetari
-0.32517677896170527,-0.8881902184960521,-1.3314817032707051,1653,1,Bad Feeling (Oompa Loompa),Jagwar Twin
0.13307156033235287,-0.9922121945701022,-0.2796724969831577,1652,1,Dance The Night,Dua Lipa
-0.4731404868802391,-0.6606309345415255,0.06827728992777032,1648,1,RAM TCHUM,DENNIS
-0.5088196279908945,-0.7346544660720262,0.09112798451531116,1661,1,Coal,Dylan Gossett
0.8648052525523306,-1.1442461581641394,-0.9587939153303419,1656,0,RUNAWAY,KAYDEN
0.43591372067628914,2.529924088801778,-0.4499553881793064,1658,1,Habits (Stay High),Tove Lo
-0.4172244280219408,-0.722084419983964,0.08821418686249437,1654,0,Kilerito,Brytiago
-0.4001209472744311,-0.29015598443233315,0.6775655233361657,1655,0,Houdini,Eminem
-0.4229794595762991,-0.4476446810129736,-0.5979036539083303,1657,1,Moonwalking in Calabasas (feat. Blueface) - Remix,DDG
0.02687951071175022,-1.0194143650343777,-1.455809947714289,1659,1,Deli,Ice Spice
-0.3609005268267623,-0.327178819908121,0.0038362861898588343,1660,0,Too Little Light,koko die
-0.09755299589832833,-0.16653976283318064,0.13895361862443567,1665,1,God's Country,Blake Shelton
-0.44163822077677783,-0.3527508384657837,0.0026031736839158643,1666,1,Desejo Imortal (It Must Have Been Love),Gusttavo Lima
-0.37666926540874407,-0.9517833951883824,-0.8299333080476141,1663,1,BOA,Megan Thee Stallion
-0.3155998141069412,-0.03872395228312098,-0.06251487956790608,1664,0,I Don't Even Want To Know,Delifinger
-0.4057346668884154,-0.6473657311042857,0.07130455334684015,1662,0,30 GRADOS,El Turko
-0.4930215040877636,-0.7599743363344552,-0.011175457726020214,1671,1,Relax My Eyes,ANOTR
0.47724211758793195,3.0185950048387076,-1.6764718388073805,1667,1,Alone,Alan Walker
-0.3036196226604007,-0.5311131213922938,0.39640263390086394,1668,1,Starlight,Dave
0.7438117595436792,4.551132870669339,-0.6501782542322755,1670,0,IDOL,BTS
0.00789423784365238,2.2674988798238167,-0.6277814634932551,1672,1,Soy Peor,Bad Bunny
-0.3640912105101422,-1.175005563992462,-1.4140690110951444,1674,0,Never Stop,ian
-0.3656427491522311,-0.5761835895614035,0.055530725785623285,1669,0,青のすみか,Tatsuya Kitani
-0.43620731684965774,-0.18595989475095248,-0.03366133545955657,1675,0,Earth Song,Wizard Chan
-0.382777223335145,-0.4518349537668339,0.5388231026719155,1676,1,GREECE (feat. Drake),DJ Khaled
-0.4621933965338046,-0.7834152346767608,-0.7939981420764418,1673,1,Jericho,Iniko
0.3624810073914319,-0.8874490021298219,0.17538959986127428,1688,1,someday i'll get it,Alek Olsen
-0.32634827258945825,0.5249734031869584,0.3968842232188875,1683,1,I Fall Apart,Post Malone
-0.44622689307669455,-0.6928664635655686,0.4991571139251354,1682,0,Popular,The Weeknd
0.4063233898064544,-0.8450334465104167,0.0310976180758469,1678,0,Iced Coffee,Arthur Hill
-0.18209995839192425,-0.17070290619497414,-0.18937615678204778,1687,1,Anyone,Justin Bieber
0.38372441941699337,-0.9561658753826439,-0.9775841767685245,1685,1,Betty (Get Money),Yung Gravy
-0.43843495893648005,-0.6648311995097521,-0.5922906029577337,1679,1,Paradise (feat. Dermot Kennedy),MEDUZA
-0.4402370549948636,-0.9219094245151989,-0.4909214110487731,1681,1,Bel Mercy,Jengi
1.5047624722324886,1.92368854754685,-1.0471092795671393,1680,1,The Nights,Avicii
-0.3900224682344094,-0.7096352487335411,-0.5595387778453145,1684,1,Run,OneRepublic
-0.43600362086392513,-0.4608101184170098,0.8214721523015281,1686,0,Bad Habit,Steve Lacy
-0.3059604621102651,0.025097782474685332,-0.348012004875603,1677,1,Hate Me (with Juice WRLD),Ellie Goulding
0.22529173386607823,-1.267981876798992,-1.6185868982274174,1691,1,Wellerman - Sea Shanty / 220 KID x Billen Ted Remix,Nathan Evans
0.053311162262333234,0.3325414908727738,-0.18229862845884628,1694,0,Mi Cuarto,Jerry Di
-0.3776161964848578,-0.9245063546576221,-0.780834826601635,1689,1,Commas,Ayra Starr
-0.5337304773961051,-0.6439298006991054,0.4595998891289365,1690,1,Dial Drunk,Noah Kahan
0.7981324863532364,-0.5447760799510154,0.05256826668359157,1697,1,Angels Like You,Miley Cyrus
-0.1217594490193376,0.812279181341973,-0.2812587517769686,1692,1,Dime Cómo Quieres,Christian Nodal
0.2498195995767593,3.2551017804140012,-0.8747720676402488,1696,0,Without Me,Eminem
-0.3776093005062933,-0.9518343303392238,-0.8383413330562848,1693,1,Call It Love,Felix Jaehn
-0.5207791398434575,-0.22843853631168642,1.0984271510347423,1695,0,Rodeo (Remix),Lah Pat
-0.40608444332603055,-0.9076333701839296,-0.39721897467898354,1698,1,Head Down,Lost Frequencies
-0.29983865848245583,0.4046155252285973,-0.2965613947361143,1702,1,Vete,Bad Bunny
2.5099178460339577,-0.4913676497075582,0.2990306742853355,1707,0,What If,Johnny Orlando
-0.48023808579607014,-0.8644941783380481,-0.5671330812742409,1699,0,TRUCK BED,HARDY
-0.34206252623571215,-0.6727133009257735,-0.7491112436648208,1705,1,Chosen (feat. Ty Dolla $ign),Blxst
-0.12804295271112504,1.1726767880304017,-0.04890981740261909,1700,1,Que Tire Pa Lante,Daddy Yankee
-0.5632239599888246,-0.502143770866731,1.0063445189169464,1701,1,Where the Wild Things Are,Luke Combs
-0.3298822758832339,-0.1687694627056167,-0.03956693633462784,1703,0,Jaldi Chhoda Ghare Bullet Se,Vinay Pandey Sanu
-0.43094771215153327,-0.6446229615135831,0.3954557309886759,1706,1,REINA,Mora
0.26052971165151173,-0.06636141976875914,-0.3311584886787479,1704,0,ANTIFRAGILE,LE SSERAFIM
-0.2853357631270626,0.5368776154125368,-0.03306772892313276,1719,1,This Girl (Kungs Vs. Cookin' On 3 Burners),Kungs
-0.5091000947348124,-0.9207411774777765,-0.47869356715521366,1716,1,Dreaming,Marshmello
3.2047885044716895,-1.4422973906250764,-0.5774912225857882,1718,0,Own Brand Freestyle,FelixThe1st
-0.5497505364823001,-0.487747664417002,1.0719447704768652,1712,1,Pussy & Millions (feat. Travis Scott),Drake
-0.4522160117868911,-0.2579356113288834,-0.020534241343101913,1717,0,Sent Gamkauwa,Shivani Singh
-0.4162871984846928,-0.8575323241529714,-0.17792784982468018,1710,0,Bulletproof,Nate Smith
-0.4040620293544038,-0.17509651419771743,0.23742938064242675,1714,1,I Hope,Gabby Barrett
-0.17320625429197686,-0.1945500688682169,-0.7035151456243026,1709,1,"...And to Those I Love, Thanks for Sticking Around",$uicideboy$
-0.171198432876754,-0.40661943735093486,-0.931548325324801,1713,0,Bite Me,ENHYPEN
-0.347116367312271,0.48969351561702024,0.18753970862700514,1711,1,Promises (with Sam Smith),Calvin Harris
-0.2963949900499332,-0.8067290979387101,-1.1822300090056181,1715,1,Cover Me In Sunshine,P!nk
0.18286779179171958,1.4221639305225904,0.26118652301010153,1708,1,Outside (feat. Ellie Goulding),Calvin Harris
-0.4611347168950413,-0.5538451145339625,0.1870530814884901,1723,0,Bamba (feat. Aitch & BIA),Luciano
-0.44612886326383183,-0.6047733520944585,0.058507394034684135,1720,1,Sin Querer,Fer Vazquez
0.18404832893596282,1.7045178681458668,-0.5201334968957863,1721,0,Filhall 2,B Praak
-0.24392247031108524,0.25649513543990743,-0.6773227493236336,1724,0,TOMBOY,(G)I-DLE
-0.42496165532575997,-0.8169810932509234,-0.11651971108443417,1722,0,Everything I Love,Morgan Wallen
-0.33080939900733686,-0.20024185642082443,-0.036882413649258386,1731,0,বলবোনা গো আর কোনদিন,Md Faisal Ahmed
-0.18403089661628574,-0.7444314003740443,0.06523165235506463,1729,0,Butta My Bread,JZyNo
1.5347563452266253,-0.7357255266118672,0.009653316880146518,1726,1,Barking,Ramz
-0.36451691753998605,-0.5098241920349127,-0.14634846251159964,1728,1,One Of Them Girls,Lee Brice
1.3986013054831028,-0.44791143250879145,-1.4484994922228474,1730,1,INFERNO,Sub Urban
0.35808486964104125,1.172501367209683,-0.3888860303508998,1725,1,Hold On,Chord Overstreet
0.6374418745926906,0.024359808620589556,-0.14875069242908445,1727,0,Bipolar,Mc Davi
0.5007462826428414,1.137571895999182,-0.4622162187689656,1739,1,bury a friend,Billie Eilish
-0.31243684154893664,-0.05070422964667757,-0.06548112405533062,1736,0,Time Slowly Slippin',LAZA
0.34811482321838405,0.3575026511594683,-0.6291804368965361,1740,1,"Alone, Pt. II",Alan Walker
-0.4483663255659894,-0.48938243588348407,-0.021006013329294877,1741,0,El Tsurito,Junior H
-0.025531040199635195,-1.1860828088846436,-1.9805099912480297,1734,0,GOOD LOYAL THOTS,Odetari
-0.10236393810278134,1.6195166579399358,0.02060601818507544,1733,1,No Me Acuerdo,Thalia
-0.5174608001622847,-0.40378191133698477,0.5452920934774594,1738,0,Abcdario,Eden Muñoz
-0.24885416229354754,0.33920182342897415,-0.9645953053530734,1735,1,Freestyle,Lil Baby
-0.37433178404048195,0.4480833693186713,0.5755704422864414,1732,1,Una Locura,Ozuna
1.4381445824395356,-0.39057379474981374,-0.5450702871747362,1737,1,double take,Dhruv
0.025026546970540204,0.42779015960222494,0.20754034637674576,1747,1,Trip,Ella Mai
-0.4711137054772971,-0.49728734424382975,0.03479027951546237,1743,0,Ni Una Ni Dos,BM
-0.44484257870625016,-0.5907460457435973,0.6764604059654046,1750,0,Un Desperdicio,Rels B
-0.41657707270497457,-0.7167297085298019,0.08720206417854189,1746,0,El Boss,Gabito Ballesteros
-0.383942904970256,-0.4239705348204392,0.04393039840109171,1745,0,La Corriente,Bad Bunny
-0.4089354120422252,-0.66955742031808,0.0760865762336536,1749,0,POLARIS - Remix,SAIKO
-0.16438164947496461,-1.0423919094389265,-0.7161632566263093,1748,1,Love Tonight - David Guetta Remix Edit,Shouse
-0.46531054421590445,-0.8302573508453001,-0.0675569094081824,1742,0,5 Foot 9,Tyler Hubbard
-0.3141711429109535,-0.7263897688692185,0.06842240588656807,1744,0,Mejor Que Ayer,Diego Torres
-0.3722773618253541,-0.45644697297584125,0.023447996646740122,1751,0,Lalala,ati2x06
-0.40730497550410094,-0.378219178655833,-0.25592177825775103,1758,1,Broadway Girls (feat. Morgan Wallen),Lil Durk
0.36548247517809196,0.028549903502840004,-1.0798064760692863,1756,1,Se Te Nota (with Guaynaa),Lele Pons
1.7964736100735355,-0.748794593422344,0.8906892805611825,1759,0,Ameno Amapiano Remix (You Wanna Bamba),Goya Menor
-0.46856679397514855,0.11862497268887025,2.2855347282332685,1752,0,Canon and Gigue for Three Violins and Continuo in D Major: Canon,Sir Neville Marriner
-0.28776311868247634,0.05102884007831114,-0.09874712528116597,1760,0,See You Dance (Extended Mix),DJ Meetch
-0.3722773618253541,-0.45644697297584125,0.023447996646740122,1753,0,Cake By The Ocean - Cover,MUSIC LAB JPN
-0.20139477554245877,0.24977317352015443,1.1036752331888549,1755,1,MAMACITA,Black Eyed Peas
-0.482670821908238,-0.6238292686091045,0.40953415839578566,1757,1,I Took A Pill In Ibiza - Seeb Remix,Mike Posner
-0.32190055484323293,-0.12243856823099378,-0.051024506755604875,1754,0,No Fuss,Zeme Libre
-0.11245460054465427,0.8996328500022447,-0.29115027578350977,1766,1,El Efecto,Rauw Alejandro
-0.317582513367624,0.4442529125970338,-0.23051959561717897,1763,1,What Lovers Do (feat. SZA),Maroon 5
0.033847849104747564,-0.480113892974078,-0.015947509735265538,1762,0,Dream Girl,Izellah
0.18646468115157036,-0.7644326366694709,-1.1565028930760466,1764,0,Zona De Perigo,Leo Santana
-0.46425678374184864,-0.5060346051902651,0.07089972023397012,1765,1,Crazy Form,ATEEZ
-0.49241387021868976,-0.5658525187306487,0.05237454029714118,1761,0,Kehribar,Burak Bulut
-0.46193285461308464,-0.8665715868811436,-0.4283615771242549,1770,1,SAY MY GRACE (feat. Travis Scott),Offset
-0.531162685676665,-0.509330200941903,0.9345704683244724,1776,1,Drugs From Amsterdam,Mau P
-0.4469286928905592,-0.04585121740523874,1.6614883418274626,1768,0,M.A - Remix,BM
-0.49341285260462553,-0.7806231014127316,0.09691423240280285,1771,1,BBY BOO (REMIX),iZaak
-0.5120476512255244,-0.8261318387823822,-0.12002224956757603,1769,0,What My World Spins Around,Jordan Davis
0.259137395350623,-0.03030753643427161,-1.0368944576786752,1774,1,HOLIDAY,Lil Nas X
-0.04820868521108587,0.5511053533685953,-0.20438576729109922,1775,1,Beautiful People (feat. Khalid),Ed Sheeran
-0.4498837035380625,-0.232780552896829,0.7795078149889628,1773,0,Son Of A Sinner,Jelly Roll
-0.3722773618253541,-0.45644697297584125,0.023447996646740122,1767,0,On My Grind,OG Eat
0.15267526757710898,2.3611645265940133,1.664323898857575,1772,1,Animals,Maroon 5
-0.39798997877422787,-0.3934823477675886,0.46157450372708647,1777,1,Kurchi Madathapetti,Thaman S
0.7401445262925657,5.128431677215956,-0.785218178414857,1778,0,DNA,BTS
-0.46788177522807706,-0.6270675629577378,0.06156653903701704,1785,1,EXCESOS,Fuerza Regida
-0.38980437120066397,-0.7252496670219094,0.08020896188936424,1782,1,VVV,mikeeysmind
-0.2919235228393375,0.30976278205981933,0.00013105567644856493,1780,1,EL BARCO,KAROL G
-0.20932307455670976,2.108006805894896,1.1460203916416976,1779,1,Ahora Dice,Chris Jedi
2.2392933722283925,-1.0946102022375166,0.1379857520404954,1781,0,Breakfast Challenge Song (Slowly),SPENCE
-0.41356944508333854,-0.7380956493864713,-0.15706859734544878,1784,1,Heaven,Niall Horan
-0.4084688890193798,-0.7610357320377485,-0.39589028547220867,1783,1,Fingers Crossed,Lauren Spencer Smith
0.41510522887751117,-0.13857828640089886,1.0387008964085458,1789,1,This Side of Paradise,Coyote Theory
-0.023072371901146686,-0.015473644504384263,-0.1396028982632101,1794,0,Pipoco,Ana Castela
-0.13697917827840486,-0.44589900352008693,-0.7274023809895013,1791,1,Don't Go Yet,Camila Cabello
0.1413164863809078,-0.772423079273151,0.03742241746013863,1787,0,My Baby,Diamond Platnumz
-0.4911805667529694,-0.9080024604612844,-0.6050868558728572,1792,1,DNA (Loving You) [feat. Hannah Boleyn],Billy Gillies
3.185342251086703,-1.2333168343980114,0.24542440149063063,1788,0,The Magic Bomb (Questions I Get Asked),Hoàng Read
-0.06773960546295053,1.3156811694718105,-1.1628850662948018,1793,1,How Far I'll Go,Auli'i Cravalho
-0.1148861313919363,1.068524862418989,-0.3476347987027825,1790,0,Paani Paani,Badshah
0.009733995878249156,-1.0265961608324745,-0.7524777544037485,1786,0,Static,Steve Lacy
-0.4385876808037919,-0.3463657369288891,-0.03420113375590418,1800,1,Through Da Storm,Polo G
-0.39160802539946454,-0.5712336166185445,0.05133052974117468,1801,0,Sabran,AL SHAMI
-0.4795363240788968,-0.7687119188892714,-0.5825212805248332,1796,1,Komet,Udo Lindenberg
0.5838604521211047,4.351506039657338,-0.6957310273388528,1803,1,In the End,Linkin Park
0.08698446456857153,1.7773788333888834,0.24876865197477283,1802,1,La Bicicleta,Carlos Vives
0.2527965153645125,-0.24091837791456758,-0.05806744699585775,1797,1,Hecha Pa' Mi,Boza
-0.17835299343280267,-0.624636518537929,-1.0571815084591927,1798,0,SPIT IN MY FACE!,ThxSoMch
-0.13132395877798791,0.3282673454373043,0.2931279192746928,1795,1,Caramelo,Ozuna
-0.4356315483852574,-0.6985386703946981,-0.9533328930780776,1799,0,Calling My Spirit,Kodak Black
-0.39978469974385505,-0.882660362915429,-0.4242790086848066,1810,0,Virtual Angel,ARTMS
0.11014511087192896,0.37877513966228876,-2.539742427315602,1812,1,Everybody Dies In Their Nightmares,XXXTENTACION
-0.4498817494325273,-0.555025181284088,0.04263922600335396,1811,0,Maria Mariah,JC NO BEAT
-0.15892470262940891,1.3066300645858768,-0.38567234942314305,1805,0,"Shaitan Ka Saala (From ""Housefull 4"")",Sohail Sen
-0.06830073568251058,-0.9199065554090897,-1.0131632315134653,1808,0,FΛSHION,Britney Manson
-0.33462411962309097,-0.18915998147959717,-0.03313026885618242,1807,0,Spokojnie,HOT DONUTS
-0.08927615253837898,1.2436715494432333,0.1826285095978271,1814,1,Me Niego (feat. Ozuna & Wisin),Reik
-0.5203220112163011,-0.6212909231860761,0.7296841785546506,1813,1,"She’s Gone, Dance On",Disclosure
-0.3104969299378182,-0.6933384573875501,0.06032049610969211,1804,0,วาสนาผู้ใด,Parkmalody
-0.41104312058094494,-0.6855725096402542,0.07930829087712533,1806,0,Ma Fi Leil,Nassif Zeytoun
-0.11181311587949745,0.16048896835406656,1.468124692734904,1821,0,NEON BLADE,MoonDeity
-0.30951269819053234,-0.18686715702789036,-0.8668871694339075,1818,1,Ho Hey,The Lumineers
-0.3722773618253541,-0.45644697297584125,0.023447996646740122,1816,0,Corrido de Juan Armenta,Vicente Fernández
0.1700221128546,-1.095197285122209,-1.6260592440289612,1817,0,Frozen,Madonna
-0.2942337371457448,-0.5647418085357879,-0.32163440463976145,1823,0,Mahiye Jinna Sohna,Darshan Raval
-0.1498074375920386,-1.2003609796406534,-2.052630446283121,1819,1,Pain,PinkPantheress
-0.3931280790514262,-0.8157297083694206,-0.39336879084694687,1822,0,T.B.H,QWER
-0.21732474322833711,0.8614129502526087,-0.27021129269713845,1815,1,Arms Around You (feat. Maluma & Swae Lee),XXXTENTACION
-0.0866320418997785,1.5979347218180178,-0.48669126337325364,1820,0,Titliaan,Afsana Khan
-0.3901380280387441,-0.3497772394351595,0.44304104187056503,1827,0,Save Your Tears,The Weeknd
-0.42679288862958725,-0.8553426315124357,-0.5839137387155029,1826,1,Padam Padam,Kylie Minogue
-0.38714058038015703,-0.5417974966703276,0.04473580756203762,1829,0,Pacto (feat. Bryant Myers & Dei V) - Remix,Jay Wheeler
-0.04536167884782295,-0.9993314435586995,-0.8036914529668181,1830,1,Finesse,Pheelz
0.3168200944418899,2.466972072000383,-0.30925108158585396,1834,1,Bad Blood,Taylor Swift
0.012325310347192078,-0.9086078799432615,-0.22952056010908028,1828,1,SNAP,Rosa Linn
-0.517652459644542,-0.4004893163237795,1.224336330976727,1831,1,La Intención,Christian Nodal
-0.4912975078949981,-0.8437052221611341,-0.5087432828681488,1825,1,Crazy What Love Can Do,David Guetta
-0.49447610662393865,-0.7059022293125423,-0.05254088187859285,1824,0,Man Made A Bar (feat. Eric Church),Morgan Wallen
-0.4889114120368173,-0.6189378940633972,0.06373361906401864,1833,1,Volví,Aventura
-0.2491835181890442,0.7940033657628284,-0.285635481630242,1832,0,Bijlee Bijlee,Harrdy Sandhu
-0.061441511968764045,-0.1735726722282213,0.05786672524912141,1839,1,Super,SEVENTEEN
-0.3745505782517371,-0.20983166577170334,0.3346611548327862,1835,1,Diamonds,Sam Smith
-0.38046972489462755,0.7860019191740889,1.4595389460758075,1837,1,Do I Wanna Know?,Arctic Monkeys
-0.403315200381154,-0.7170599564159275,-0.07243155485652307,1838,0,Self Love (Spider-Man: Across the Spider-Verse),Metro Boomin
-0.38866576606023473,-1.0340300407535177,-0.8483726901862785,1841,1,It's Not Right But It's Okay,Mr. Belt & Wezol
-0.40570426112201197,-0.9155121011741083,-0.4158599151096531,1836,0,Sweet Dreams,Koe Wetzel
-0.411512109096375,-0.8831608444662434,-0.2829275456992038,1840,0,Mittelmeer,Pashanim
0.11049201594818427,1.8155482033808936,0.5580157693572296,1842,1,Another Love,Tom Odell
-0.12060176450532344,1.1342043058098663,-0.9531569278892501,1849,1,Djadja,Aya Nakamura
-0.40270502593342217,-0.9246360682295907,-1.2168665619520354,1848,0,LOOK DON’T TOUCH (w/ cade clair),Odetari
-0.5066741371003527,-0.22711277204695485,0.8725701189185522,1847,0,We Are The People - southstar Remix,Empire Of The Sun
1.0737868705889169,-0.14548509432622203,1.924362324620603,1845,1,"Body (Remix) [feat. ArrDee, E1 (3x3), ZT (3x3), Bugzy Malone, Buni, Fivio Foreign & Darkoo]",Tion Wayne
-0.4384622728019499,-0.18724648073819997,-0.03942309363909854,1846,0,Piyar Farak Wali,Pawan Singh
0.4875805985493359,2.1477576901629782,-0.42062922059195895,1850,1,Timber (feat. Ke$ha),Pitbull
0.3595630127163401,-0.8969405708597912,0.15858154526564563,1844,0,Little Life,Cordelia
-0.43010797147144497,-1.0139648840389295,-1.4086781204705139,1843,0,LOVE YOU BETTER,Future
-0.2615929558872242,0.05581329504222932,-0.42078883298672337,1851,1,Woah,Lil Baby
0.4814818173962433,3.6278392096235588,-0.613903128591488,1858,0,As If It's Your Last,BLACKPINK
0.01471081808042538,0.5270625529053972,-0.23025152659912854,1863,1,679 (feat. Remy Boyz),Fetty Wap
-0.49427924404674706,-0.6716308684624372,-0.12304783472433475,1856,0,DE LUNES A LUNES,Manuel Turizo
-0.5003136827726461,-0.8031948705381384,-0.23656190841492447,1859,1,Whistle,Jax Jones
1.3514735247404104,0.8715074935469203,-1.9963140437701319,1864,1,Look At Me!,XXXTENTACION
-0.48978610222774915,-0.33460863013741154,1.4379471905793004,1860,0,Thang For You (feat. No Cap),Rylo Rodriguez
-0.4718152342884733,-0.8848186249158912,-0.3557960430022397,1854,1,Before You Leave Me,Alex Warren
-0.37680370400826335,-0.45006634693994385,0.011658945619558913,1861,0,2Humpy is Back,2Rare
-0.09791257053823674,-0.19717556691618235,-0.38483416667246767,1855,1,XO Tour Llif3,Lil Uzi Vert
-0.14639474117740012,0.9334553703741774,-0.4792503978511481,1857,1,"break up with your girlfriend, i'm bored",Ariana Grande
-0.4681986906361611,-0.7222459608063534,-0.09946088076469582,1853,1,la noia,Angelina Mango
0.11222360945900962,0.6928880614198246,0.22191533073104974,1852,1,Nothing Breaks Like a Heart (feat. Miley Cyrus),Mark Ronson
0.12373425393429602,-0.7018608715556766,-0.4737422953531395,1862,1,TUS LÁGRIMAS,Mora
-0.36601626473287635,-0.36168384381314395,0.011429366102812097,1876,0,The EPA Song,Ants on a Log
-0.3586642122218249,-0.3108566097738764,0.0004527572757240525,1871,0,La solution,Marka
3.1520318578215645,-1.1267731285432665,-0.40497129674299975,1873,0,Pump,Valentino Khan
-0.4415626820613573,-0.05524135787933777,0.6502926507643609,1875,1,Higher Love,Kygo
0.8239318078384319,-1.0322974769375994,-0.4985899748863669,1868,1,WORTH NOTHING (feat. Oliver Tree) - Fast & Furious: Drift Tape/Phonk Vol 1,TWISTED
0.22969803103150735,3.1061375525315995,-0.7120658280349844,1869,0,Friends,Marshmello
-0.26603821573233516,0.18125668480018503,-0.1301466149309374,1866,0,Entre Nosotros (Remix) [con Nicki Nicole],Tiago PZK
-0.306430594414681,0.2621023469811433,-0.05749840887824087,1865,1,Love Lies (with Normani),Khalid
-0.4067952998846827,-0.6508353174815782,0.07268765857467692,1867,0,Tal Para Cual,Salastkbron
-0.28314814758519097,0.20106478561486638,-0.5206419918511965,1877,1,El Tóxico,Grupo Firme
-0.42182134055817866,-0.7508878908357147,0.09492294271365,1874,1,Sorriso no Rosto,Mc IG
-0.2108261896161391,-0.3058915668308527,-0.5572283301971473,1878,1,"jealousy, jealousy",Olivia Rodrigo
0.1995259683422808,2.2897619150334445,0.26140898759455533,1872,1,Shaky Shaky,Daddy Yankee
-0.1490758066979833,1.4957179027937362,0.10486880391997071,1870,1,El Amante,Nicky Jam
-0.5159088352562201,-0.3743486622051252,1.020738081637952,1881,0,ICU,Coco Jones
1.0913778258236861,1.209623337862587,0.17231224792922317,1879,1,Way down We Go,KALEO
0.11224183262210277,2.826939727457646,-0.11230490036189941,1882,1,24K Magic,Bruno Mars
-0.5268620112974239,-0.055250264738450815,1.218732979214374,1880,0,Joy (In My Own Time) - Tribe Song,DAMIEN
0.06348909197590787,2.2554139372064532,-0.48133074305027174,1883,1,PILLOWTALK,ZAYN
-0.3845476106869684,-0.8292963181197,-0.5114249235219698,1886,0,Enemy - Radio Edit,Imagine Dragons
-0.4707795345739476,-0.832795548096585,-0.5879836015076685,1884,1,When It Comes To You,Fridayy
0.3449582398678387,-0.8346592149439939,0.021984924911532804,1891,0,Semangat Kerjanya Kawan,Aldo Zee
-0.05301206315790097,1.6304026847752866,-0.4976412187524431,1889,0,Libaas,Kaka
-0.2854968973301217,0.530101759254942,0.6576723407264782,1888,1,OOOUUU,Young M.A
-0.5238122285129394,-0.7795990709851315,0.005286175772882807,1885,0,Flooded The Face,Lil Uzi Vert
-0.4836515136251739,-0.6463128101503691,0.06595691659807498,1892,0,"90-90 Nabbe Nabbe (From ""Jatt Nuu Chudail Takri"")",Gippy Grewal
-0.2601385453509827,0.19755040114072028,-0.13768407169644645,1890,0,"Ranjithame (From ""Varisu"")",Thalapathy Vijay
-0.4755172392616383,-0.5337756709724344,0.11477218509425267,1887,1,X SI VOLVEMOS,KAROL G
-0.22576582770254397,-0.9385026925123059,-0.6585068665090924,1894,0,IT GIRL,Aliyah's Interlude
0.8201637024600973,-0.7745552017623462,-0.6450284395651559,1900,0,It's A Wrap - Sped Up,Mariah Carey
-0.3679781092840565,-1.1144208970053098,-1.2540851274072966,1896,1,Never Be Lonely,Jax Jones
-0.13724132274319076,1.7928567385754615,0.8140643772321359,1898,1,"Give Me Everything (feat. Ne-Yo, Afrojack & Nayer)",Pitbull
-0.3842083433660087,-1.0640886301531614,-0.9593447964467897,1895,0,SPIT IN MY FACE!,ThxSoMch
1.0335358790301077,-0.6553546787867569,-0.35130630143213204,1901,1,Iko Iko (My Bestie),Justin Wellington
-0.4377581590981744,-0.7069457846850574,0.3684226809770091,1902,1,Beat Of Your Heart,Purple Disco Machine
-0.40714806388795455,1.2484229907356388,2.2997653869533257,1897,1,Low Life,Future
-0.37278096028840985,-0.43866704624014435,-0.8095981735083505,1899,0,Oi Erro - Ao Vivo,Simone Mendes
-0.13988631885561176,0.4916651914221261,0.12859112079457552,1893,1,"These Days (feat. Jess Glynne, Macklemore & Dan Caplen)",Rudimental
-0.4200224092080129,-1.0377202745286929,-1.0188554849320521,1903,1,Been Like This,Meghan Trainor
-0.48522225832028126,0.2180968469440258,2.676814477862756,1910,0,Rich Baby Daddy (feat. Sexyy Red & SZA),Drake
-0.2847633803745603,0.33201218674215943,-0.8953518797892408,1907,1,Light It Up (feat. Nyla & Fuse ODG) [Remix],Major Lazer
2.0353060189415113,-0.7385868223504763,-0.7429455286924453,1909,1,The Weekend - Funk Wav Remix,SZA
-0.3457880928691102,-0.3395068609400951,-0.01574119010800691,1904,0,Un Coco,Bad Bunny
0.0003663300717362665,1.0489101672494674,-0.7804533321197515,1908,1,Tutu,Camilo
0.4192253151531026,1.1645182762845265,2.0696968260962594,1911,1,Tadow,Masego
-0.38926223937283116,-0.5977695162845343,0.10802685833279135,1906,0,Heart Like A Truck,Lainey Wilson
-0.4570390171366928,-0.6219953444644557,0.7652789423362008,1905,1,Honey Boy (feat. Nile Rodgers & Shenseea),Purple Disco Machine
-0.46312643391379454,-0.2778424330091897,-0.0072689735690550875,1915,0,Creeper Star,Leo Walrus
-0.2685435477532142,0.2895318404668262,-0.14999339749991195,1916,0,Ya Acabo,Marca MP
55.66765128563523,-9.55583691933045,5.691675302230699,1918,0,Love You So,The King Khan & BBQ Show
-0.4816945589097699,-0.8731960400361443,-0.7056288100005499,1914,0,DOGTOOTH,"Tyler, The Creator"
-0.4173377587933722,2.794431804167246,8.829147806848155,1912,1,All Too Well (10 Minute Version) (Taylor's Version) (From The Vault),Taylor Swift
-0.1834987238390724,0.9442891428755232,0.3064103890231448,1917,0,"Srivalli (From ""Pushpa The Rise Part - 01"")",Javed Ali
-0.3941439599584847,-0.3258525053095928,0.5371506989842052,1913,1,Go Back (feat. Julia Church),John Summit
-0.41190369859386045,-0.9547038056454703,-1.7233547532502804,1923,1,Did It Again,Lil Tecca
-0.4226642747534399,-0.7515458456964523,0.09591323361901555,1919,0,"QUÍTENME EL TELÉFONO (feat. Yandel, Jay Wheeler)",The Academy: Segunda Misión
-0.13251829588969863,0.8987642509946104,-0.09045700250595175,1920,0,"Kalaastar (From ""Honey 3.0"")",Yo Yo Honey Singh
-0.276887707025128,-0.6615306496754397,0.08419265228636777,1927,0,"Tshwala Bam (feat. S.N.E, EeQue)",TitoM
-0.3108263210414601,1.3599065178891692,1.3359415295512929,1928,1,Firestone,Kygo
1.381689556465128,1.7264522579991282,0.06558873606347036,1924,1,Cheap Thrills,Sia
-0.36420560175403727,-0.7721125830361766,-0.5714736980935058,1925,0,GOSSIP (feat. Tom Morello),Måneskin
-0.534013081159545,-0.3327250984815452,1.33418031371339,1921,0,Meridian,Dave
-0.4379011745185528,0.2763276967084814,2.1116518551497663,1929,0,Ten by Ten,Carrier
-0.4873185783348029,-0.359829372617705,0.427384640861605,1922,0,Царица,ANNA ASTI
-0.4907949639395139,-0.6875255770922901,0.07983391163395076,1926,1,LOU LOU,Gabito Ballesteros
0.31311014030742834,2.0051386478371165,0.2930629112769447,1934,1,Dangerous Woman,Ariana Grande
0.5314163306910143,4.571573347834836,-0.14956532491782376,1939,0,ON,BTS
-0.3473315659330186,3.6328064249309633,6.198304673416026,1930,1,Problem,Ariana Grande
-0.3537119337371276,-0.9684981983502512,-0.9764923984012328,1936,1,SUPERMODEL,Måneskin
-0.33740353082392194,0.08636387088325487,-0.5333914210874895,1935,1,Don't Call Me Up,Mabel
0.045444395083313466,-0.46814615541786264,0.5801386208585272,1932,1,Bodak Yellow,Cardi B
-0.19756402133929424,0.6003576662316417,1.1436003248231064,1933,1,Latch,Disclosure
-0.4500351484400933,-0.8918700114877752,-1.0233843958113396,1938,0,Mourning,Post Malone
-0.4255133034469257,-0.686281259967588,0.2614589607413516,1937,0,300 Noches,Belinda
-0.3220349390802911,0.42095338849919933,-0.07589601836831401,1931,1,How Do You Sleep?,Sam Smith
-0.17427484830108078,-1.1085354239341916,-1.9603618890182541,1942,0,BAIXO,xxanteria
-0.4203598473084819,-0.7806550530850032,0.09180731770485584,1940,0,Asylum,Olivetheboy
-0.41676993701244347,-0.19072277864609452,1.0686931677705955,1941,0,American Boy (No Rap Version),Estelle
0.3757101189216775,-0.8762777324512848,-0.1722920524247937,1944,1,ceilings,Lizzy McAlpine
-0.2975600487439763,1.0082715849136754,0.3082936335817032,1943,1,Love On The Brain,Rihanna
-0.4876792793396134,-0.6285877637814759,0.31533859450938606,1948,0,HIBIKI,Bad Bunny
-0.3666433694279111,-1.1466991950907466,-1.3287757141168763,1946,1,GATITAS SANDUNGUERAS VOL.1,Alvaro Diaz
-0.41331619658568014,-0.21134964477975082,0.9875559108640313,1945,0,Gangsta's Paradise,Coolio
-0.3120806235747242,0.2959742508950037,0.49993239078231655,1947,1,Broccoli (feat. Lil Yachty),DRAM
-0.4245880918415974,-0.3937637823816812,0.8364948896641212,1958,0,LOST!,RM
-0.24666369723833337,0.431956908631261,0.11967360327928026,1949,1,Stay (with Alessia Cara),Zedd
-0.15366020586543963,-0.989566452278446,-2.045163067171097,1950,0,YuNg BrAtZ,XXXTENTACION
-0.24507485462920298,0.6619455694356798,0.45565125070891954,1957,0,"Saami Saami (From ""Pushpa The Rise Part - 01"")",Sunidhi Chauhan
-0.4583384155334044,0.38635862364397244,1.2093289642690515,1954,1,Facas - Ao Vivo,Diego & Victor Hugo
-0.09147153511908505,1.1955775087120448,-0.3807861982395148,1959,0,Thoda Thoda Pyaar,Stebin Ben
-0.2089057620675552,1.422957714572253,0.05393453312327111,1960,1,Black And Yellow,Wiz Khalifa
-0.11733813280150784,-0.7415380083999464,0.08503249552885517,1956,0,SKEU SKEU (SPEED UP),Jogga
0.7171867892922266,-0.3400675920519051,0.06927797807139148,1953,1,Sahara,Hensonn
-0.36625720859491684,-0.22891768722325534,0.3910007486563296,1952,0,"Leke Prabhu Ka Naam (From ""Tiger 3"")",Pritam
-0.3221500285558219,-0.7558237833972413,-1.15417215280459,1955,0,Yeah Glo!,GloRilla
-0.2023706777286549,0.7225830390166722,0.9047692963986369,1951,1,The Search,NF
-0.3722773618253541,-0.45644697297584125,0.023447996646740122,1972,1,Save Me (with Lainey Wilson),Jelly Roll
-0.40907331582095263,-0.6704263914576455,0.07628808734224508,1970,0,Tacos Gucci,Anuel AA
-0.08586124952292526,-0.9560094780642185,-1.051538081801578,1962,0,wiggy,Young Miko
-0.35519522248607827,-0.0032374995931624653,-0.528890956663655,1969,0,Nxde,(G)I-DLE
-0.1736523203612328,0.7678071202016902,-0.7434447379466088,1963,1,Vaina Loca,Ozuna
-0.4576110315271711,0.07984141935840043,1.1673966418414505,1961,0,Street Runner,Rod Wave
-0.3474497150023111,-0.009180224469097652,-0.18592834435099723,1971,1,Pure Water (with Migos),Mustard
-0.05221202921642915,2.431205209551603,0.03421891128256508,1966,1,Ay Vamos,J Balvin
-0.4122971224116936,-0.6913849635548714,0.08103229181725065,1967,1,Samba de Malandro,MC Paulin da Capital
-0.42345056584374174,-0.7573479819174356,0.09710616707596567,1968,1,Entre las de 20,Bizarrap
-0.2969980705204663,2.8937963562368716,4.283116843574991,1965,1,We Found Love,Rihanna
-0.2919025139773508,-0.9364718220428844,-1.8647641654876312,1964,0,Barbie World (with Aqua) [From Barbie The Album],Nicki Minaj
0.08324897484760753,-0.6912271118120745,-0.652129504582323,1983,1,Shut up My Moms Calling,Hotel Ugly
-0.04783375272393516,-0.6716148087201875,0.47391654166069647,1975,1,Hell N Back,Bakar
-0.5201457381681598,-0.5779535232254649,0.565965009794091,1978,1,Stand By Me (feat. Morgan Wallen),Lil Durk
-0.3722773618253541,-0.45644697297584125,0.023447996646740122,2192,0,Wake Me Up (Remix),Nick White
0.7785988363848261,0.4617577531982272,-0.29950797955378994,1976,0,Yaad Piya Ki Aane Lagi,Neha Kakkar
0.6108877947828739,-1.0450159936065364,-0.3059802085617792,1982,1,A-O-K,Tai Verdes
-0.3181174971408893,0.08523269909206221,-0.057192588625041375,1980,1,Shotgun,George Ezra
-0.5294280731568325,-0.49600182468881,0.7838472510173385,1973,1,Kiss Me,Dermot Kennedy
-0.380708794937716,-0.8309179074203878,-0.5799792414601092,1977,1,COCO LOCO,Maluma
4.4838968460759725,-1.1437523600871158,0.36086418153107597,1974,0,Sunny Day,Matteo Rossanese
0.1407907190251137,2.6825852658192173,-0.7213950952329763,1981,0,"High Rated Gabru (From ""High Rated Gabru"")",Guru Randhawa
-0.5116095755160903,-0.8457950819934067,-0.29849679094040477,1979,0,"I spoke to the devil in miami, he said everything would be fine",XXXTENTACION
-0.38472553153244843,-0.8049521252333697,-0.6474355460967144,1999,1,Goosebumps,HVME
0.2146455466281443,-0.8345339871453701,0.04944886821528545,1994,0,Tết Bình An Remix,Hana Cẩm Tiên
-0.31858691836846154,-0.11057233956925336,-0.05539887187610379,1998,0,Aigiri Nandini,Nagavalli
1.7850943860584325,-0.23961456681553917,0.6890329694113599,1996,0,Rolex,Ayo & Teo
-0.32934310343489487,-1.3681081448427754,-2.203300263946695,1986,0,on one tonight,Gunna
-0.38303168425223577,-0.392218646104919,0.2760947256378026,1995,1,You & Me - Rivo Remix,Disclosure
-0.49354791218860805,-0.8049283493038929,-0.19547625722157705,1985,0,Whiskey On You,Nate Smith
-0.264553737491811,-0.4371229446321435,0.023638612050323093,1992,1,Nostálgico,Rvssian
1.5137340281765552,0.9157730333282248,0.025665354325019932,1988,1,NO,Meghan Trainor
-0.24400445625939293,0.7424406159175115,-0.5283562673223207,1997,1,HP,Maluma
-0.417333556491844,-0.7949271781467737,-0.046493852311876485,2000,0,I Smoked Away My Brain (I'm God x Demons Mashup) (feat. Imogen Heap & Clams Casino),A$AP Rocky
0.2924516595575694,0.8495854639146845,-0.38011385155680244,1987,1,I'm a Mess,Bebe Rexha
-0.42529542088947125,-0.4834106474970611,-0.4507256523897668,1990,0,Un Ratito,Bad Bunny
-0.4273941526039387,-0.49850781640973685,-0.1943357674520437,1991,0,Mamaw's House,Thomas Rhett
-0.42350344455514516,-0.7556388710033388,0.09707747507966395,1993,0,Sezen Aksu,Lvbel C5
-0.3160347980070427,-1.4642918547534034,-2.8702763861495835,1984,0,hotline (edit),Billie Eilish
-0.18404786709158624,1.8889688489213512,3.0934339665522192,1989,1,One More Night,Maroon 5
3.399240592121078,-0.8464487688630375,-0.002059815987520194,2001,0,Can We Kiss Forever?,Kina
-0.46084158461503366,-0.48611194999121454,0.03265784795426429,2008,0,Sigue,Beny Jr
-0.23678570143038966,1.0633490254735887,-0.16157290407853386,2006,1,Desconocidos,Mau y Ricky
-0.04767283749954347,-0.6207638150447663,-0.5902861357579315,2005,1,After Party,Don Toliver
-0.29111269720094973,-0.2410402076522941,-0.033031406235740725,2002,0,Fluxxwave,Clovis Reyes
-0.04924081952193511,1.8015850329198808,0.277807266040856,2003,1,We Can't Stop,Miley Cyrus
-0.40220179844694903,-0.8990609724806385,-0.5443070913378845,2007,1,Buy Dirt,Jordan Davis
-0.42953445287100595,-0.7363764530521396,-0.8734502875084648,2004,0,Las Morras,Peso Pluma
-0.14212742704878567,0.6307327471802161,-0.24091328343796642,2013,1,Mamichula - con Nicki Nicole,Trueno
-0.43495839880702897,-1.029811219261458,-0.9140639919796746,2015,0,Fighting My Demons,Ken Carson
0.4712516641693517,4.69406916813523,-0.2549408787899107,2010,0,FAKE LOVE,BTS
-0.007408889115995743,2.4104491124563654,0.5244190980618024,2022,1,The Sound Of Silence,Disturbed
-0.3400564022089481,-0.3507863516861776,0.3251952656371198,2016,1,Higher Power,Coldplay
0.2894921182156313,0.12179751392816018,-0.1429307828280997,2018,1,The Perfect Girl,Mareux
0.27072513713363683,1.9075467934587886,0.7263227909637502,2020,1,Yeah! (feat. Lil Jon & Ludacris),USHER
-0.41108680461396885,-0.8683838185705163,-0.2601906994575231,2011,0,Swear to God (feat. Future),Tee Grizzley
-0.32888015168224444,-0.46161877217657377,0.02435586732678785,2012,0,Prohibidox,Feid
-0.3647435494704325,-0.3666719250433554,0.3799628533144995,2014,1,LOVE. FEAT. ZACARI.,Kendrick Lamar
0.3057421818429453,3.5394080112850435,-0.9529565567197988,2019,0,Joga o Bum Bum Tam Tam,MC Fioti
-0.3261731358870561,-0.7404997779484906,0.09575766050478123,2021,0,Montagem Mysterious Game,LXNGVX
-0.2261710897096599,-0.5543920385869916,-0.26485100679745754,2017,0,soso,Omah Lay
-0.4080471740828449,-0.7391174422664056,-0.055939429444990245,2009,0,SEDA,Bad Bunny
-0.43521790844767355,-0.6053979376771943,0.5350933166246524,2023,1,Lace It,Juice WRLD
-0.2677617870815651,0.6369858640864502,1.5540235601818746,2033,1,You Say,Lauren Daigle
-0.46421072634936145,-0.45156078126011634,0.16186201835323002,2029,0,Watch The World Burn,Falling In Reverse
-0.4212247203069306,-0.2513062347947756,0.2000656508900277,2030,0,"Hukum - Thalaivar Alappara (From ""Jailer"")",Anirudh Ravichander
-0.43506609327368806,-0.7082393374823215,-0.9071623875746794,2025,0,With You,AP Dhillon
-0.41687115914615996,-0.7209110131383992,0.08775258856309504,2026,0,HUMO,Chencho Corleone
-0.054133064101377554,0.9528227134898886,-1.9213604775140254,2035,1,I Love It (& Lil Pump),Kanye West
0.6371063153700229,-0.8205958873750699,-1.0640949800972515,2031,0,Love Songs - Bonus,Kaash Paige
-0.31959079076947317,-0.36829466602543515,-0.0010377076149073747,2027,1,Me Atraiu - Ao Vivo,Gabriela Rocha
-0.3602586466623924,-1.2069065234053167,-1.521594933477908,2034,1,LET'S GET FKD UP,Alok
-0.4110641073118686,-1.0775373576583058,-1.4607020130241364,2028,0,I LOVE YOU HOE (w/ 9lives),Odetari
-0.5379247336925307,-0.3814327629584568,0.9997351792022995,2032,0,HAPPY,NF
0.3891926323388048,3.962147572594121,-0.05292767714742076,2024,0,BOOMBAYAH,BLACKPINK
-0.3357963342270279,0.3216743445959826,-0.166367357892141,2040,0,Min Awel Dekika,Elissa
-0.3106714414991157,-0.5730124950007063,0.056795704427534864,2038,1,cómo dormiste?,Rels B
-0.40350309615020186,-0.6484166117054512,-1.2570034186332155,2042,1,my ex's best friend (with blackbear),mgk
0.06164264825541141,0.3825357348976535,0.9797503445983945,2046,1,Parce (feat. Justin Quiles),Maluma
-0.46258034755591726,-0.5831911539112419,0.05440246091738458,2041,0,¿Cuál Es Su Nombre?,Lucky Brown
-0.06080462896962847,1.6683996859080736,-0.22638874641952497,2045,1,Borro Cassette,Maluma
-0.46900076647018485,-0.6835884725673684,0.24519819880293844,2043,1,Wild Thoughts,DJ Khaled
-0.44720583412751186,-0.5544624534304847,0.7656543622859815,2044,0,L'ULTIMA POESIA,Geolier
-0.17862107597142884,1.8904173927052361,0.5755152140881317,2036,1,Where Are Ü Now (with Justin Bieber),Jack Ü
0.5944790922828377,-0.25079306495835274,-1.5758980926270036,2047,1,TKN (feat. Travis Scott),ROSALÍA
-0.4985051982903548,-0.3200110477662671,1.8424049455484768,2039,1,loml,Taylor Swift
0.19328670931990238,-0.4994782208807769,0.04665411226917166,2037,0,Está Dañada,Ivan Cornejo
-0.23474347726305722,-0.1633983744697488,0.6088611110456121,2054,1,In Your Eyes,The Weeknd
-0.5217819025036491,-0.8480379179380712,-0.19211148736419126,2048,0,Take Her Home,Kenny Chesney
-0.0807249615314263,1.0579691675952954,0.05283994686063752,2055,1,Don't Wanna Know (feat. Kendrick Lamar),Maroon 5
-0.48107427753249077,-0.70591974326367,0.07916227255709174,2064,1,Entra Na Defender,Luan Pereira
-0.30606781361845553,0.5634877129955614,0.7597131606725332,2050,1,Falling,Harry Styles
-0.2576634676806825,1.215029741267307,1.050898295894156,2052,1,Maps,Maroon 5
-0.3715622833708265,-0.5965656709656495,-0.6662510626269239,2049,1,We're Good,Dua Lipa
-0.1718917457852166,-0.6066683285895569,-0.8421528608505858,2063,0,Sip (Alcohol),Joeboy
-0.48231830331474945,0.1944414868892773,1.71495565409302,2056,1,Get You (feat. Kali Uchis),Daniel Caesar
-0.3453918728035409,-0.39190662067285453,-0.6951739096010001,2059,1,Body,Loud Luxury
-0.5219820789124705,-0.6564267318797968,0.28236737410265916,2057,0,One Thing At A Time,Morgan Wallen
-0.3916183047889236,-0.5499501185061847,0.05023794546418477,2051,0,Mentiras | CROSSOVER #3,Big One
-0.22980878431695934,0.05740722091976641,0.32224147937075903,2058,1,911,Sech
-0.4630232536684867,-0.8954725078624826,-0.5708627149444955,2061,0,Boyz Don't Cry,Rod Wave
-0.3776368202062371,-0.7353966689446029,-0.4127394367198787,2060,0,"Loser, Baby",Andrew Underberg
-0.42963936681635273,-0.7937839340036718,0.1060166221845457,2062,0,A Thousand Years,Aldy Santos
-0.4271374100031974,-0.43025462942160764,-0.07012993678000787,2066,0,You Make It Easy,Jason Aldean
-0.4268281920356285,-0.7747372643979681,0.1018396674993562,2065,0,Hoy,Valentino Merlo
-0.08407454460527156,0.032502791355106676,-0.87455233149069,2053,1,Suge,DaBaby
-0.45883890549010603,-0.41891707870237066,-0.03159556631188166,2068,1,ball w/o you,21 Savage
0.45860659284685995,0.47589930180352763,-0.496611338474344,2070,1,Money,Cardi B
-0.3665607301577736,-0.7633146708366488,-1.0282341645647928,2069,0,Queen of Kings,Alessandra
-0.4236345045729206,0.3115999716504456,0.9751401352371918,2071,1,Hasta Que Dios Diga,Anuel AA
-0.45941452677366923,-0.5573869246223663,0.917741549994101,2074,1,H.Y.B. (feat. Bas & Central Cee),J. Cole
-0.43812428172236445,-0.14635362463257,0.0512755294071849,2073,0,Hackearam-me,Marília Mendonça
-0.039431160564140644,0.9522983301083394,-0.23664475526050072,2072,1,No Type,Rae Sremmurd
0.030853393542521843,1.1348167214314364,-1.753866803920883,2067,1,MONTERO (Call Me By Your Name),Lil Nas X
-0.13850998617373406,1.0114887380937703,1.1071887959348736,2085,1,夜に駆ける,YOASOBI
-0.4524850697656914,-0.4986855468565403,0.15795571311061463,2078,0,Sand In My Boots,Morgan Wallen
-0.41201613048819885,-0.684467382104547,0.08035465546100558,2088,0,Fouji Fojan Lofi 2 (feat. Aamin Barodi & Sapna Choudhary),Raj Mawer
-0.2957271470148813,0.5199244116053272,-0.2142754558288639,2076,0,A Cara do Crime (Nós Incomoda),Mc Poze do Rodo
-0.48694974855272893,-0.46101584528041334,0.5929866689216334,2086,0,Overseas,D-Block Europe
-0.40195518674113234,-0.7373484529060634,-0.13582183244397625,2079,1,"I P’ ME, TU P’ TE",Geolier
-0.26823719262091295,0.03475708792727276,-0.5199363982838431,2075,1,Monster (Shawn Mendes &amp; Justin Bieber),Shawn Mendes
0.05776105902607053,2.2080760156497172,0.18446875602272245,2084,1,Last Friday Night (T.G.I.F.),Katy Perry
-0.5286350034999802,-0.5106099640778677,0.958568051897601,2077,0,Circo Loco,Drake
-0.23119553827868064,0.48047377533843016,0.0615641048512732,2083,1,Kiss Me More (feat. SZA),Doja Cat
-0.48327289685153585,-0.4981811759349148,0.036779939923844145,2082,0,Canın Sağ Olsun,Semicenk
-0.20609555039111876,-0.889897986630599,-0.4891010776493863,2080,0,Limbo,Freddie Dredd
-0.3114967449606794,-0.023144411130923425,-0.06797736797562386,2087,0,Laad Piya Ke,Raju Punjabi
-0.16931914003885032,0.8356932007718584,-0.2738105953273688,2081,0,Coco Cola,Ruchika Jangid
-0.12254084739515725,1.6840690568532544,-0.3994094496552386,2100,1,DUELE EL CORAZON,Enrique Iglesias
-0.45825161545374565,-0.7694641442735184,-0.2930963906470705,2091,1,The Code,Nemo
-0.52184151143041,-0.7280110546045611,0.08811242039589273,2102,0,Jálale alv,Bb trickz
-0.47065571199543793,-0.6422595107503285,0.06416972177346343,2098,1,A Puro Dolor,Gabito Ballesteros
-0.2826507111214342,-0.7610521976541788,-0.8836526692743556,2094,0,Baddie,IVE
-0.34791857473539856,-0.4590515943371542,-0.6124370009334659,2101,1,Prisoner (feat. Dua Lipa),Miley Cyrus
-0.2268352888222107,-0.5614227766693537,-0.6769720709052925,2099,0,Why Not,Ghostface Playa
-0.3587099342240215,-0.5023141164270377,-0.7130901749404188,2096,1,Got It On Me,Pop Smoke
-0.33053322411638436,-1.3571137289462236,-2.168135260120573,2090,0,intro (end of the world),Ariana Grande
7.79420271590637,0.5365779785312226,0.6399618479304571,2097,1,All I Want for Christmas Is You,Mariah Carey
-0.12514668586502076,1.3944058389610439,-0.23328106639343701,2093,1,La Rompe Corazones,Daddy Yankee
-0.4931564124076099,-0.6302846084971043,0.06605076887307965,2089,0,QUE ME FALTE TODO,Luck Ra
-0.3773830520116779,-0.4259541232013945,0.1433938076066323,2092,0,How To Fly (Abbey Road Remaster 2024),Sticky Fingers
0.4340297552949682,-0.5236817386945093,-0.014323803438182854,2095,0,Dj Dayak Full Beat Lagu Malihi Janji,Jeremya Ginting
-0.1843582283835384,0.680953710299961,-0.8855622533847813,2106,1,Si Estuviésemos Juntos,Bad Bunny
-0.36648687765055704,-1.1165465500544853,-1.2717059261758095,2104,1,360,Charli xcx
-0.3722773618253541,-0.45644697297584125,0.023447996646740122,2105,0,GATA ONLY (Con Cris MJ),FloyyMenor
-0.05940430137166938,2.1296057624684916,-0.3339877750215571,2108,1,El Perdón (with Enrique Iglesias),Nicky Jam
-0.35871521457651767,-0.5393380329709828,0.04212567981652742,2103,0,Love Scars,Trippie Redd
-0.5503374847136155,-0.43055130584191814,0.9882266849650342,2107,1,Die Hard,Kendrick Lamar
-0.07885458464365674,-0.8162670766241746,0.07565045640575592,2109,0,Akher Yawm,Ghaliaa
-0.4410518921874487,-0.597873492594253,0.12974058963614943,2114,0,Ascend,Dezko
-0.37503031648560775,-0.965111643065431,-0.8883820171686581,2117,1,SI SABE FERXXO,Blessd
-0.4556923714102455,-0.9349857905568695,-0.5624046922869017,2116,0,Wind Up Missin' You,Tucker Wetmore
-0.284026703735961,1.0915555566241142,0.7697068299935566,2118,1,No Limit,G-Eazy
-0.41339161986333356,-0.8669491590222792,-0.23049881767966748,2110,0,ten,Fred again..
-0.40265355158228844,-0.7231785439870033,-1.0622433893125316,2115,0,"Dance For Me (1, 2, 3) - Stutter Techno",Sonny Wern
0.12240953175067079,0.4492499990883801,-0.02419221059741475,2112,0,Paro,Nej
-0.446206269028875,0.05054972623540383,1.4471129749998368,2111,0,HOPE,NF
0.344810840204663,1.574914241967053,-0.5841412859641912,2119,1,On My Way,Alan Walker
-0.17124657990203884,0.40206860180531184,-0.7906696792972505,2113,1,You Need To Calm Down,Taylor Swift
-0.5043716287009492,-0.8506210235955677,-0.2789570579876892,2129,0,Dancin’ In The Country,Tyler Hubbard
-0.509300124200996,-0.24179394293244524,0.9680167742422775,2134,1,Starting Over,Chris Stapleton
-0.13015294155594914,1.9790254468519493,1.0897959726801636,2130,0,295,Sidhu Moose Wala
-0.41331619658568014,-0.21134964477975082,0.9875559108640313,2128,0,Gangsta's Paradise (feat. L.V.),Coolio
-0.4620858731944768,-0.24212564096907843,0.1819261416052237,2122,0,Gulabi Sharara,Inder Arya
-0.43702665676892377,-0.17346522753025162,1.0467875586211493,2126,0,Otro Atardecer,Bad Bunny
-0.5032216480352519,-0.632771869765496,0.06696071000557736,2132,0,İlle De Sen,Muti
-0.1845109918774924,-0.5337124117623,0.03627861192908715,2123,0,Soweto,Victony
-0.12043573898159543,-0.7851896081830022,0.07354474208043077,2127,0,Enjoy,Jux
-0.3860801793842447,-1.347669542004879,-2.38298015507999,2131,0,Poland,Lil Yachty
-0.3938529476390406,-0.5789059776240013,0.05427504531358652,2125,0,BBY BOO,iZaak
-0.47734454995513137,-0.6910032868912889,0.07581235416086142,2120,0,Brillarosa,Fuerza Regida
-0.49517452953483176,-0.5857255903212305,0.056095556455502675,2124,0,Bertaraf,Canbay & Wolker
-0.5176545782917791,-0.6149885584447846,0.7079802852763089,2133,1,U My Everything (feat. Drake),Sexyy Red
0.8539923898625997,0.5691236772935786,-1.7213921342247303,2121,1,Devil Eyes,Hippie Sabotage
-0.41162663634502833,-0.4617054119340819,0.5108164231477405,2135,1,m y . l i f e (with 21 Savage & Morray),J. Cole
-0.40552591008081723,0.06387856728959128,0.9461909088994113,2136,1,I'm Yours,Jason Mraz
-0.48132179281412246,-0.8298682694699973,-0.38947815256333523,2139,0,"Going, Going, Gone",Luke Combs
-0.44578714561441907,-0.5704323843956032,-0.05214347232761359,2141,1,HISS,Megan Thee Stallion
-0.04200526824342413,1.3056465663892836,0.8237021737888237,2142,0,Baarish Ki Jaaye,B Praak
-0.21826129808530856,0.16771756339480048,-0.15257898056599317,2144,0,Company,Emiway Bantai
-0.3853218452850868,-0.3785410562423229,0.3298965060611165,2140,0,get him back!,Olivia Rodrigo
-0.4743755128047924,-0.906906116445018,-0.8789340826637253,2143,0,LA PEOPLE,Peso Pluma
-0.36984390984344295,-0.4534259000597948,0.02053094977996597,2137,0,BRAZILIAN DANÇA PHONK,6YNTHMANE
-0.5133455830420732,-0.641262501519651,0.16669330419932935,2138,1,REACT,Switch Disco
0.41284421016151446,0.47214401270932976,-1.1977490232916097,2149,0,Ocean,KAROL G
-0.49440850062502256,-0.08916975950188,1.0208519390788158,2153,1,Wrecked,Imagine Dragons
-0.42033966095426456,-0.9626606722321678,-1.1351289728012697,2155,0,Think U The Shit (Fart),Ice Spice
-0.10751678702984016,1.1572849590273766,-0.3807981395650263,2148,0,Brown Munde,AP Dhillon
-0.3830892318000735,-0.508957965760821,0.038436492592932935,2146,0,"Kallo(Feat.Ajay Hooda,Pooja Hooda)",Komal Choudhary
0.16171485851318199,-0.34102276151137134,0.10464804112521164,2147,1,pov,Ariana Grande
-0.300319595535203,1.1281106412454147,1.0995876309254282,2154,1,Dancing On My Own,Calum Scott
-0.33651778587170567,-0.47351435870822933,-0.5228354137712153,2152,1,Stay With Me,Sam Smith
-0.5381944829487167,-0.7492201433856747,0.2001243718435028,2150,0,Back Then Right Now,Tyler Hubbard
-0.400192129836169,-0.9020146295339116,-0.46021736269687513,2145,1,Boucan (feat. Franglish),KeBlack
0.5917295707642397,-0.31879500447235176,-0.8671220731234521,2151,1,Fulanito,Becky G
2.911594918888654,-1.0762715314897946,1.1603311901757554,2156,0,Only Love Can Hurt Like This (feat. Teddy Swims) - Remix,Paloma Faith
-0.46936002449996894,-0.7827244767703676,-0.5086787053698899,2160,0,Business (feat. Naza),DYSTINCT
0.11407390071904626,0.4521782660703502,-0.537502436848121,2163,0,MANIAC,Stray Kids
-0.429683940564757,-0.7940280693735549,0.10607984932927823,2158,0,A Real Playa,Parsa Nani
-0.5113020287338581,-0.841859801549873,-0.13368928741288272,2159,0,Mona Lisa - Spider-Man: Across the Spider-Verse (Deluxe Edition),Dominic Fike
-0.17794865646295172,-0.5863019445744244,-0.4214588135773554,2157,0,ADIÓS,Maria Becerra
-0.2977033995707691,-0.9360158888475244,-0.8657697904478272,2162,1,Something About You,Eyedress
-0.409343681256382,-0.6779405343805056,0.07698462108629885,2161,1,Patadas de Ahogado,LATIN MAFIA
-0.3799130235180932,-0.16720802461503526,-0.508895411330038,2169,0,After LIKE,IVE
-0.3724444771526043,-0.4049087757919753,0.020963619942565345,2164,0,So Far,florias
-0.09413859678743677,0.6587754145114064,-0.10204122372701874,2166,1,idontwannabeyouanymore,Billie Eilish
-0.09943112076427664,1.0456996625128994,-0.3402986271950153,2168,0,Debo Entender,Santa Fe Klan
-0.4172797870227982,-0.7219252824642435,0.08826872503314703,2177,1,Vem Desestressar,MC PH
-0.08756546147555395,1.5812436313434108,-0.14139687023106962,2173,1,Darkside,Alan Walker
-0.4018732290323279,-0.7572809410697744,-1.0610654839981746,2174,1,Call Me Every Day (feat. WizKid),Chris Brown
1.3018441649304904,-0.29021591190597285,-0.28974571060317217,2165,1,World's Smallest Violin,AJR
0.8500151707550992,-0.5074179984679013,-0.16974808351203116,2176,1,Thot Shit,Megan Thee Stallion
0.12331078165956874,1.0276065339175213,4.052722526343909,2167,1,Money Trees,Kendrick Lamar
-0.4571148403667983,-0.32494867069998334,0.9907795642969199,2175,0,Si La Calle Llama - Remix,Eladio Carrion
-0.1322598361875082,0.9319181529379822,-0.3208399940065825,2171,0,Kusu Kusu (feat. Pamela Jain),Dev Negi
-0.439690443969953,-1.0282460601068417,-1.0335834398145893,2170,1,Waffle House,Jonas Brothers
-0.15040873231341173,-0.5998898948417368,0.06586659256342743,2172,0,Tacata,Tiagz
-0.496165608330989,-0.7063084744102407,0.11074541752156708,2180,1,Got Me Started,Troye Sivan
-0.37340148871804296,-0.8161906506904405,-0.2476880748757572,2178,0,Low,SZA
0.47533677228729826,1.5984587064237934,0.21046948301461205,2179,1,Night Changes,One Direction
-0.26936509496515804,0.6087182023628265,-0.21638486581006683,2182,1,De Los Besos Que Te Di,Christian Nodal
-0.2369775857109631,-1.017147285361109,-1.2691272062067398,2183,0,BRODYAGA FUNK,Eternxlkz
-0.3353462063150132,0.35000692704713054,-0.1845970967244994,2181,0,Private Jet,D. Savage
-0.3257740438951574,0.04941410913634836,-0.3557852212863767,2184,1,DNA.,Kendrick Lamar
-0.2746241694567141,1.1424563601029283,0.6816543094440366,2197,1,"Or Nah (feat. The Weeknd, Wiz Khalifa and DJ Mustard) - Remix",Ty Dolla $ign
-0.41801777744481705,-0.7229324788083842,0.08915809602314743,2189,0,Baklava,Gya
-0.3920430914642837,-0.9249532964352286,-0.6001306469080478,2194,0,bye,Ariana Grande
2.6004394399602915,-1.5226707067132095,-1.5585332325685872,2192,1,BIZCOCHITO,ROSALÍA
-0.43280320369773256,-0.6972579383663986,0.08081933349722509,2187,0,Veggie Dance,Gracie's Corner
-0.2910671663312228,-0.42872735612571633,1.1347818561127796,2193,1,"Love Me Like You Do - From ""Fifty Shades Of Grey""",Ellie Goulding
1.2709297624858749,-0.5426950964794165,-0.8917443756902944,2185,1,Still Don't Know My Name,Labrinth
-0.4430972184899733,-0.9296880663755888,-0.7286370256833811,2196,0,Sittin' On Top Of The World,Burna Boy
-0.402976944347855,-0.22614243287869384,-0.028145749580507695,2195,0,Si Fuera Fácil,Grupo Marca Registrada
-0.42756587333329943,-0.997886168466755,-1.343011207747998,2186,1,Broke In A Minute,Tory Lanez
-0.16453031151861552,-0.46202570301223356,-0.009751577110812296,2190,0,Mahiya Ve Gal Sun Mahiya Vey,Nimra Mehra
-0.38539032913403665,-0.5248901851896435,0.04187327189548768,2188,0,Engana Dizendo Que Ama,Veigh
-0.17613640370088465,0.8770598212368438,0.3740467585834493,2198,1,In Case You Didn't Know,Brett Young
-0.425037230876771,-0.16662497249391806,-0.05556781865160087,2191,0,"Arcángel: Bzrp Music Sessions, Vol. 54",Bizarrap
0.10489453890110395,2.309216811054491,0.9213987530983508,2199,0,Tu No Vive Asi (feat. Mambo Kingz & DJ Luian),Arcángel
-0.5141774946397485,-0.8063687239401686,-0.077060111665638,2201,0,HVN ON EARTH (with Kodak Black),Lil Tecca
-0.4335688471809531,-1.0806830248604982,-1.282297907056832,2204,0,Gently (feat. Bad Bunny),Drake
-0.3435337952514624,0.06527150207440466,0.4222189922485296,2205,1,It Ain't Me (with Selena Gomez),Kygo
-0.26767841542586995,0.818921861952386,-0.28574347455497356,2202,0,Baarish Ban Jaana,Payal Dev
0.03582869004981316,1.1142765218905506,-0.16120256376618583,2200,0,I CAN'T STOP ME,TWICE
-0.44380393481129365,0.07624075488737794,0.6444857132107942,2203,1,Take What You Want (feat. Ozzy Osbourne & Travis Scott),Post Malone
-0.17559883510969504,0.9683056551990316,-0.33270970042563675,2206,0,Filhaal2 Mohabbat,B Praak
-0.590299120440384,-0.3830870019037874,1.618917225695098,2207,0,8am in Charlotte,Drake
-0.02702765307505449,1.5822557455721982,0.8207232059861564,2210,1,Vivir Mi Vida,Marc Anthony
-0.376336719269502,-0.4266233139889654,0.026505263625426805,2213,0,Lullaby - BadWolf Remix,TR-MEET
-0.2286025980151466,-0.3176444789078273,-0.10285157270451088,2212,1,Love Not War (The Tampa Beat),Jason Derulo
-0.40447188325929834,-0.264170773320196,0.7797802144150303,2208,0,WHERE SHE GOES,Bad Bunny
-0.15206468951352697,2.76580065062309,2.1297151859140055,2222,1,"Lose Yourself - From ""8 Mile"" Soundtrack",Eminem
-0.38661076190480975,-0.9892641162513366,-0.7868762344491526,2216,1,My Oh My,Ava Max
-0.40525404307674884,-0.9394641405049297,-0.4669576845458091,2221,1,Not My Fault (with Megan Thee Stallion),Reneé Rapp
-0.3805000114361468,-0.09037058386120436,0.3422135603184639,2217,1,willow,Taylor Swift
-0.4623282791034866,-0.468003751728795,1.11580290494387,2219,0,100 MESSAGGI,Lazza
-0.4931180828364068,-0.9237241906307997,-0.654456592705747,2218,1,OUT OUT (feat. Charli XCX & Saweetie),Joel Corry
0.11437610283374895,-0.7542592038074805,-0.6496867984444267,2215,1,Cúrame,Rauw Alejandro
-0.3644963333227881,-0.6135689926730084,-0.36774911828019763,2220,1,What’s Next,Drake
-0.48402705767415605,-0.39121335909879074,1.6525380546591595,2214,1,Turn On The Lights again.. (feat. Future),Fred again..
-0.45869042713041497,-0.5912769574893436,0.8434917760462377,2211,0,Despídase bien,Carin Leon
-0.37997692934323407,0.259195552726292,-0.129191376488751,2209,0,"Mommy, Mommy Give Me Yummy",D Billions
1.3947906978312217,0.3071343084614419,-0.32970416200655517,2224,0,Illegal Weapon,Garry Sandhu
-0.19444165640866307,0.43327599823895957,0.12291458769352201,2225,1,Starships,Nicki Minaj
-0.2922367762933628,-0.39932934502888684,0.008139320529722351,2238,0,Calidad,Grupo Firme
0.18444208249705296,2.9412594139332042,-0.7843302735904811,2223,0,Watch Me,Silento
-0.14395036562535263,1.2924197495357843,0.21326323777208148,2234,1,Send My Love (To Your New Lover),Adele
-0.41157742106147804,-0.29641748257251715,-0.021066223613738392,2229,0,Chakalitos,Angi Fire
-0.05385912615856738,1.4285159639081821,-0.42134140813740967,2239,1,No Hay Nadie Más,Sebastian Yatra
0.27548025505470053,0.9509449125787766,0.38966995947388217,2236,1,Rather Be (feat. Jess Glynne),Clean Bandit
4.1742334725295525,-0.0850542566864064,-0.1417952777056686,2232,0,Into Your Arms (feat. Ava Max),Witt Lowry
0.43488020562351737,0.5656054760999002,0.7154759276293491,2233,1,Ramenez la coupe à la maison,Vegedream
-0.4831447993490932,-0.7080686650034423,-0.42119044685532453,2237,0,1000 Blunts,$uicideboy$
0.7286004731306778,-0.35132742699387076,-1.204354875005996,2230,0,#BrooklynBloodPop!,SyKo
-0.3284164624887605,0.5439684246395889,-0.2026941649626084,2227,0,Baby Songs,Baby Lullaby
-0.49082996833443704,-0.9516625233645412,-0.7770469491626908,2226,0,Mädchen auf dem Pferd,Luca-Dante Spadafora
-0.21994828209969786,1.5338508816387382,0.8751151054481937,2240,1,Cuando Te Besé,Becky G
-0.3999505087555145,-0.33762932418294234,0.5959053850368923,2228,0,"Lutt Putt Gaya (From ""Dunki"")",Pritam
-0.43670496083896854,-0.7509259704670699,0.2733144379460705,2235,1,girl$,Dom Dolla
-0.25316210142140566,0.6362915931273977,-0.037978969474479575,2231,1,Clout (feat. Cardi B),Offset
-0.4570305879357852,-0.5041941535954974,0.9824532960016095,2247,1,I love you,Dadju
-0.4055083181262351,-0.6496166069871281,0.07116458354581175,2248,1,Loucura,Borges
-0.4527840652018642,-0.8176511133549604,-0.14451153259140423,2245,1,Forget About Us,Perrie
-0.015914008502049534,1.6826793706063308,-0.4921785952561352,2243,1,One Last Time,Ariana Grande
0.6046261657014637,-0.9032321912712752,-1.1601986740359476,2246,0,Malas Decisiones,Kenia OS
-0.2336566642524721,-0.3571467704028135,0.2668793304741112,2249,0,Dos Mil 16,Bad Bunny
0.1013353210956141,3.216452279940002,-0.8104575522696197,2250,0,La Vaca Lola,Toy Cantando
-0.38985713268360866,-0.03924706758581534,-0.0718041237524371,2241,1,Termina Comigo Antes,Gusttavo Lima
0.9710221146750091,-0.46144896982668154,-0.13240736159768926,2244,0,Baarish,Payal Dev
-0.21157639122606137,-0.1361081993049109,-0.13713467602266843,2242,1,ZITTI E BUONI,Måneskin
-0.3888626303782507,-0.5424279110633666,0.04672186546317489,2254,0,Dijeron Que No La Iba Lograr,Chino Pacas
-0.42188874624227973,-1.0400880322432546,-1.129398763996616,2252,1,Is It Love,Loreen
-0.13388333095630278,0.32381027711499444,-0.9632872061990658,2263,1,Feel It Still,Portugal. The Man
-0.33661950032513127,-0.18625027595046661,-0.031017838147823152,2255,0,Portobello Beach,Quiet as a Mouse
-0.20901802826403337,1.2062992324382404,2.0782549449215018,2262,1,MotorSport,Migos
-0.17462634944911787,0.3640839483139888,-0.5477089831420392,2265,1,Bad At Love,Halsey
-0.439330721322623,-0.7620880274257043,-0.8521412556859331,2251,0,Nevada,YoungBoy Never Broke Again
-0.3525723952582217,0.22710306882614112,2.451901480897913,2264,1,The Adults Are Talking,The Strokes
1.229919463642562,2.2632655394161882,-0.10665554298488493,2257,1,Hips Don't Lie (feat. Wyclef Jean),Shakira
-0.2281574549181944,-0.10494329293830416,-0.05521940209163124,2259,0,Overdose,natori
-0.3722773618253541,-0.45644697297584125,0.023447996646740122,2256,0,Techno Cumbia (Remasterizado 2024/30th Anniversary),Selena
-0.14105402499437011,-0.4886230420243606,0.04556015194296043,2253,0,Tak Segampang Itu,Anggi Marito
-0.4205877034716548,-0.19721592286267106,-0.022718046030402613,2261,1,Emotionally Scarred,Lil Baby
-0.41794531195811657,0.3604045845995112,0.8753072441728237,2258,1,When It Rains It Pours,Luke Combs
-0.5124173760672976,-0.49802928298825694,0.3819859842761565,2268,0,If I Didn't Love You,Jason Aldean
-0.5477994800246024,-0.5459823117781263,0.7082486828723783,2269,0,NO ME QUIERO CASAR,Bad Bunny
-0.46553030710414983,-0.9966511683548536,-0.949868597392431,2274,0,UNHEALTHY (feat. Shania Twain),Anne-Marie
-0.5392924515950606,-0.19763547973903017,1.243622434007096,2280,0,ATORRANTE - con Los Palmeras,Emanero
-0.3919411041319642,-0.574875557480938,0.05189730011633703,2284,0,"Praise (feat. Brandon Lake, Chris Brown & Chandler Moore)",Elevation Worship
-0.310190504260683,-0.8272499695536895,-1.4351321773899897,2281,0,greedy,Tate McRae
-0.2260784017323227,-0.7886950957717888,0.08541349719352317,2282,0,El Mejor,Chayín Rubio
-0.0811764051298268,-0.12228089460839339,1.0175274167406814,2276,1,Take Me to Church,Hozier
-0.18061256947826296,0.3435933583706264,0.012350090102877449,2270,1,Roses,The Chainsmokers
-0.3478690634060511,0.26988512652472735,0.00955161519398179,2267,1,Close Friends (Lil Baby & Gunna),Lil Baby
-0.3722773618253541,-0.45644697297584125,0.023447996646740122,2272,0,"0 Sentimientos (Remix) [feat. Baby Rasta, Noriel, Darkiel, Messiah & Lyan]",Boy Wonder CF
0.048329961524258246,0.13588334979879788,-0.12962210919328482,2277,1,BEBÉ,Camilo
0.01568311735982082,2.6538801062254875,0.19423687356254782,2266,1,Propuesta Indecente,Romeo Santos
-0.3372642072193621,-0.5089742530936586,-0.5734804492418086,2271,0,Palhaça - Ao Vivo,Naiara Azevedo
-0.5193112022343124,-0.8573035995992807,-0.2034623855797307,2278,1,Atmosphere,FISHER
0.3237231568489308,-0.7661878378497212,0.01223293165452764,2273,0,Eid,Mehmood J
-0.321430271923423,-0.19945232909737579,0.1609888038931663,2275,1,Money In The Grave (Drake ft. Rick Ross),Drake
-0.5425604288297985,-0.45248006875663405,1.033449930623417,2283,0,BABY NUEVA,Bad Bunny
0.13148558928427692,-0.48069436131477666,-0.0356292784793887,2279,0,قولوا ما شاء الله,حورية برعى
-0.04009991424468058,1.6992655617789787,-0.4651905662329981,2298,0,Escapate Conmigo,Wisin
-0.4057926786319811,-0.9238886714488905,-0.43067267472932563,2295,1,Lighter,Galantis
-0.22500941420815201,0.44060232951698763,-0.19014181610642936,2293,0,"Halli Naatu (From ""Rrr"")",Rahul Sipligunj
0.05683365706743107,0.6485965764816417,-0.025666332110402763,2287,1,Happier,Ed Sheeran
1.684543535938098,0.48133818632858216,0.054406153744978536,2290,1,Kill Em With Kindness,Selena Gomez
-0.4975575165737151,-0.8882727862889753,-0.4824251449379319,2296,1,Good Love,Hannah Laing
-0.08026317692680833,-0.7086121489324234,0.08226439292303225,2297,0,Little Girl Gone,CHINCHILLA
-0.3350786280571875,0.42471484888536865,-0.17746860960171432,2299,1,Ella Quiere Beber - Remix,Anuel AA
0.7282398500105433,-0.9135437896089221,0.1403368002394775,2292,0,Blicky,Fresh X Reckless
-0.36037982223845094,-0.5965802809063548,-1.2094432094862035,2294,1,Baby (Lil Baby feat. DaBaby),Quality Control
-0.37175337540925474,-0.6846739394064548,0.09489085759456542,2291,0,Hotel,Montell Fish
-0.47083303941530286,-0.5452284113400866,-0.03519684400860898,2288,0,Mas Altas Que Bajadas,Natanael Cano
0.3175460086703052,-0.5605454470497697,0.025257490491168964,2286,0,Somewhere Only We Know,Gustixa
-0.23716056698648139,-0.09899705481874713,-0.0689699394678808,2285,0,X1,MC Cabelinho
-0.3937222827587579,-0.13643916551210644,-0.04958920303645497,2289,0,Baby Shark,Bebefinn
-0.3862173781052203,-0.5327463159155366,0.04321900438905403,2301,0,DISPARA ***,Nicki Nicole
-0.05222694037162263,2.324397262339333,0.16665217642522864,2306,1,Burn,Ellie Goulding
-0.4693675554640307,-0.547194207558247,-0.02139185617257048,2303,0,By Your Side,Rod Wave
0.47589495262840653,-0.8815226303662739,0.09893860143439005,2309,0,Very Sad,Enchan
-0.2745688444782105,0.8129382769205613,-0.26379115376875806,2312,1,No Te Contaron Mal,Christian Nodal
-0.17899424758643107,1.695633400249982,1.683474073524118,2305,1,When We Were Young,Adele
-0.52039531140531,-0.2519449572934236,2.2377504157374988,2314,0,Miracle (Extended),Calvin Harris
-0.3722773618253541,-0.45644697297584125,0.023447996646740122,2300,0,Zapateado Encabronado #3,Alacranes Musical
-0.4577213420448868,-0.9305575899050867,-0.7587290550686164,2302,0,Ain’t That Some,Morgan Wallen
0.7368616613016167,4.861218363411633,-1.2845440976904285,2307,0,I Am A Gummy Bear (English),Gummibär
-0.21229406561451286,-0.5748066801932727,0.44818319463900463,2313,0,Do It Again (feat. 2Rare),NLE Choppa
-0.3555836663363369,-0.31268092913810547,-0.002946907299836596,2308,0,Te Felicito,Gerardo Coronel
0.29376260758010025,-0.5170994342658868,0.0024507682801192215,2310,0,Funny Song,Bruno Portinho Trilhas para filmes
-0.5353877690754085,-0.4975556680656937,1.1505111980177418,2304,1,The Smallest Man Who Ever Lived,Taylor Swift
-0.3569026363407363,-0.3856281692437894,-0.5454452173711739,2311,1,Loading,Central Cee
-0.4045108261116597,-0.8265611717071206,-0.7031849411859575,2326,0,Tek Tek (feat. MHD),DYSTINCT
-0.45454194023972316,-0.611559395196265,0.7548392306864525,2319,0,Everyday Hustle,Future
0.26730873230172814,-0.6246424992437044,0.08602227971293276,2320,0,Dos Besitos,La Joaqui
-0.4426150477804528,-0.902474806335349,-0.5813548952033916,2318,1,Deep Down (feat. Never Dull),Alok
-0.5412194815490422,0.12158232798383473,2.474088428321073,2322,1,No Me Conoce - Remix,Jhay Cortez
-0.4108754264381337,-0.6852646534972056,0.07910210019162271,2324,0,¿Cómo Pasó?,Ela Taubert
-0.14532014296911777,1.1652757646488017,0.07948512607619285,2321,1,Freaky Friday (feat. Chris Brown),Lil Dicky
-0.4091885478978822,-0.46302470634780235,0.06866358160839961,2325,0,Still Rollin,Shubh
-0.15885070282186164,0.06571710247960756,0.35283811661925035,2317,1,Safe And Sound,Capital Cities
-0.23942553187116986,-0.6368162995538594,-0.7410924024339778,2323,0,Mal Hombre,Kim Loaiza
-0.14610849729159803,0.34703532805797294,0.008820598391488035,2315,1,Teeth,5 Seconds of Summer
0.15413392127558365,3.385165930958746,1.0263437826297968,2316,0,I Took A Pill In Ibiza,Mike Posner
2.968641560429202,-1.0760582448863498,-0.008129116144687271,2334,0,Run Free,Deep Chills
-0.5021489346352254,-0.7264309552307278,-0.15843707749515726,2330,1,In The Dark,Purple Disco Machine
-0.33164535259732836,-0.4016592765309802,0.009106415729150894,2331,0,Felina,WIU
-0.44513408504649715,-0.7446869034911315,0.09475830149518628,2327,0,Meet you at the Graveyard,Cleffy
-0.4388239497170634,-0.7265556944213883,0.3457405553446253,2329,1,Sexy to Someone,Clairo
0.6091263761664997,-0.10315312624990579,1.704788148761311,2332,0,Se Le Ve,Dímelo Flow
-0.3476415175877799,-0.4370481666577226,0.02023090102492354,2333,0,Coração de Gelo,WIU
0.04253013160752961,0.09861037860762728,-0.7584915561848324,2328,0,FEARLESS,LE SSERAFIM
-0.3543054498981322,0.7045197078909228,1.2233427054680739,2338,1,Let It Go,James Bay
-0.45618405941456996,-0.8328389677168019,-0.28961942765928833,2343,0,Where It Ends,Bailey Zimmerman
-0.41400712965980774,-0.20722316673962188,1.0037877081080602,2341,0,drivers license,Olivia Rodrigo
0.8635414425746013,-1.3345373075088596,-1.6590752874762045,2340,0,Desenrola Bate Joga de Ladin (feat. DJ Biel do Furduncinho),L7NNON
-0.39985322731884904,-0.9486636891162005,-0.5490932819489096,2339,1,Carry You Home,Alex Warren
-0.21331032818458948,-0.8809936614259576,-0.8849285863463887,2342,1,City Boys,Burna Boy
-0.3640952871334153,-0.7286486104792926,-0.8781859822103402,2336,0,Wellerman - Sea Shanty,Nathan Evans
0.5197473430986219,-0.5703054357027578,0.4937697723812632,2346,0,Every Summertime,NIKI
-0.4301356119492549,-0.7560084582130837,0.09920395811871333,2344,0,MANDA BALA,Ariis
-0.15407559909981247,0.35716662771315205,1.664346479542574,2337,1,Walk It Talk It,Migos
-0.41475670195279124,-0.7013910698515662,0.08434137768249246,2335,1,TQMQA,Eladio Carrion
1.1778029938546326,-0.272972786382773,0.597615951052177,2347,0,Face Off,Tech N9ne
-0.24776623177697701,1.0830503546983223,-0.042993626841190784,2345,0,Otra vez (feat. J Balvin),Zion & Lennox
0.1390479263008833,0.10459575544713005,-1.0353285300698314,2351,0,BOOKER T,Bad Bunny
-0.39426355017827364,-0.7077705076230333,-0.1460811676935602,2352,0,Girls Never Die,tripleS
-0.293957679403505,-0.8958120220057448,-0.5708259139391356,2359,0,"24/7, 365",elijah woods
-0.470483087822925,-0.6502496609424977,0.06609349074802892,2360,1,POCPOC,PEDRO SAMPAIO
-0.32907736593396886,-0.8206720655530416,-1.221685825440953,2358,0,Je M'appelle,Benzz
2.925995880046541,-0.45494627052708175,0.036404207968026285,2349,0,Soap,Melanie Martinez
-0.4140177513387626,-0.9041105604425957,-1.04774157353215,2357,0,Bam Yang Gang,BIBI
-0.16579006743970973,1.2348916466442479,-0.016159811533999886,2348,1,Never Forget You,Zara Larsson
-0.39385530296543075,-0.6645619901437019,-0.8562852341491146,2355,1,Tyler Herro,Jack Harlow
0.38239188820667425,1.7713461422982544,0.3955556245621261,2354,1,"i hate u, i love u (feat. olivia o'brien)",gnash
-0.32657392710899946,-0.41460053509145184,-0.8339859652594219,2350,1,Ophelia,The Lumineers
-0.4198393952008721,-0.7333578196725269,0.09176528208778546,2356,0,Manos Rotas,DELLAFUENTE
0.1621065474731827,-0.28409076175392384,-0.034064132065133645,2353,1,Ella No Es Tuya - Remix,Rochy RD
-0.3357173228072859,-0.39302988288537516,0.5117992747565231,2373,1,Satellite,Harry Styles
-0.4240891766039244,-0.1146714303162002,0.16632103313370677,2361,1,La Santa,Bad Bunny
0.8933291390454475,0.06457073815919318,0.647906773763679,2372,0,Tera Ban Jaunga,Akhil Sachdeva
-0.2731917649208323,-0.8659577737011219,-0.7150415048929593,2368,0,Monëy so big,Yeat
-0.25773411902018806,0.19406767940037944,-0.14023076015231162,2375,0,Ranjha Maahi,Siddhant
0.14474052188320807,3.0644816099820544,-0.0717553782977756,2367,0,Hotline Bling,Drake
-0.25655639894757704,-0.43949013377003093,-0.015533612418044178,2362,1,Sure Thing,Miguel
-0.4641921865586879,-0.5587577151896611,0.04831725421165581,2371,0,Talibans,Byron Messia
0.18595209366998827,-0.2792487894254465,0.9065825946737331,2363,1,Love Story (Taylor’s Version),Taylor Swift
-0.49176044468703123,-0.7566857452826645,-0.3821847495282144,2364,0,Skin de Bandida,Oscar Maydon
0.00192012046887507,-0.2874294118807469,1.0061173402974548,2376,0,Escapism. - Sped Up,RAYE
-0.44691245481561664,-0.41413130537783355,0.012688767875288663,2365,0,Lisa,Young Miko
-0.49956203270388505,-0.9593831931851708,-0.6137515517405113,2369,0,I Can Feel It,Kane Brown
-0.4242588595695226,-0.7569437610954256,0.09800205622000961,2374,0,وي وي شرطة,قناة أسرتنا
0.05408397724936762,1.0820082576699803,-0.7464085995834516,2370,1,you should see me in a crown,Billie Eilish
-0.34331282434915505,0.47012991359969364,-0.07633314674105457,2366,1,Te Robaré,Nicky Jam
0.30957424276599016,1.108658272387671,0.13539729996024902,2377,1,Rewrite The Stars (with James Arthur & Anne-Marie),James Arthur
-0.3992709089704183,-0.6179623528071617,0.06244707853244292,2386,0,FBI,Picus
-0.3497878413671497,-0.26505240489659193,-0.011992303450978412,2379,0,Come and Say - Original Mix,"""XY"""
-0.3879265520263326,-1.024679260145763,-0.8388355664531816,2378,1,Somebody (2024),Gotye
2.0255675180170405,-0.6988362422244819,1.0526741543193106,2383,1,Dandelions,Ruth B.
0.062318640588099945,-0.020366276866943686,-0.07126326742254768,2382,0,Malvada,Zé Felipe
0.8100321487163997,0.030431553743703568,-0.8837932437064735,2394,1,I Love You So,The Walters
-0.18565086783100268,0.5161433982007911,1.975670976566781,2390,1,i love you,Billie Eilish
-0.4987528090931827,-0.9661814257892982,-0.6343923291648128,2392,1,Not Fair,Niklas Dee
0.582040514632575,-0.9414628618939138,0.19056739112120955,2389,0,Benjamins Deli,JRitt
-0.3175700362081817,0.07666685528947928,1.5387955490862868,2384,1,Him & I (with Halsey),G-Eazy
-0.32057577408170546,-0.7652257454110291,-1.1911554445172232,2385,1,STAY (with Justin Bieber),The Kid LAROI
-0.41186426604587356,-0.6977198297920428,0.08086996521893108,2381,0,TIKTOK,Ian Lucas
-0.46258980564438235,-0.9440334616371229,-0.8716841159840136,2395,0,Call Your Friends,Rod Wave
-0.49636116180475137,-0.5211453009298099,0.20360722558181774,2391,0,Rosa Pastel,Peso Pluma
-0.5575441453430023,-0.5229980579220828,1.0134687266306428,2387,1,Dirt Cheap,Cody Johnson
-0.19768631427650132,-0.2365465655643391,0.927226768189249,2380,1,Borderline,Tame Impala
-0.30801275234855,0.5792485925585068,0.9152403365347817,2393,1,Tu - En Vivo,Carin Leon
-0.28700226390451566,0.9528140742800919,0.7085797844291399,2388,1,No Time To Die,Billie Eilish
0.17367843022810547,-0.7981120886002908,0.09754022226138578,2401,0,All Eyes on Me,Dj Belite
-0.1840335255112741,-0.2171104416332105,-0.021285563822443315,2399,0,En El Radio Un Cochinero,Victor Cibrian
-0.1627251432059742,1.2287171329399333,-0.1773196108921317,2402,1,Safari,J Balvin
0.13073181837693248,0.6768798585866969,-0.6223885797450855,2405,1,comethru,Jeremy Zucker
-0.4169456747484063,-0.7157989158961604,0.08757188369551931,2403,0,สีแชทบ่คือเก่า,เบนซ์ ปรีชา
-0.4463590976403984,-0.8193009708120419,-0.5602034381331396,2404,0,ROCKSTAR,Junior H
0.5413294034908313,-0.9523237150487786,-1.3268171338932837,2400,0,Boy's a liar,PinkPantheress
-0.298660886823442,0.636073322300898,-0.22166892813717531,2396,0,O Patinho Colorido,Bento e Totó
0.02430202327229676,0.5732266446550202,-1.6593884828291883,2398,0,La Mejor Version de Mi,NATTI NATASHA
0.4638062859621112,0.15874733085436982,3.6453522141345553,2397,0,B.O.T.A. (Baddest Of Them All),Eliza Rose
-0.30381010241102785,-0.015861376321388194,-0.0770743193129554,2413,0,Love Terremoto - Ao Vivo,Os Barões Da Pisadinha
-0.4557753256514589,-0.9790117236306792,-1.1631026657895043,2408,0,Lucky Girl Syndrome,ILLIT
-0.3962689673878432,-0.6565842480489859,-0.029048338632152892,2406,0,...Baby One More Time (from Kung Fu Panda 4),Tenacious D
0.3423870281911019,0.9591764604467042,2.0961645096870316,2415,1,Little Dark Age,MGMT
-0.3383097229843116,-0.6593128090477205,-0.7745393152538161,2418,0,Whatever She Wants,Bryson Tiller
-0.4615534687139216,-0.4203956750322074,-0.011334603552680959,2419,1,Hypnotized,Purple Disco Machine
-0.3684293879115877,-0.3860180899687625,0.015429137651584622,2423,0,Diable,Ven'nus
-0.026291980015817625,1.7185462129544882,-0.48185347004118095,2422,0,Laung Laachi Title Track,Mannat Noor
-0.28397336202267726,0.09858594517182538,-0.10551329893164665,2412,0,Chunni Me Perfume Lagawe,Gajendra Gurjar
-0.4821793044378776,-0.5328351329458872,-0.11699128721382647,2417,0,Koka,Mankirt Aulakh
0.08927428584363963,0.37071145700689684,-0.5842350676560807,2407,0,ELEVEN,IVE
-0.058606158989318556,1.5690184286421878,-0.4374410540862082,2411,0,Hasta el Amanecer,Nicky Jam
-0.32138514053531037,-0.23378729247042507,0.1152050309493605,2416,1,Space Cadet (feat. Gunna),Metro Boomin
-0.3722773618253541,-0.45644697297584125,0.023447996646740122,2410,0,Poker Face ( Remix ),Bora Media
-0.6862490974960999,1.4186948041094827,7.399452626615917,2420,0,November Rain (2022 Version),Guns N' Roses
0.28359402082528584,-0.2871435682610775,-0.008069466447316697,2421,0,СОЛНЦЕ МОНАКО,Lusia Chebotina
-0.5047817864647298,-0.7597089944432751,-0.09758218084533994,2414,0,We Ride,Bryan Martin
-0.4882148416354765,-0.5216468586679412,0.16075540589122655,2437,1,Rich Spirit,Kendrick Lamar
0.02355420081602403,-0.31753090577325627,0.01725098323982175,2438,0,Cochinae,Julianno Sosa
-0.20611725283730895,0.19365179228184098,-1.3582406162898755,2427,0,Juju On That Beat (TZ Anthem),Zay Hilfigerrr
-0.2969719490283959,0.3353604861646849,0.8207215176410951,2428,1,I'm Not The Only One,Sam Smith
0.5097646420781048,-0.898266099278303,0.11942935641806673,2431,0,Murder,Bgnzinho
-0.4705831185197316,-0.866123756006323,-0.4961850319500209,2430,0,Major Distribution,Drake
-0.42392686348449826,-0.7591439761866385,0.09773962046420673,2426,0,Psikopat,Butrint Imeri
-0.396273507393528,-0.5800872642395964,0.057082015314087436,2434,0,Pişman Değilim,Semicenk
-0.30153990841072176,0.37296956309118706,0.11863472074026865,2439,1,Dynamite,Taio Cruz
-0.33965988588356666,1.577416544724051,2.468642150481239,2425,1,Chlorine,Twenty One Pilots
-0.34579600319394493,-0.24979950842402007,-0.0238443341025817,2436,0,GIVENCHY,Duki
0.11658809185636886,1.1143969266238765,0.03459754619654192,2441,1,Here,Alessia Cara
-0.4031382823347933,-0.8720633546921431,-0.3729480554655127,2433,0,COME UN TUONO (feat. Guè),Rose Villain
0.05814762770382411,0.5377458416964526,0.07521380753846157,2435,1,Favorito,Camilo
0.09805110748546232,-0.24730887182464478,0.6035919554551538,2432,0,Royalty,Egzod
-0.2226915899366499,0.000310363553740597,1.055458023027552,2440,1,Am I Wrong,Nico & Vinz
-0.5030799437147785,-0.5875440053634806,0.6581504914681412,2424,1,Tennessee Orange,Megan Moroney
-0.46578666084435727,-0.6732802480305227,-0.49588982442659496,2448,0,Still Trappin' (with King Von),Lil Durk
-0.37228114559063763,-0.7957831783648892,-0.6183459401501309,2445,0,De Fresa y Coco,Luis R Conriquez
-0.34454580775767646,1.0935770489714238,2.6137863524728666,2456,0,He Dead (Oil Thief Remix),clipping.
-0.19651367814259232,-0.5885212504075161,0.04946237093402708,2450,0,YUM YUM (Slowed),LXNGVX
-0.09797050027818158,-0.08687371610887128,-0.5688669694529823,2446,1,Issues,Julia Michaels
-0.33706732544857154,-0.8261056508817434,-1.2967901384008922,2457,1,Element,Pop Smoke
-0.37824914171524177,-1.071905786218478,-1.0469239852258625,2459,1,n.h.i.e.,21 Savage
-0.46005989216234117,-1.1141006924786536,-1.4072285935276387,2455,0,GOD'S COUNTRY,Travis Scott
1.4015793696632908,0.1359824743601944,-0.08774468512968267,2442,0,Parado no Bailão,MC L da Vinte
-0.3722773618253541,-0.45644697297584125,0.023447996646740122,2444,0,El Paso del Gigante,Grupo Soñador
1.4308511226389327,-0.9446437513870102,0.010195641984550613,2451,0,F Boy,Ander Huang
-0.24661524866265125,0.48579724593557705,-0.11018660614887417,2452,1,"Yo x Ti, Tu x Mi",ROSALÍA
-0.3690369190478788,0.45824127700942086,0.7274390624879089,2447,1,Say It,Tory Lanez
-0.20288987641725922,-0.4573347461218301,-0.48945412616749845,2454,1,Ain't Shit,Doja Cat
0.6094184952256191,-0.7103869903100284,0.032296623461309355,2458,1,Dancing With Your Ghost,Sasha Alex Sloan
-0.5297743642138004,-0.6807991648350661,0.2412028048823664,2449,0,SIRENS,Travis Scott
-0.4449831318650857,-0.3963661558995377,0.005223420559449719,2453,0,Conexões de Máfia (feat. Rich The Kid),Matuê
0.11987108390924098,-0.7450631537108011,0.08979200472031876,2443,0,2 Hielos,King Savagge
-0.41267764291039993,-0.6945248924211272,0.08162683047267974,2474,0,BAD BOY,Chris Jedi
0.751268566384295,-0.6051353556799561,-0.006899427778584108,2468,0,I Love Mama Mantu,Bulan Sutena
1.1322480833789332,1.4925270459797746,-0.32947676501909684,2465,1,Hall of Fame (feat. will.i.am),The Script
5.393372613610891,-1.2003630674603094,0.28028196479036604,2466,0,Original som fan,OP
-0.38659826847392786,-1.1995635945819407,-1.873689390487734,2471,0,SLAY!,Eternxlkz
0.08786663854818678,2.3394589540399937,-0.6435601153707748,2463,0,Zaroori Tha,Rahat Fateh Ali Khan
-0.43124749760571235,-0.3116741477673691,-0.010620808014297585,2467,0,Deixa,Maria Marçal
-0.5193633425859866,-0.6148763893416405,0.4798780500673424,2464,0,We Didn’t Start The Fire,Fall Out Boy
-0.45933289478987266,-0.6808241335180185,0.17749368652964714,2473,0,さよーならまたいつか！- Sayonara,Kenshi Yonezu
-0.3722773618253541,-0.45644697297584125,0.023447996646740122,2460,0,Proud Mary - 2023 Remaster,Tina Turner
-0.10364686468229593,0.7395515988741609,0.43804729267969233,2469,1,Runaway (U & I),Galantis
-0.4821983094085733,-0.05651063645495521,1.4614887970050263,2462,1,Ley Seca,Jhay Cortez
-0.5608695540353722,-0.2522263689836681,2.1433806242914906,2461,0,Dawns (feat. Maggie Rogers),Zach Bryan
-0.4703468489868658,-0.616882051395605,0.06220986498050989,2470,0,Mesafe,Semicenk
0.4738403687064324,3.9336127284822457,-1.2488365630640994,2472,1,Numb,Linkin Park
-0.5147773432858515,-0.5903020473149098,0.787093283402011,2478,1,So High School,Taylor Swift
-0.23597507398683,1.310933602004736,0.2575454098644221,2483,0,Hola,Dalex
-0.2256246371404934,-0.49543685693342177,-0.5062488660462159,2475,1,Dark Red,Steve Lacy
-0.25643760559631035,0.3495411596877025,0.22201547783432615,2484,1,Diosa,Myke Towers
-0.35010951650525207,-0.2550245872365548,-0.012147691712400516,2479,0,Sand Monkey,Kid Pharaoh
-0.43918807708524765,0.7020552901281133,2.0922464741090114,2477,1,Wagon Wheel,Darius Rucker
-0.25699489777906687,0.8310947273584668,-0.29719031810957747,2482,0,Dil Galti Kar Baitha Hai,Jubin Nautiyal
-0.428051642202384,-0.24428823426078236,0.02225416435801905,2485,1,Is There Someone Else?,The Weeknd
2.449948734382534,-0.7843173198693736,-0.038680400425072425,2481,0,Dream Girl,Ir Sais
-0.2867333658600469,-0.035187547667849726,0.2124038073382448,2476,1,Wild Side (feat. Cardi B),Normani
-0.3562905207025924,-0.3273755365667092,-0.008377379228186781,2480,0,Bi' Tek Ben Anlarım,KÖFN
-0.4734104532574198,-0.04582245479228904,0.9514895988503795,2490,1,Location (feat. Burna Boy),Dave
-0.26922117219398944,-0.60835627624518,0.19375662383577322,2488,0,Mon Amour,Annalisa
-0.4166643045570731,-0.1664982847907221,1.1089983900465588,2495,0,"Ve Kamleya (From ""Rocky Aur Rani Kii Prem Kahaani"")",Pritam
-0.3722773618253541,-0.45644697297584125,0.023447996646740122,2540,0,Cake By The Ocean - Cover,MUSIC LAB JPN
-0.33901065978007444,0.149806201192744,0.058094816090005004,2491,1,Pray For Me,The Weeknd
-0.417108222443211,-0.49250196967270693,0.5186320857637314,2487,1,p r i d e . i s . t h e . d e v i l (with Lil Baby),J. Cole
-0.3671253537805918,-1.0347265958858143,-1.1196325699541156,2492,1,Position,Franglish
-0.44386345514256403,-0.5475081711214516,-0.24766166107711435,2486,1,Motley Crew,Post Malone
-0.43390202449413673,-0.8176605860907613,-0.577118515375801,2493,0,Poppin,Yeat
-0.4083529306139348,-0.25120564667094714,1.1736572005895953,2494,1,Memories,Conan Gray
-0.46721826655955295,-0.6162888706434723,0.058696201268497256,2489,0,Casi Completa,Julión Álvarez y su Norteño Banda
-0.47515792254907296,-0.7810124676076883,-0.08537688138751098,2500,1,JOLENE,Beyoncé
-0.26638903921227197,-0.5646982043403842,-0.8375500367921488,2502,1,Roça Em Mim,Zé Felipe
-0.05266690757430823,-0.627938088055093,0.03075545209192159,2498,0,"Sugarcane (Remix) [feat. King Promise, Mayorkun & Darkoo]",Camidoh
-0.4606685420648318,-0.5709801719812978,0.9033474653334848,2497,0,Kya Hua,Vishal Mishra
-0.14656977219030953,-0.9814717433197019,-1.2447471569262043,2499,0,TOES (feat. Lil Baby & Moneybagg Yo),DaBaby
0.14120953081280727,2.9191495298411096,-0.7341437422840711,2501,0,Ch-Ch-Ch Chick (feat. Chick McGee),Bob and Tom
0.3687613287260661,-1.020766395743821,-0.7558341910242433,2496,0,10 Things I Hate About You,Leah Kate
-0.08350441143363178,1.4131644832618793,-0.4011124305283926,2517,0,Adios Amor,Christian Nodal
-0.05391254871519522,-0.576740070290794,-0.04353902000215186,2503,1,X ÚLTIMA VEZ,Daddy Yankee
1.5455523876727604,-0.5977711731598389,-0.10346643539691518,2515,0,Lalala - Ilkan Gunuc Remix,Y2K
-0.44448902690061026,-0.9198115489649716,-0.8076162786573383,2514,1,Poco A Poco,Xavi
-0.42687329729610346,-0.7780329836599871,0.10197795486778953,2513,1,The Alchemy,Taylor Swift
-0.45230583581095035,-0.8811786803103696,-0.5781796104392395,2505,0,Sunday Service,Latto
-0.5215261967165216,-0.5521506691581942,0.450096105672523,2504,1,Red Ruby Da Sleeze,Nicki Minaj
-0.20792053250140996,0.8286935351684966,-0.6142747462962145,2509,1,Mama,Jonas Blue
-0.031256936460375216,-0.5401160721319324,0.06840346634881005,2508,0,Puta Mexicana,DJ Jeeh FDC
-0.4548858697782649,0.9887618531171039,3.097580351393819,2516,1,Self Care,Mac Miller
-0.38479476384315775,-0.07180424306306767,0.3284592267472465,2507,1,Out of Time,The Weeknd
-0.4361596653175158,-0.7542888793650729,0.2602903342382629,2510,0,Karma,Taylor Swift
-0.37378373184815417,0.03131966082637734,2.9122714658277595,2506,1,About You,The 1975
-0.4496766824812375,-0.793561577869421,-0.32790633153922477,2512,1,BED,Joel Corry
-0.5275708534393422,-0.44248890732943064,0.7375312222700172,2511,1,23,Chayce Beckham
-0.3918001521809223,-0.33985049105750004,0.4820886183732689,2525,0,I Can Do It With a Broken Heart,Taylor Swift
-0.030172699620019647,1.7788350101689965,-0.4805794471903822,2522,1,Andas En Mi Cabeza,Chino & Nacho
-0.459375749422107,-0.8444014205918761,-0.700370012653208,2529,1,Remember,Becky Hill
0.33214148812847977,-0.23881650035778018,-0.8923647496998901,2523,1,Here's Your Perfect,Jamie Miller
-0.21504548489455383,-1.0955207141446883,-1.518101969078616,2530,0,Highs & Lows,Prinz
-0.38815204173189805,-1.000229123438604,-0.7878088853989885,2535,1,Survivor’s Remorse,Roddy Ricch
-0.15263859726736353,0.7512491747811417,-0.28835043590563586,2534,0,Halloween,Blood Dance
-0.48510510415727776,-0.781908247198667,-0.24041402432301828,2533,0,Impossible,RIIZE
-0.1445533752008728,-0.5883412736435495,0.0679704445137343,2528,0,El Rescate,Grupo Marca Registrada
-0.4209363501518158,-0.4855086771649358,-0.3373909523463001,2518,0,Wockesha,Moneybagg Yo
-0.38527882348357123,-0.9646700081806598,-0.7624482570743049,2532,0,Mirame,Blessd
-0.19263683244252736,-0.5881972505910428,0.06545815499614949,2526,1,Pantysito,Alejo
-0.08822627875605824,-0.4403631172587092,-1.2184774855582425,2524,1,brutal,Olivia Rodrigo
-0.5250808586004735,0.3683474010017742,2.4578259766387487,2531,0,Recognize (feat. Drake),PARTYNEXTDOOR
-0.49291500258508125,-0.9506567403344856,-0.6119191006235499,2521,0,Daylight,Drake
-0.1710504333897407,-0.39082032800162186,-0.13875652598766902,2519,1,Lovefool,twocolors
-0.4520623298483912,-0.4627713177929495,1.0045881247802555,2520,0,Rich Flex,Drake
-0.495174449671697,-0.34446653583986303,0.7159210875925797,2527,1,MEMORIAS,Mora
-0.5147480468010295,-0.6452031047229135,0.0703753368126507,2538,0,Mood Malandro,Código FN
-0.45522409795063296,-0.8213385497364428,-0.5303396991813837,2542,0,JACKIE BROWN,Brent Faiyaz
-0.6593236699886932,0.20326376840139965,3.5047643810537057,2544,0,TELEFONO NUEVO,Bad Bunny
-0.31232032306902585,0.6852859940592895,-0.22694553966573616,2536,0,Dança Maluca,Bolofofos
-0.4406274592434354,-0.4601485664010208,0.02038970675022128,2545,0,Kalkatiya Raja,Pawan Singh
-0.35360917128195624,-0.38258021598984904,-0.001560049818203721,2537,0,Drippy,Sidhu Moose Wala
-0.45864586615216674,-0.7577376550669593,-0.5240292789741077,2539,1,Never Going Home,Kungs
0.5489900107380234,-0.7292016391749478,0.005145044276352341,2548,0,Problemón,Alvaro Diaz
-0.4039659389600377,-0.26719243796270015,0.7678942798869396,2541,0,Waiting for the End,Linkin Park
-0.39481066632932893,-0.17606762615139548,1.9592141495672384,2547,0,Pacto (feat. Luar La L),Jay Wheeler
-0.46119212201529164,-0.9762637252113044,-0.6661969240932727,2540,1,Talk talk,Charli xcx
0.11594985538202866,-0.30270181922238104,-1.1862773561959348,2543,1,Daisy,Ashnikko
-0.3606641116137244,-0.8261511928444505,-0.7139547876489873,2556,0,Fast Forward,JEON SOMI
-0.42957967043010303,-0.7681473578666125,0.15401644730940633,2553,0,Ice Attack,Future
0.09373893746646292,0.2725550705503663,2.5117284422288564,2558,1,Stolen Dance,Milky Chance
-0.11869935099639697,0.23271915547223485,-0.059403923409254565,2554,0,Set Me Free Pt.2,Jimin
0.04466756872695777,-0.8126394739578087,0.04766482128941783,2555,0,Satu Rasa Cinta,Fira Cantika
-0.10675863134833913,0.20462460877181218,0.06279915157244358,2557,1,Azul,J Balvin
-0.3105862363334051,0.5589645243489269,1.3081978181008367,2551,1,LOCATION,KAROL G
-0.195190073879261,-0.7079269810236335,0.06425095541077752,2559,0,Terminator,King Promise
-0.16810195883781576,-0.8061104162273942,0.08406017774483011,2552,0,Orang Yang Salah - Sped Up Version,Luvia band
1.6510231730663618,0.2260490751643776,-0.7944088534809725,2561,1,Snowman,Sia
-0.5265431942909553,-0.3909023824906758,1.0755266063562807,2549,1,Hurricane,Kanye West
0.48051033599917975,-0.5004631083633161,0.06520440395812964,2550,0,Rumah Singgah,Fabio Asher
-0.17938187340474984,0.5417605591483887,-0.06946076005711609,2560,1,Strip That Down (feat. Quavo),Liam Payne
0.5534380995666819,-0.8199714567783664,-0.7946770365014744,2570,0,IT GIRL - Sped up Version,Aliyah's Interlude
-0.4155678025890863,-0.7158832180050887,0.08601331390507626,2566,0,Khodni,AL SHAMI
-0.35077719951909003,-0.6163657903412223,0.18792168637481144,2564,1,Lost in the Fire (feat. The Weeknd),Gesaffelstein
-0.44886986152544195,-0.6293814407398773,0.6514362542655597,2575,0,Minha Herança - Ao Vivo,Ana Castela
-0.4941844539925822,-0.5507793612315401,0.04968587246671295,2574,0,Diva Yorgun,Melike Şahin
-0.5084866892798416,-0.7797777691969576,-0.1360540511067838,2565,1,Can't Get Enough,Jennifer Lopez
-0.3997691544439856,-0.9673992135975183,-0.5864179940641895,2569,0,The Man He Sees in Me,Luke Combs
-0.0007672884803069534,2.679283190906538,1.4123933486181224,2573,1,Dilemma,Nelly
-0.4175456024826691,-0.05904784227765887,-0.070305309437628,2568,0,20 Tragos,Yián
-0.5195066330161517,-0.7757907750492702,-0.058702906036451126,2572,0,My wrist (with Young Thug),Yeat
-0.4225061663701042,-0.6749491559709383,-1.0934814022179127,2571,0,GigaChad Theme - Phonk House Version,g3ox_em
-0.30714938505440875,-0.24420828746999929,0.40002843243164293,2562,1,Jackie Chan,Tiësto
-0.42867887955020106,-0.9841778455286396,-1.159121799444159,2563,1,Words (feat. Zara Larsson),Alesso
-0.3792254439687292,-0.7128171679407657,-0.8863153593460293,2576,1,Bombonzinho - Ao Vivo,Israel & Rodolffo
-0.4185511977844637,-0.7234222993888375,0.08978857689412195,2567,0,Mil Preguntas,The La Planta
-0.3328268474953313,-0.273418123484454,-0.5425379884072911,2579,0,OJALÁ,Maria Becerra
0.055044832549131666,-0.8306567573984138,0.06602750359833978,2577,1,Bejeweled,Taylor Swift
-0.31856494609890323,-0.7772350670432113,-1.2383949722394707,2583,0,Lovin On Me,Jack Harlow
-0.2511544453654142,-0.5609068004847422,-1.4746615343973948,2580,0,Back for More (with Anitta),TOMORROW X TOGETHER
-0.27818428302401443,0.33624315725819204,-0.6038243947421543,2584,1,Heaven,Kane Brown
0.015385217169954153,1.796084592610636,-0.5331515139714839,2585,0,Rolex,Ayo & Teo
-0.4229326599835189,-0.7560605027546758,0.09645189989644087,2582,0,That Girl,Amrinder Gill
-0.4992717231257063,-0.6811130320101844,0.046154092744902835,2587,0,FERXXO 151,Feid
-0.3730410732720684,-0.4510701763313975,0.024035324931131617,2589,0,Dhaniya Ae Jaan,Pawan Singh
-0.0061668502377316085,0.9538360816484726,0.5965525986141269,2586,1,Young And Beautiful,Lana Del Rey
-0.4425799936907231,-0.3150034502553214,1.341318821951517,2578,0,United In Grief,Kendrick Lamar
-0.3599967509792858,1.3267461323340846,2.5244594872134023,2588,1,Drunk in Love (feat. Jay-Z),Beyoncé
-0.3938727218026765,-0.9403480883627577,-0.6068173759876725,2581,0,La Vida Sin Ti,Rels B
-0.4352795499862548,-0.7743822462459871,-0.504137118007758,2604,0,FREAK,YUQI
-0.4266413702620254,-0.6319077800505325,0.3689445400527903,2607,0,Casa Mia,Ghali
-0.21225747779031123,0.30574914452555807,0.40559601126699274,2596,0,Kaikai Kitan,Eve
-0.4402035242077201,-0.9195423757930362,-1.294559998166203,2603,1,Opp Stoppa (feat. 21 Savage),YBN Nahmir
-0.2539446060907225,0.18449904821879484,0.9801726460455121,2594,1,Mary On A Cross,Ghost
0.43118396350921717,0.7562941989256748,-1.842978285385427,2591,1,Go Fuck Yourself,Two Feet
-0.45446055899370996,-0.5891084001376419,0.7966477800108966,2600,0,Crocodile Tearz,J. Cole
-0.44053780131425696,-0.5980347727853771,0.6552886981839664,2593,0,PLIS,Camilo
-0.5808851683972476,-0.21820250143975456,2.234355060664789,2599,0,Back to Me,Kanye West
-0.39729209890925216,-0.2955332898196682,0.982371222946004,2605,0,Antidepresan,Mert Demir
-0.3020530266547117,0.5026539467374204,-0.31055737331108146,2592,1,Rise,Jonas Blue
0.15607208946292786,1.0268994826638644,1.2507683337174678,2606,1,Summertime Sadness,Lana Del Rey
-0.2760858308836853,-0.8603916243349791,-1.0089450685783128,2601,0,8:00 AM,Nicki Nicole
-0.3668229677984064,-0.4890223960048105,-0.10468976553269496,2595,0,PICK IT UP (feat. A$AP Rocky),Famous Dex
-0.5602233790782034,-0.22386046348798433,1.6117759270474978,2597,0,Double Fantasy (with Future),The Weeknd
-0.5080005273014343,-0.8782302519772934,-0.37965947945803635,2590,1,Jungle,Alok
-0.509809380712608,-0.5197828444524497,0.9361868561807676,2598,0,Fisherrr,Cash Cobain
0.3409920121613153,-0.8500368789737274,0.06166398276504578,2602,0,Thank You for Being You,OctaSounds
-0.512533463874567,-0.687196492358569,0.14408705809995412,2614,0,Wild as Her,Corey Kent
0.8951066436393331,0.02552045774842068,-0.5281674429058141,2611,1,Beautiful (feat. Camila Cabello),Bazzi
-0.5281469438246333,-0.6119321678776738,0.6295983085542577,2616,1,Black Friday,Tom Odell
-0.3921165961704368,0.08936675694369643,-0.09658588601824418,2613,0,Summertime Sadness (Sped Up),Lana Del Rey
-0.3978103247261499,0.13617786841456533,0.19733193896674825,2618,1,Ignorantes,Bad Bunny
-0.04669596646083727,1.735601589874935,0.3049109427280937,2610,1,Break Free,Ariana Grande
-0.4203260454196336,-0.7996077357006821,-0.01599819132591194,2617,1,Risk,Gracie Abrams
0.12024480550465613,0.40586196710911526,-0.17961137170861965,2615,0,"Nathy Peluso: Bzrp Music Sessions, Vol. 36",Bizarrap
-0.5141947116109956,-0.6735150519311688,0.3220494310339424,2609,1,WY@,Brent Faiyaz
-0.35783315559838563,-0.9069268465013341,-1.1822527320764709,2608,1,Acapulco,Jason Derulo
-0.31591850943016003,-0.6255590705046437,-5.1193030123688716e-05,2612,1,GHOST TOWN,Benson Boone
-0.5314643178388846,1.0333080614350008,3.391316304539887,2625,1,Bande organisée,Kofs
-0.44149488510706986,-0.5036687420850299,-0.2905109848565159,2634,1,Only Human,Jonas Brothers
0.06319374366831992,0.7816710186805167,1.1965646638112524,2627,1,Daddy Issues,The Neighbourhood
-0.40088981195431433,-0.6920437199757461,-0.41897746072573466,2624,0,Cha Cha Cha,Käärijä
-0.3899418993561833,-0.09924731263092944,2.1143862418183335,2633,0,Raining In Manila,Lola Amour
-0.4795818432962228,-0.6947715776556572,0.0767464521897271,2628,1,Diabólica,Cris Mj
-0.40810384224808,-0.8359837567009142,-0.23191821263622375,2632,1,HE KNOWS (feat. Lil Nas X),Camila Cabello
0.6601075315932583,-0.6049322415409722,0.6950522235772163,2626,1,"Feels (feat. Pharrell Williams, Katy Perry & Big Sean)",Calvin Harris
1.842509223959862,-0.6199648557803668,-0.12253949789349257,2621,0,Everybody make some Tik Tok,Bounce O’Clock
1.9897515005946738,-1.1741702608415878,0.08124982199767729,2620,1,Another Love - Tiësto Remix,Tom Odell
0.2053873292879973,-0.537196959787902,0.6521945760981392,2631,1,"His & Hers (feat. Don Toliver, Lil Uzi Vert & Gunna)",Internet Money
-0.2520183679125768,1.3832859234802293,1.247563735515874,2629,0,Tu Aake Dekhle,King
-0.6287358973086221,0.4256674653322324,4.8414951266754525,2630,0,Red Leather,Future
0.8185921526343282,2.080623468340961,0.47602104403869355,2619,1,Viva La Vida,Coldplay
-0.5250042230824061,-0.7932441681087649,-0.03666204922142683,2623,1,Nice to Meet You,Imagine Dragons
-0.3253235562079345,0.4729287715723738,-0.19376268198967714,2622,1,Verte Ir,DJ Luian
-0.29866710728772483,-0.5192576114235882,-0.22755784658931,2642,1,Pink + White,Frank Ocean
0.29673003627180033,-0.986998123501534,-0.954596196208564,2640,0,Mother,Meghan Trainor
-0.4870254899432494,-0.6705281966490746,0.07308728648010042,2654,0,FLASHBACK,Favé
0.2547245207367275,0.14555527509969668,2.766989618273939,2646,1,Space Song,Beach House
-0.39442737954172474,-0.9493014925946125,-0.6155990253183318,2641,1,OKAY,JT
0.29063920345904637,3.635660771751945,-0.9408188424896766,2650,1,Rude,MAGIC!
-0.3927134528586608,-0.2159146768402395,-0.492531574799123,2649,1,Chill Bill,Rob $tone
-0.24468344567822417,0.4727905208247612,0.3057811065945827,2636,1,My Way,Calvin Harris
-0.44061609698297394,-1.0311405337051325,-1.0011774034787375,2653,0,Big City Life,Luude
-0.3110523408982761,-0.03836271079088055,-0.06769189722099389,2645,0,Luché La Ley,BoomBoxRepairKit
-0.3110806330957766,-0.9452927618744051,-1.6119183365192433,2643,1,Wife,(G)I-DLE
-0.08199591814090483,2.8877279657561896,1.5389362671134663,2651,1,'Till I Collapse,Eminem
0.1706861606389649,0.4462966132390573,1.3411773425887314,2655,1,No Hands (feat. Roscoe Dash & Wale),Waka Flocka Flame
-0.4355548986425109,-0.9975681028327859,-1.2273579661789422,2635,0,Jumbotron Shit Poppin,Drake
-0.245555053158107,-0.27031569599755834,-0.01350968216642234,2648,1,La Nota,Manuel Turizo
-0.32202417533668054,0.47473450639763776,-0.18366470520294434,2644,0,Amor A Primera Vista,Los Ángeles Azules
-0.5288882215911443,-0.7210901853676384,0.15300049038385669,2647,0,Solo,Myles Smith
-0.2479072930226625,-0.451890333054901,-0.3127381707374076,2639,1,UNFORGIVEN (feat. Nile Rodgers),LE SSERAFIM
-0.030547008505661374,-0.8078982394588874,0.05893997196489553,2652,0,นี่มันหน้าร้อนหรือน่ารัก,bonnadol
-0.4257974133468206,-0.7706588365702988,0.10045883820540205,2637,0,Elini Ver,Amo988
-0.5334374929584967,-0.7648328824463826,0.09794771123760011,2638,0,Sex Music,Tank
-0.3950638297453057,0.5005401901385358,0.6328776942893994,2661,1,Porfa,Feid
-0.38357725320507974,-0.7280601224050532,0.011829589003883196,2671,0,P power (feat. Drake),Gunna
-0.44340566143489635,-0.1462156996589179,1.703699604208104,2673,1,I Can See You (Taylor’s Version) (From The Vault),Taylor Swift
0.5949275993897859,3.5481381448053435,-0.5527276921444138,2672,1,Dernière danse,Indila
-0.315141728819993,-0.7976796389662595,-1.3188151617979058,2667,0,Prada (feat. D-Block Europe) - Valexus Remix,cassö
-0.45617767089790306,0.31113126926575135,2.366327486713142,2666,0,"A ver, a ver - Ric Piccolo Edit",Donald
0.279506677466143,-0.5519566957199032,0.166249741023577,2670,1,Fight Song,Rachel Platten
-0.3722773618253541,-0.45644697297584125,0.023447996646740122,2974,0,Pepas,Farruko
0.07871741818403155,-0.8044898830889003,0.048251831486785614,2662,0,Satu Rasa Cinta,Happy Asmara
-0.341416826587861,0.2544989769554808,0.010312709882039087,2665,1,South of the Border (feat. Camila Cabello & Cardi B),Ed Sheeran
-0.45542697579387886,-0.2768798352880981,1.164368796371566,2668,1,Losing It,FISHER
-0.1799357985904458,-1.3531412571069485,-2.252858999419821,2657,0,MATHEMATICAL DISRESPECT,Lil Mabu
-0.2246994296194262,-0.30467729967900836,-0.1963390802407066,2660,1,Swervin (feat. 6ix9ine),A Boogie Wit da Hoodie
0.26910882191254787,-0.7419639019413561,-0.3902308981791865,2669,0,Dick (feat. Doja Cat),StarBoi3
-0.23138798110817874,0.8360388269526458,-0.3027141551260271,2664,1,Perfect Strangers,Jonas Blue
-0.1636300853490847,1.3788059743640706,0.21259901613233598,2663,1,Hey Brother,Avicii
-0.43138340070239717,-0.1464350840815179,-0.04545907758132593,2659,0,Otra Noche,Los Ángeles Azules
0.2879038644703259,1.7148682946450737,-0.49837590728974324,2656,1,Yet To Come,BTS
-0.47294968431192985,-0.8324692983767146,-0.715149931796265,2658,1,When I’m Gone (with Katy Perry),Alesso
-0.11508024709100538,-0.5839355553960969,0.024709781746942362,2691,0,Girlfriend,Ruger
-0.25448524664464633,-0.7312902814161198,-0.5989051664556349,2680,0,WATATI (feat. Aldo Ranks) [From Barbie The Album],KAROL G
-0.16802443005955964,-0.5212404666087004,0.0578750543657778,2676,0,911,Fuerza Regida
-0.4608104362656372,-0.5802265505641161,0.711225267392603,2688,0,Always,Daniel Caesar
-0.12979965460321136,-0.3484350792997976,0.3653158198194483,2681,1,YKWIM?,Yot Club
-0.4312868538093156,-0.2155412520075149,0.6703987611264383,2686,1,Damage,H.E.R.
0.14642745529392798,-0.4501433429671868,0.8887906720203622,2687,0,Rags2Riches 2 (feat. Lil Baby),Rod Wave
0.0021309823088941403,1.5291079881419622,-0.8802651481669649,2679,1,Bellyache,Billie Eilish
-0.1760886525154058,-0.5717169646443977,-0.7420093631182303,2685,0,No Wahala,1da Banton
0.6350838510374531,0.3079445859153953,-0.17009514399381512,2678,1,Wait a Minute!,WILLOW
-0.5097765732408133,0.06250769019708907,1.427386721880831,2675,0,HONEY BEES,Hachi
-0.39408373337509917,0.08008379646498721,-0.10387668891463085,2682,0,Gypsy,G.D. Kaur
0.05187058045918271,-0.696613732158668,0.1294634139895376,2690,1,Ojos Marrones,Lasso
0.011644153460708288,-1.1117994977802537,-1.5673839783168166,2684,0,WASTE,Kxllswxtch
-0.3099125003045067,-0.29303956153928373,-0.09807849247524476,2674,1,512,Mora
-0.41337637226010565,-0.8075991663993918,-1.412388284641127,2677,1,Little Things x Gypsy Woman - L BEATS MASHUP,Jorja Smith
-0.4257498465601239,-0.7725891644583992,0.10050503293105527,2683,0,Wake Up (feat. Chris Brown),Skylar Blatt
-0.2145866200596232,1.0560659712968783,0.3655492745468579,2705,1,Síguelo Bailando,Ozuna
-0.45696707491272515,-0.8502127834892422,-0.5925207100718755,2699,1,Arranca (feat. Omega),Becky G
-0.15425451860632886,0.11748916269101904,1.3034193075126894,2698,0,The Family Madrigal,Stephanie Beatriz
-0.11815449489275837,0.4962929353661335,0.5389236168075895,2702,0,Hasta Abajo,KEVIN ROLDAN
-0.4498531014554404,-0.7915573282786951,-0.3757687345120605,2701,0,Flawlëss (feat. Lil Uzi Vert),Yeat
-0.4161914268474849,-0.4488165627105786,0.017566163954331138,2694,0,Praise Jah in the Moonlight,Uzii BigTalk
-0.08073568883142974,2.0935301186655835,0.12728772467970323,2700,0,Bon Appétit,Katy Perry
-0.43494115708843895,-0.05990605842855903,2.035020090201835,2704,1,I'm the One,DJ Khaled
0.0904961762187496,-0.413993960610544,-1.2577935976770003,2693,1,Stay With Me,1nonly
-0.15547285995610205,-0.3342507754016137,-0.41090293148033263,2697,0,Typa Girl,BLACKPINK
0.061093765079288244,-0.0986223991768752,-1.558468923005484,2703,1,Ayy Macarena,Tyga
-0.3980523147860732,-0.45729297550043824,0.027778838873139255,2692,0,ELA PIROU NA DODGE RAM,Luan Pereira
-0.413667026212148,-1.0248063612103284,-1.2401887819690809,2696,0,Like What (Freestyle),Cardi B
-0.0693865765837666,0.9075626148263961,-0.16355032182470894,2695,1,Party In The U.S.A.,Miley Cyrus
-0.44941297639304856,0.08246817875817194,0.8696015849945047,2724,1,Wet Dreamz,J. Cole
-0.44687633667925086,-0.2414605572581115,-0.025809182294842886,2709,0,Dhani Ho Sab Dhan,Pawan Singh
-0.08167570609214071,0.7554811587999574,0.29103045924587695,2715,1,Next Level,aespa
-0.41654438515728126,0.14408667762306482,0.738356215363479,2712,1,Whiskey Glasses,Morgan Wallen
-0.4125693920266902,-0.6970823805503886,0.08163672894215342,2708,0,Bado Badi,Chahat Fateh Ali Khan
-0.5073867805687597,-0.5635353462618832,0.32995640670586057,2719,1,Esta Vida,Marshmello
-0.4657070533271229,-0.5578373127121555,0.9925622978513875,2710,1,Dusk Till Dawn - Radio Edit,ZAYN
-0.28963961940359456,0.3560898189583916,-0.6481491493024336,2720,1,Shotta Flow [Remix],NLE Choppa
-0.4491670874424112,-0.6902752798615672,-0.39308048040118193,2711,1,Bolide allemand,SDM
-0.3420141348221065,0.17677368532126547,0.4404136164455923,2706,0,Amor Tumbado,Natanael Cano
-0.4933610144140734,-0.549624108948988,0.467045712111385,2723,1,New Gold (feat. Tame Impala and Bootie Brown),Gorillaz
-0.4506487333533547,-0.5937562033128497,0.01685945981839438,2718,0,MANIAC,VIVIZ
1.034159382369514,-0.45595559345585396,-0.12998302455351135,2725,0,Don't Mind,Kent Jones
-0.4878231262104248,-0.8969373138948482,-0.5728575186747255,2721,0,Dientes,J Balvin
-0.39082681211062187,-0.6160575926062867,-0.30714844456628676,2717,1,Look Alive (feat. Drake),BlocBoy JB
-0.3715302043461931,-1.1312146443437117,-1.240168924860894,2707,0,Wake Up! (feat. Juice WRLD),Ski Mask The Slump God
-0.38604807879582775,-0.7188397774806592,-0.4193416461534176,2714,1,Midnight Rain,Taylor Swift
0.3592105304352782,0.15161689683832663,-0.19214288979476202,2713,0,"Lagdi Lahore Di (From ""Street Dancer 3D"")",Guru Randhawa
-0.2702239710543371,0.6321403784915286,0.7339708605934384,2726,0,Boo'd Up,Ella Mai
-0.22285887123768583,0.38774056145250335,0.1269311146942072,2716,1,A Mí,Rels B
-0.12930229560991402,1.1278543799514342,-0.3572164113303323,2722,0,Buttabomma - Telugu,Armaan Malik
-0.5602337466694708,-0.535401808217884,0.8955704496693302,2737,0,Burn It Down,Parker McCollum
-0.2334030764270293,-0.6032093160689688,0.05402850976841758,2735,0,Tu Fan,mafalda cardenal
1.3283151515674538,-1.0673436109230474,-0.9027536277994052,2731,0,Whole Lotta Choppas,Sada Baby
-0.3105099872497609,0.06037284009592054,0.22505156414520258,2738,1,Heartless,Kanye West
-0.46122859068025157,-0.32140162399943334,1.3603114573017727,2732,0,Galaxy Express,D Gerrard
-0.473477853056955,-0.36462988234243154,0.1399284677832091,2733,1,Skate,Bruno Mars
-0.19792157446184086,0.7820412611757479,-0.01029141851445337,2727,1,Mercy,Shawn Mendes
2.233916482344565,-0.427284296212752,-1.0205429570742974,2729,0,Dame Tu Cosita (feat. Cutty Ranks),El Chombo
-0.41031712854594654,-0.5800189221677436,-0.4874313069080262,2728,0,Enemy - from the series Arcane League of Legends,Imagine Dragons
-0.33951282657333537,-0.2780110259523865,-0.0801723578781948,2730,0,Dear John,Wild Child
0.8102018272328371,-0.49490615829085033,-0.8175691898827359,2734,1,Mount Everest,Labrinth
-0.5011076625781848,-0.5908881234757947,0.05671602838689578,2736,0,Escándalo,Ñengo Flow
-0.40766608289459544,-0.8581874205540527,-0.5960937696051122,2743,1,LAISSE MOI,KeBlack
-0.36590799844131494,-1.141839529156898,-1.3298619901826738,2750,0,This Is The Life,LIZOT
-0.16522773390761045,-0.5701536517618917,-0.29564445739727213,2739,1,Baianá,Bakermat
-0.4112128733858122,0.3975806876418331,0.916042684653681,2751,1,Homicide (feat. Eminem),Logic
-0.45412006908590746,-0.37905830998858525,0.46183658576119396,2755,0,More Than My Hometown,Morgan Wallen
-0.40449873920412527,0.08463278182992577,0.7484725967935877,2740,1,Work Out,J. Cole
-0.15155660578448613,1.0949748540856166,0.05118295250275329,2744,0,Soltera,Lunay
0.29248430709040996,-0.7278404322927974,0.26788092292348126,2746,0,Fall In Love Alone,Stacey Ryan
-0.39226615019146893,-0.9581309341225728,-0.6595259241544398,2747,0,Huntin’ Wabbitz,J. Cole
0.18728162580432497,-0.2192119758536854,-0.6124167764177606,2752,1,Plain Jane,A$AP Ferg
-0.3650209243900832,-0.9424049038219043,-1.4035929404791803,2745,1,ORANGE SODA,Baby Keem
1.0904275629399962,-1.3087950664394337,-1.5052542583317687,2753,0,Clap For 'Em (feat. Flo Milli & Sada Baby),YungManny
-0.4119637922013424,0.24410414956166943,0.8880875637038684,2749,1,Righteous,Juice WRLD
-0.04986723394477176,0.8449020447255452,-0.3814270136452147,2742,0,Tú Foto,Ozuna
-0.3931848008718082,-0.2949019041340834,-0.010745798647831074,2748,0,Casei Com a Putaria,Mc Paiva ZS
-0.4087027902334699,-1.2488361773375465,-2.3286183253067367,2754,0,9mm,Memphis Cult
0.1624179430600936,2.9850786761257515,-1.1799862674300496,2741,0,SOLO - Live,BLACKPINK
0.13579138413634464,-0.542897405509848,-1.724632079469251,2759,0,Envy Me,Calboy
-0.4039339717204886,-0.6403537881438827,0.06889819626777491,2762,1,DEJA VU,Luan Santana
-0.4172127673805631,-0.7147499977286605,0.08782043071068255,2770,0,Gör Bak,Fatih Bulut
-0.4104669988977135,-1.1295886544715965,-1.8642783644074248,2773,1,vendetta!,MUPP
-0.2902317695374848,-0.8071561310243529,-0.4722445945588299,2775,1,Tá OK (Remix),DENNIS
-0.4775862212336392,-0.8092101400912742,-0.45245317416055064,2756,0,I'll Be Waiting,Cian Ducrot
-0.4006293400326055,-0.4394010452231611,0.41331784525324317,2760,0,Admirin' You (feat. Preston Pablo),Karan Aujla
0.013651667000598677,-0.5224737666966869,0.05468653882828382,2757,0,Untitled #13,Glwzbll
-0.3854654646341644,-0.23142281963159178,-0.025139608966533413,2767,0,El Belicon,Peso Pluma
-0.5502350741490951,-0.6203025367801885,0.6437102400649586,2764,0,imgonnagetyouback,Taylor Swift
-0.5281500290223121,-0.5137311330017138,0.6619356014345622,2772,1,Roses (with Juice WRLD feat. Brendon Urie),benny blanco
-0.4532001586569563,-0.2559269014139897,-0.01965783564223196,2769,0,BANZAI!,Kazuo
-0.3161165553812859,-0.09477120044825622,-0.41581519440458053,2763,1,One Thing Right,Marshmello
0.10332039804559189,1.0619140269817695,0.221473462664243,2771,1,Wildest Dreams,Taylor Swift
-0.4543504066266347,0.03372006308139863,1.9515551785134233,2758,0,Calling For You (feat. 21 Savage),Drake
-0.43777263756694607,-0.06528778954675449,1.5621006912246296,2774,0,Like That,Future
-0.3790082608646368,0.5908210993919562,1.457652585513384,2765,1,What About Us,P!nk
0.5155434272117364,3.1576556666334694,-0.10857145325655833,2768,1,On The Floor,Jennifer Lopez
-0.3620287160432972,-0.5168771302623284,0.03336219555095644,2761,0,Mentalité,Baby Gang
-0.1251537783649349,0.25873617513928615,0.2114349271569978,2766,1,"Taki Taki (with Selena Gomez, Ozuna & Cardi B)",DJ Snake
0.4889122197447331,-0.6510080509165176,-0.44041607385429776,2787,0,Captain Hook,Megan Thee Stallion
-0.46132932041258196,-0.9346815798231766,-0.5784318797317797,2789,0,I'll Be There,Robin Schulz
-0.37977218203908264,-0.4116854581710692,0.199520624582973,2777,0,Heavy stunts (with Don Toliver),Yeat
-0.40311024659143313,-0.8505611300025239,-1.2662601621264358,2785,0,Time Today,Moneybagg Yo
-0.3367354316629632,-0.04501580410427515,0.11461813733120316,2790,1,Hold Me While You Wait,Lewis Capaldi
-0.4844140630343059,-0.873124806599678,-0.48577273883148514,2779,1,messy in heaven,venbee
-0.4776520619241769,-0.6972018236455013,0.07698514420630836,2776,0,Maquillaje,Renn
-0.46169328016015004,-0.5723418433086549,0.9157347944470633,2788,1,Shiver,John Summit
-0.40285678115725554,-0.6366528237587934,0.06748430500768485,2794,0,Novidade na Área,Mc Livinho
0.09226697821027681,-0.7388125077214222,-0.32263130320490113,2786,0,Coming for You (feat. A1 x J1),SwitchOTR
0.6644185457653274,-0.8876240520231972,0.15442058675318757,2783,0,Toxic Pony,ALTÉGO
-0.45495704547921956,-0.8740168354648736,-0.5235599411138281,2780,0,Grey,Yung Filly
-0.36823005486734117,0.19507489212732768,-0.1263476475067346,2791,0,Aquí Abajo,Christian Nodal
-0.24375608378477895,0.7680892719099346,0.3903072786333,2784,1,Whistle,Flo Rida
-0.3940303460580328,-0.8380446070111516,-0.4121543154320643,2793,1,Ceux qu'on était,Pierre Garnier
-0.41304281948979704,-0.6930155568711941,0.0819627480863184,2778,1,Apaga El Cel,Calle 24
-0.4175347984863522,-0.5121774156012963,0.04007708551721359,2781,0,اختياراتي - من فيلم مستر إكس,Ahmed Saad
-0.2500847875559765,0.07807872958556726,-0.14820606253767604,2782,1,Leave Me Alone,Flipp Dinero
-0.4198748492561801,-0.7357646285772618,0.09193036985300324,2806,0,LATTE (feat. Maria Becerra),The Academy: Segunda Misión
0.27128345046711977,3.9411620763420436,-0.09856001611492962,2800,1,Rolling in the Deep - Acapella,Adele
-0.44446240802355885,-0.935977627816927,-1.2909189499023261,2804,1,In My Head,Lil Tjay
-0.21077280170351856,0.23728833749778666,-0.5882873264872363,2808,0,Plan A,Paulo Londra
-0.09980516570982399,-0.7788277436496082,0.06305785816902709,2802,0,GoodSin,Olivetheboy
0.18098841757886894,3.293173716310226,0.02081396059779607,2795,0,Thrift Shop (feat. Wanz),Macklemore & Ryan Lewis
1.464867607382108,0.8829132649831652,0.09908602807805493,2805,1,River,Bishop Briggs
-0.07552076114439654,1.7013321363523157,-0.4943906175375515,2801,0,Dil Diyan Gallan,Atif Aslam
-0.5053162366612229,-0.43535079313631214,0.6975424786603073,2810,1,Little Bit of Love,Tom Grennan
-0.17368366685909292,0.47986696697266973,0.28684242718176134,2809,1,I Knew You Were Trouble.,Taylor Swift
-0.5016534194307377,-0.682031588044445,0.3932348892578769,2811,0,Fresh Out The Slammer,Taylor Swift
-0.036056089044962256,1.8292234532776983,1.5089817843683877,2796,1,The Real Slim Shady,Eminem
-0.1345717442873593,0.5932644687217292,-1.687106258984754,2807,1,Left and Right (Charlie Puth) [feat. Jung Kook of BTS] - Sped Up Version,sped up nightcore
-0.3425017157548367,0.42964512272061106,0.7987496944787947,2799,0,Save Me,Jelly Roll
0.30099771270065645,0.07582897837872005,-0.13058605414299104,2803,0,ทน,SPRITE
-0.5152497411311662,-0.4662715928778717,0.9678398023018788,2798,0,Best For Me,Joyner Lucas
-0.46190236126578754,-0.5611526085275668,0.05009956973353732,2797,0,Ni Me Debes Ni Te Debo,Carin Leon
-0.4428968744146791,-0.27752904283539903,-0.012173438699455528,2816,0,Ya No Vuelvas,Luck Ra
-0.15409896956357932,1.4219282624062266,0.1327162088783953,2815,1,Scared To Be Lonely,Martin Garrix
-0.11359855407841404,0.6939411427375263,-1.016846963381761,2819,1,Un Año,Sebastian Yatra
-0.40341786923390566,-0.5187474675393704,-0.729165006257803,2814,1,21,Polo G
-0.22963284445942406,0.1427324036056838,2.0177801389792163,2817,1,I Gotta Feeling,Black Eyed Peas
-0.32129732054712495,-0.8485520278628058,-0.2621622996887514,2818,0,NOSTYLIST,Destroy Lonely
-0.3251634956984022,-0.7378263731499323,-1.0833780491619587,2812,0,Respect (2021 Remaster),Aretha Franklin
-0.3894756371942232,-0.9518632662792821,-1.4808586490794144,2820,1,SO DONE,The Kid LAROI
1.5776564135900768,-0.9356025156444253,0.03352120785368934,2813,0,The Boat Beat,Ricky Desktop
-0.35464600407630253,0.9403781138690187,0.9478025243741528,2835,1,No Es Justo,J Balvin
-0.3228382708099663,-1.0604747715234701,-1.858567147169525,2840,0,New Jeans,NewJeans
0.001285467791227406,-0.47445437734658885,-0.02030546802084535,2826,0,Cat Partying (TikTok Sped Up) - Remix,Music Factory
-0.04275868162213793,1.1689173836382272,-0.5077587690466339,2825,0,WANNABE,ITZY
-0.3825738370344403,-0.3949530592640406,0.26533871541585574,2839,0,No Angels,Justin Timberlake
-0.25253034829535526,0.09565206627743143,3.1320168131699937,2836,0,Champagne Poetry,Drake
0.04928065651053384,1.0056178838934788,0.5732038825076823,2823,0,Imitadora,Romeo Santos
-0.3722773618253541,-0.45644697297584125,0.023447996646740122,2828,0,Влюблён,Akris & Teddy
-0.4667413067123197,-0.42259197105372404,0.5637901029736095,2830,1,20 Min,Lil Uzi Vert
-0.35292104331144736,-0.30962656709433745,-0.006125633870495162,2824,0,Om Jai Jagdish Hare,Shivali
-0.23741610764257848,0.9246573584058256,-0.24852477697996925,2834,0,Ya No Tiene Novio,Sebastian Yatra
-0.29697919855928034,0.28024434618827376,0.9681447858178134,2838,1,Your Power,Billie Eilish
-0.47446584332393155,-0.6752590482313328,0.07149562519826735,2837,1,Bling Bling,Grupo Marca Registrada
-0.41498913220227013,-0.6670021611743067,-0.237726484002325,2827,0,PERO TÚ,KAROL G
0.570658967397499,-0.327749324686087,0.34523419030131725,2833,0,N'y pense plus,Tayc
0.6790895896208817,-0.397794311235166,-0.5517880071653388,2831,1,Body,Megan Thee Stallion
-0.5560590517164716,-0.5265816948084039,0.9423064438314985,2822,1,Where You Are,John Summit
-0.12115837472405466,2.5282325963274337,4.365086616044632,2821,1,Scream & Shout,will.i.am
-0.5035419387318206,-0.615352930096496,0.5429736228308428,2832,0,bigger thën everything,Yeat
-0.21942648488049207,-0.8736980583536749,-0.4325669237670968,2829,1,Princess Diana (with Nicki Minaj),Ice Spice
-0.3380400229016991,0.7632812472956013,0.5987916760435795,2852,1,This Is Me,Keala Settle
-0.3569608421092107,0.27966819204859933,0.4378836832220238,2849,1,QUE PRETENDES,J Balvin
1.1532186118171552,-0.6875069877844345,-0.005994431305513403,2842,0,The Chicken Wing Beat,Ricky Desktop
-0.41697473793380857,-0.718791374268281,0.08776010723781032,2850,1,Não Vou Namorar,DJ Ws da Igrejinha
-0.4224921119401175,-0.7085118347010464,-0.3019609670912619,2848,0,Rim Tim Tagi Dim,Baby Lasagna
-0.2835709868319512,0.14461403270940343,-1.0174988633991418,2845,1,Baila Baila Baila,Ozuna
-0.4847652145474856,-1.0272091869814028,-0.9760463666117325,2847,1,Ms. Jackson,Pashanim
-0.3775625591176028,-0.2721522888390679,-0.023543893338092117,2844,0,SÚPER ULTRA MEGA,Picus
-0.4041095923962165,-0.93081885152669,-0.46546503384066606,2846,1,Happier (feat. Clementine Douglas),The Blessed Madonna
-0.5159401827573386,-0.6571587977218005,0.07281368126389129,2853,0,Sin Tanto Royo,Luis R Conriquez
-0.0800468986445803,1.4830278529591001,-0.16021643042282613,2851,0,Psycho,Red Velvet
-0.4935324634627018,-0.8481705083783144,-0.23867802143287506,2843,1,Rhyme Dust,MK
-0.42548459019920176,-0.7687849213854034,0.10000677394540114,2869,0,Tu Foto,Q' Lokura
-0.09018426412253933,-0.6073265636125664,0.8522792712109514,2864,1,Loco,Justin Quiles
-0.36154450153904205,-0.661893708168307,-0.157649244499171,2865,0,Siempre Pendientes,Peso Pluma
-0.44133288909183466,-0.7652588107747091,-0.491701038058795,2858,0,LALALI,SEVENTEEN
-0.3785862369886511,-1.09452509114573,-1.5088046069057235,2867,0,Slut Me Out,NLE Choppa
-0.31205995871840164,-0.9740747101464204,-0.631021681279937,2859,1,Real Love,Martin Garrix
-0.31688650167269605,-0.32496789436115314,-0.48193036064375294,2856,1,A Tu Merced,Bad Bunny
-0.2231072356807671,-0.1895282498918812,0.3676597711823541,2863,1,Cake By The Ocean,DNCE
-0.22357336412810788,0.5796072757003513,-0.2957060232231725,2857,1,Exchange,Bryson Tiller
-0.13438775511120302,-1.0000428289257755,-1.1723828040481938,2868,1,Wasted Love (feat. Lagique),Ofenbach
-0.40871279272864736,-0.2931785261493051,-0.3315540999519248,2862,1,She Got the Best of Me,Luke Combs
-0.4178300560617382,-0.16347063734791425,-0.2682990617050114,2866,0,Y Si Se Quiere Ir,"Luis Angel ""El Flaco"""
-0.32822521205033034,-0.33282884882528607,-1.121664030838296,2854,1,Camelot,NLE Choppa
2.403484482913558,-1.087775257659188,0.21650581968517538,2861,0,Stuck In The Middle,Tai Verdes
-0.3978026659083971,-0.9011382406540841,-0.9328397284818711,2860,0,Step Back!,1nonly
-0.31463108303704096,0.1960190132261175,0.06702586557214064,2855,0,怪物,YOASOBI
-0.48936611010930187,-0.7452688272062771,0.11358466570651385,2882,0,UK Rap,Dave
-0.4136771378046561,-0.6928836046609979,0.08267542000834997,2886,0,Yugur,Dildora Niyozova
-0.0995517983655812,1.029524218673367,-1.4199829061418185,2881,0,Mi Cama,KAROL G
-0.35163563310123924,-0.3084303315850755,-0.007645760203838837,2879,0,Always This Same Old Song,Bingo Club
-0.488956774695625,-1.036263289952246,-0.957147056210838,2884,1,True Love,Kanye West
-0.17005806767731085,-0.6007882252031016,-0.6013807329177353,2877,0,La Triple T,TINI
1.2604312987405775,-0.4548459600103016,1.2362223604984897,2876,1,Car's Outside,James Arthur
-0.4930828078718012,-0.3955007051190179,1.632516273148341,2874,0,Northern Attitude (with Hozier),Noah Kahan
-0.06001182927015036,0.2664403615099208,1.7350020975627376,2873,1,Paradise,Coldplay
-0.1366501093051118,-0.793540797875882,-0.664330793282064,2888,1,Devil Doesn’t Bargain,Alec Benjamin
-0.39914000711666886,-0.4809783397041858,0.031045388087125876,2887,0,Vamos Aclarando Muchas Cosas - En Vivo,Codiciado
-0.3556755981639477,-0.2834331218350489,-0.24134792601779634,2880,1,Peru,Fireboy DML
-0.4267418718967607,-0.5317067987764339,-0.4940282053312355,2871,1,Haja Colírio (feat. Hugo & Guilherme) - Ao Vivo,Guilherme & Benuto
-0.43653946400714755,-0.6808636333365453,0.257746928893415,2872,0,Just Pretend,Bad Omens
-0.4712707404908888,-1.0556092884240054,-1.195931644553258,2870,0,older,Isabel LaRosa
-0.36837351046223904,-0.3868532305654622,0.015409084229601867,2889,0,Happy Dance,Elmo
-0.1079330204248282,0.16300870462391234,0.4514642731283176,2878,1,Glorious (feat. Skylar Grey),Macklemore
-0.4961395246050581,-0.5514370648647048,0.6211412250596984,2875,0,Alone,Burna Boy
-0.29623015446881057,0.7303180691803887,0.5457953202052362,2885,1,Delicate,Taylor Swift
-0.4812260712022155,-0.6706089471429255,0.033506905589690814,2883,1,Labios Mordidos (with KAROL G),Kali Uchis
-0.3058224401079453,-0.0401432542135695,-0.07353188249392265,2892,0,"No Me Conocen (Remix) [con DUKI, Rei & Tiago PZK]",BANDIDO
-0.7230544018171514,2.517881631181419,9.274093713001127,2899,1,Ni**as In Paris,JAY-Z
-0.4508298133164271,-0.5945408350135754,-0.5754305279621997,2893,1,Be My Lover (feat. La Bouche) - 2023 Mix,Hypaton
0.420585640882414,-0.498134803593246,-0.06247624446423218,2897,0,Butterfly x Boom - Remix,LEA
-0.5829266564946058,-0.2471584299654905,1.7726114198888954,2894,0,On The Radar Freestyle,Drake
-0.49593772580870005,-0.8623853599797374,-0.5460617756867696,2906,0,Forever (feat. Fridayy),Lil Baby
-0.3232514789479255,0.01040534609742481,-0.038711895724186804,2895,1,Bang Bang,Jessie J
-0.14552318814184367,0.36487533799272653,0.3300773783857272,2890,1,Reminder,The Weeknd
-0.4525705491493449,-0.8371838593839036,-0.2633015803383856,2908,1,"""Slut!"" (Taylor's Version) (From The Vault)",Taylor Swift
-0.41155025420824753,-1.1267143145324625,-1.2164571093331495,2896,0,icantbelieveiletyougetaway,aldn
-0.2717798025544343,0.10654663937931051,-0.11975768083947877,2905,0,Harmless Python,Hot Lemon
-0.3722773618253541,-0.45644697297584125,0.023447996646740122,2902,0,Funk Estranho,prod.67
-0.4898543346688638,-0.3348506672913582,0.7600496717664388,2901,0,Yo No Soy Celoso,Bad Bunny
-0.4229209013738164,-0.7525721131784656,-0.8249407513609203,2909,1,Head Shoulders Knees & Toes (feat. Norma Jean Martine),Ofenbach
-0.4725690315978979,-0.7753197553999118,-0.42069068170548374,2907,1,JEALOUSY (feat. Cardi B),Offset
-0.5135714091837109,-0.2784379184564469,1.2291485057973022,2898,1,Clash (feat. Stormzy),Dave
-0.004384574048368106,-0.38347353624015434,-0.3584781484462703,2891,0,Salt,Ava Max
0.13336839041820547,0.3543589461731399,0.9847060855549945,2900,1,Fire On Fire,Sam Smith
-0.15756858057936474,-0.4686782491164969,0.0020570739188314298,2904,0,Problema,Carlos Agassi
-0.4642327478921423,-0.5932680814104533,0.25495829343874454,2903,0,Shoong! (feat. LISA of BLACKPINK),TAEYANG
-0.1530196940580437,-0.6077884274970042,-0.5128569821514417,2931,0,"Leave Em Alone (Layton Greene, Lil Baby feat. City Girls, PnB Rock)",Quality Control
-0.48730319663640637,-1.0303652320730539,-0.9420628786188976,2919,1,Boyz In Paris (with VINAI),Marnik
-0.38190653250294176,-0.6007283877101004,-0.3767152406272916,2929,1,3 Nights,Dominic Fike
-0.3371509645400766,-0.7315082153702765,0.08102795502868052,2928,0,Ngozi,Crayon
-0.44442297996525715,-0.8741809294920811,-1.072817821121875,2910,0,i am not who i was,Chance Peña
-0.035002735632746945,-0.7472332468866049,0.04734338615289251,2915,0,Single Again,Harmonize
-0.23331243213787922,-0.6808234314066566,-0.8560890158098505,2927,1,July,Noah Cyrus
-0.09733066276867183,0.8670126859332772,-0.31089869852271074,2911,1,Perro Fiel (feat. Nicky Jam),Shakira
-0.36696559067311824,-0.33326673474046,-0.006743833025421796,2930,0,Andamos Mejor,Los Gemelos De Sinaloa
0.00410331025512845,1.8350068964122754,-0.6501526514904372,2921,1,Drag Me Down,One Direction
-0.3085558920000222,-0.48180647428200646,-0.7227482840812437,2918,0,Tu Turrito,Rei
-0.3722773618253541,-0.45644697297584125,0.023447996646740122,2913,0,greedy,Tate McRae
-0.4730491714171233,-0.03469718986810562,0.8736404909253885,2922,0,По барам,ANNA ASTI
-0.13223661419957783,-1.0283864112285952,-0.6020320099259543,2923,1,Meet Me At Our Spot,THE ANXIETY
-0.07205885695924666,-0.7969637443304594,0.080560723014956,2926,0,Get Off The Wall,Philly Goats
-0.06246622109242026,-0.23556092492877928,0.5920500240583848,2925,1,It'll Be Okay,Shawn Mendes
-0.23837623647498707,-0.4990893106621898,0.05002233018054945,2924,1,"Cayó La Noche (feat. Cruz Cafuné, Abhir Hathi, Bejo, EL IMA) [Remix]",La Pantera
0.31673084577630384,2.104001789985078,-0.24774171989961366,2916,1,Stereo Hearts (feat. Adam Levine),Gym Class Heroes
-0.3177121478467672,-0.7823282568062617,-1.2584293993599458,2914,0,Number 2,Lil Tecca
-0.5994770481173763,-0.07404019452511891,2.794358191351789,2912,0,Tuesday (feat. Drake),ILOVEMAKONNEN
-0.23891169589732428,1.326658981097694,0.8707572939003994,2920,0,Killshot,Eminem
-0.4514052617457501,-0.5213684824905227,0.03951316667510477,2917,0,Cartão Black,MC Caverinha
-0.280936077358534,0.11115413870947828,-0.10961061333735404,2945,0,Jai Jai Shivshankar (The Unwind Mix),Benny Dayal
-0.3640365457752479,-1.1037090007958192,-1.277248098773745,2937,1,Fuck Niggaz,YoungBoy Never Broke Again
-0.48321347497923495,-0.29751568144349466,1.2539503611176492,2932,0,Drama (feat. Drake),Roy Woods
-0.3453453759442894,-0.31439236832366,-0.007490087383485946,2935,0,Entre Nosotros,Tiago PZK
-0.339066858315477,0.8324146701700654,0.8032086439150788,2944,1,Lucky You (feat. Joyner Lucas),Eminem
-0.5217156097612216,-0.49474476055707595,0.9759688618601118,2940,0,Casanova,Soolking
-0.5216599728852922,-0.716923522377895,0.08608021190270962,2938,0,Fruto,Bizarrap
-0.210023879912458,-0.7753125275089843,0.07177173478892006,2934,1,Bandana,Fireboy DML
-0.3630929722919722,-0.7835059165044193,-0.35048147792934864,2936,0,the perfect pair,beabadoobee
-0.3271777588157591,-0.8615893852261328,-1.2552513819171263,2948,0,F.N.F. (Let's Go),Hitkidd
0.3180241366717414,-0.8523914271275743,0.06323667795845479,2942,0,Falling Angel,HCTM
-0.3053440937938858,-0.3281026591309519,-0.2111939414092828,2946,1,Sofia,Clairo
-0.2324735973098649,-1.1763472177353687,-1.6153563803916948,2943,0,Speed Drive (From Barbie The Album),Charli xcx
-0.48054405292873387,-1.0226528326854472,-0.9460114806656326,2939,0,A N X I E T Y (feat. Doechii),Sleepy Hallow
2.78812604475576,-0.9799441356818909,0.4063131428266893,2949,0,Forever,Labrinth
-0.3785375651149807,-0.7870229293733261,-1.3287693542342334,2947,0,SLUT ME OUT 2,NLE Choppa
0.1731335305494311,-0.4850497319358997,-0.03582112394363022,2941,0,He Ya Pyar Sajena,TOADI
-0.5269092060489605,-0.5037628998047206,0.5844959544121037,2933,1,Silent Hill,Kendrick Lamar
-0.16981019300419795,-0.7155528056279876,0.07260181527092187,2950,0,The Autotrem 1.0,DJ RICK 013
-0.38967317981379906,-0.566805822303855,0.04890607607206698,2955,0,Revenge,XXXTENTACION
-0.16122332701895833,-0.19837816599917765,-0.4467315722352835,2962,0,Attention,NewJeans
-0.42807104767031184,-0.7352891134224331,0.19970451719470236,2968,0,Spring Snow,10CM
-0.3722773618253541,-0.45644697297584125,0.023447996646740122,2957,1,Tshwala Bam (feat. S.N.E) - Remix,TitoM
-0.3686038961735035,-0.5464428118169847,0.04464024972736864,2969,0,Halls na Língua,Kadu Martins
-0.47005431269121994,-0.9503681885759735,-0.8163950842944667,2964,1,21 Reasons (feat. Ella Henderson),Nathan Dawe
-0.14186794344877562,-0.8007929326134566,0.07074159860433926,2975,0,Yeshua (dance cruise),Dj Bentoa
-0.4059258493880026,-0.6535637610406337,0.07184298511824697,2966,0,Zaalim,Badshah
-0.3714103355979039,-0.45521963357989986,0.02240083656265933,2963,0,Aa,Roach Killa
-0.247187407688391,-0.06108140192569264,-1.1382093138404288,2970,1,Rojo,J Balvin
-0.1358324984792742,-0.35419538747598645,-0.5553282816136701,2965,1,Wonder,Shawn Mendes
-0.3552912493620755,-0.32848117194777376,-0.0024588422752357068,2971,0,Search Bar,NANI
-0.33525400589688464,-0.5526591183375601,0.5760096256178588,2967,1,Muñekita (with El Alfa & JT),Kali Uchis
-0.25398915052440074,-0.31867298503103836,1.059814976515712,2954,1,Midnight City,M83
-0.365833097673595,-0.34976369417749403,0.5235573414628205,2953,0,Better Together,Luke Combs
0.14040739943756617,-0.3678913302046332,0.43671966477283614,2952,0,Sal y Perrea,Sech
-0.3722773618253541,-0.45644697297584125,0.023447996646740122,2973,0,IDGAF (feat. Chris Brown and Mariah the Scientist),Tee Grizzley
-0.46424092976508413,-0.5776976420644389,-0.1754130526979811,2961,1,drunk text,Henry Moodie
-0.4807603815177649,-0.6348937052489753,0.25371358714613534,2959,1,UNA NOCHE EN MEDELLÍN - REMIX,KAROL G
-0.1651145610285933,0.9209183283597498,-0.9089514242667116,2974,1,Ginza,J Balvin
-0.42476818493975976,-0.1144003430286747,-0.0580763888062284,2960,0,Hari Hari Odhani,Pawan Singh
-0.5755944680186098,-0.30344409389114174,1.4656806464442842,2956,1,AM Remix,Nio Garcia
-0.31413926699714534,0.192758082598541,-0.13040977846034513,2951,0,Baby Me Atende,Matheus Fernandes
-0.27391694852275317,0.7910454649393454,-0.26511227755119704,2972,0,Hello Koun,Ritesh Pandey
-0.29086834153928565,0.6755396405899031,-0.24024739026837752,2958,0,La Jeepeta,Nio Garcia
-0.19707623616844602,-0.455993523456645,0.2001534173268682,2994,1,Jumpman,Drake
-0.45123153834427343,-0.6497103446227932,0.6424640186837026,2979,1,Creatures in Heaven,Glass Animals
0.3317091527075384,-1.393815692970832,-2.006079668460346,2991,0,die,lucidbeatz
-0.4651315608105218,-0.7246676819074028,0.09092079320061154,2990,1,Late At Night,Roddy Ricch
-0.5481982357844594,-0.5302519723679143,0.8459596492306151,2992,1,Blank Space (Taylor's Version),Taylor Swift
0.7536854982242851,-0.5430274403740798,-0.29641682357407256,2976,1,Dancing in My Room,347aidan
-0.3749512425563425,0.5328029429210452,0.6271893019668253,2983,1,Wild Ones (feat. Sia),Flo Rida
-0.35613786793561697,-0.5654305304679439,-0.5840908472573509,2977,1,Heartless (feat. Morgan Wallen),Diplo
-0.3464435554273951,-0.40673563734173235,0.10073263535979946,2981,0,CAKE,ITZY
0.18784095001005405,-0.6105243851734677,0.9109511511067984,2993,1,I AM WOMAN,Emmy Meli
-0.43686310290949293,-0.6160185827702366,0.5292705878726045,2988,0,THUNDER Y LIGHTNING,Bad Bunny
-0.15317399027421644,-0.6035302372211488,0.5382450657446844,2986,1,Evergreen (You Didn’t Deserve Me At All),Omar Apollo
1.196624773126895,0.10856291959867552,-0.2172311336393884,2987,0,Personal,HRVY
-0.5181787087166588,-0.7944170046387168,-0.1301095918873825,2985,1,Lionheart (Fearless),Joel Corry
-0.43759083807853094,-0.6375327809951664,-0.8526600651412284,2980,1,Nevermind,Dennis Lloyd
-0.5256945838481294,-0.5481922470216042,0.9352264766789944,2982,0,Needle (feat. Drake),Nicki Minaj
-0.42601864426381375,-0.7720590344430519,0.10078243014362034,2978,0,Dale Don Dale,ElMusto
-0.23271642744543677,-0.0022335537718217004,-0.2984649680122993,2989,1,Slow Hands,Niall Horan
-0.4993225081950627,-0.8285111785195948,-0.2527110066593964,2984,0,I Wrote The Book,Morgan Wallen
-0.42424909159578345,-0.4987565656735281,0.4970408635919742,3000,0,It's Plenty,Burna Boy
-0.42938241485636686,-0.7374516926251369,0.20979575209021326,3005,0,sneaky,21 Savage
-0.34561334062400306,-0.07736364818358941,-0.4202877389896141,3002,1,Magnolia,Playboi Carti
-0.3860968412936802,-0.53027429715356,0.04295402255935192,3004,1,Moletom,Luan Pereira
-0.42304048318542886,-1.019722061800534,-1.0082708815237187,2999,1,Now That We Don't Talk (Taylor's Version) (From The Vault),Taylor Swift
0.7212058616306378,1.608106156111495,0.1121611470982222,2998,1,Hot N Cold,Katy Perry
-0.3981175825341758,-0.3675809118727491,1.1412209752957725,3003,1,Matilda,Harry Styles
-0.25538442487048324,0.35286026792224023,-1.0065485193159047,3008,1,Why'd You Only Call Me When You're High?,Arctic Monkeys
-0.165178597357665,2.3961974867879086,3.016008359593622,3001,1,Beauty And A Beat,Justin Bieber
-0.1726589743652747,1.0178370275086448,0.25782134286575686,2996,1,GIRL LIKE ME,Black Eyed Peas
-0.4991457345885143,0.01867262973025974,1.3196133499260991,2995,0,Khalasi | Coke Studio Bharat,Aditya Gadhvi
0.5214427532498642,-0.540263421106719,0.00021423932799051002,3006,0,ฉลามชอบงับคุณ Feat.IIVY B,bonnadol
-0.4191606250609858,-0.7311730234126433,0.0908819886530721,3010,0,Chyba że z Tobą,MODELKI
-0.09792408221328494,0.7084095000188287,0.43838073753029444,2997,1,Never Be the Same,Camila Cabello
-0.29999405510594385,0.22269556913797864,-0.2901141786447356,3007,1,If I Can't Have You,Shawn Mendes
-0.241449295099687,-0.14397046887522658,-0.3734385788596748,3009,1,Chica Ideal,Sebastian Yatra
-0.16503486065923031,-0.12341885123974848,1.4446579727214028,3016,1,august,Taylor Swift
-0.3298252128250455,-0.7099850755297852,-0.9738623087203178,3019,0,Doomsday,Juice WRLD
-0.38974931973895693,-1.0197876228378242,-0.8081924975057045,3015,1,Body Moving,Eliza Rose
-0.013157362756744121,1.36134167961092,-0.0035939712503515256,3012,0,FANCY,TWICE
-0.567251603531808,-0.41199580772464645,1.353698169256864,3023,0,MODERN JAM,Travis Scott
0.27090833516944485,2.623939091030098,-1.4410828611578321,3011,1,I'm an Albatraoz,AronChupa
-0.4289502467182158,-0.6362255918830516,-0.12368063893405372,3017,0,Seya,SativaMusic
-0.4001392812318309,-0.6080861313319535,0.06291968324223564,3022,0,La Familia Dedo de Cuquín,Cleo y Cuquín - Familia Telerín
-0.45436168196864185,-0.367919513906113,0.052248329455810996,3014,0,Maybach (feat. Future),42 Dugg
-0.4612992812992307,-0.5882935971130246,-0.3990119008565899,3013,1,Epidemic,Polo G
-0.4284392239975464,-0.4720967149521608,-0.19481687471211642,3024,0,BOUNCY (K-HOT CHILLI PEPPERS),ATEEZ
-0.4180783001328626,-0.809914083462199,-0.06644628942973009,3021,0,Liquor & Cigarettes (feat. ArrDee),Chase & Status
-0.4000888421826575,-0.6976785175980188,-0.06348941522300323,3020,0,pa,TINI
0.5663641526652606,-0.44581603005948944,-1.5803486144380339,3018,1,My Type,Saweetie
-0.390130126815156,-0.7080652047637601,-0.21596104314480585,3026,1,UNA BALA,Milo j
-0.4168326405687324,-0.7180048029051093,0.08755811439262327,3027,0,Ya Pedo Quién Sabe,Grupo Frontera
0.481814700159172,0.6278001892377149,-0.3193901474820648,3030,0,"She Don't Know (From ""Blessed"")",Millind Gaba
-0.4657094297431084,-0.9723353309056495,-0.7732285278458823,3032,0,Take My Name,Parmalee
-0.3722773618253541,-0.45644697297584125,0.023447996646740122,3038,0,Danza Kuduro - Cover,LOVE BGM JPN
-0.42160150492806964,-0.8084185014390111,-0.020656879016438857,3025,0,"Rauw Alejandro: Bzrp Music Sessions, Vol. 56",Bizarrap
-0.32859934488557824,0.7908397197474571,0.9079190697137061,3031,1,Good Feeling,Flo Rida
-0.41664352375429914,-0.7154094493846872,0.08720894217550208,3034,1,Amor Na Praia,NATTAN
3.61124906051551,-0.3623689416145929,0.9318112429874201,3035,1,Cool Kids,Echosmith
-0.3722773618253541,-0.45644697297584125,0.023447996646740122,3395,0,Too Rolling Stoned - 2024 Remaster,Robin Trower
-0.39211248451875974,-0.3887232534746779,-0.35772127065224685,3033,1,GATTI,JACKBOYS
-0.3026730515380492,0.2093704544388603,-0.13427472885485114,3037,0,El Envidioso,Los Dos Carnales
0.25850618319636987,3.298098811789297,-0.8868562058976651,3029,0,Smells Like Teen Spirit,Nirvana
-0.20953639028918278,-0.7864206393140301,-1.1263319308648554,3036,0,AUTOMÁTICO,Maria Becerra
-0.14494707193633075,-0.8567601558209993,-0.5934199916036609,3028,0,Sability,Ayra Starr
-0.1372873586079325,0.9209386946221719,-0.3145675471775752,3056,0,Naach Meri Rani,Guru Randhawa
-0.4351661431984576,-0.9561542546416109,-0.6214372824836308,3039,1,Praise The Lord (Da Shine) (feat. Skepta) - Durdenhauer Edit,Durdenhauer
-0.23070470614746977,0.6172917820098154,1.2645471684340701,3053,1,Antidote,Travis Scott
-0.4487375566400498,-0.4313913259049134,0.5014074405185516,3050,0,晩餐歌,tuki.
0.06187565224229356,0.20094912685857436,1.2605622638596476,3052,0,World Cup,IShowSpeed
-0.5134534638572759,-0.7501465954527332,-0.11166160542994517,3047,0,Summer Too Hot,Chris Brown
-0.055363761991678015,-0.8080018147757108,0.06619598273851755,3046,0,ลองรักดูไหม,NOAH
-0.5696561156930547,-0.5533188253985145,0.9493619026753708,3043,0,Aria,Argy
-0.4220531664474996,-0.6432427846147284,0.29174130834993756,3042,1,Lua,Ana Castela
-0.18913916076291948,1.9120904233246825,1.354911111798429,3055,1,Tu Falta De Querer,Mon Laferte
-0.4421146845282924,-0.27805479596636423,-0.006264335546463847,3044,0,Christmas Love,Jimin
-0.4860049261894869,-0.8387962929065236,-0.6151461059383473,3057,0,Never Lose Me (feat. Lil Yachty),Flo Milli
-0.4317353666333068,-0.47528159273770654,-0.10122740001897639,3040,1,Be Like That - feat. Swae Lee & Khalid,Kane Brown
-0.4588211306473339,-0.8089553587785613,-0.6090714738487673,3041,1,all-american bitch,Olivia Rodrigo
-0.39318386821692597,-0.33158648684326597,0.5145956714884861,3048,1,"Soweto (with Don Toliver, Rema & Tempoe)",Victony
-0.47219475413129597,-0.4536283401586652,0.4080461802095924,3058,1,Drankin N Smokin,Future
-0.5491411754927964,0.029788954132722107,1.9024461477978536,3049,0,Count Me Out,Kendrick Lamar
2.211913210655477,-1.153980983235761,0.26989358002661673,3045,0,"MHD: Bzrp Music Sessions, Vol. 44",Bizarrap
-0.41413647578411716,-1.1095877524372686,-1.5920974433744746,3054,0,Exclusive.mp3,Emilia
-0.4609982672149133,-0.5493714124422207,0.8396207932731814,3051,0,Pointless,Lewis Capaldi
-0.057699309951978625,1.3361588068113643,-0.6599158544103229,3074,1,Say My Name (feat. Bebe Rexha & J Balvin) - Corey James Remix,Bebe Rexha
-0.25056402273164313,-0.4551198831742466,0.03353386946003585,3059,0,Old Love,yuji
-0.28277314298341877,-0.66260311951421,-0.6359392400341163,3075,1,Rover (feat. DTG),S1mba
-0.47306994938792735,-0.686346856468535,-0.26289626087261175,3077,0,Me Enteré,Tiago PZK
-0.2882981301739932,-0.18161647703809786,-0.43594190436877484,3061,1,La Tóxica,Farruko
1.198836224569334,-1.1360942233631406,-1.052253065163396,3072,0,fast,Sueco
-0.37367909372635943,-0.6330530899918027,-0.2708442638405494,3073,0,"Saari Duniya Jalaa Denge (From ""Animal"")",Jaani
-0.2199454983917774,-0.6091916055594636,-0.47951220597564015,3070,1,Truth Hurts,Lizzo
-0.40335634919145635,-0.6991192159818818,0.1528204042292785,3076,0,Calor,Nicky Jam
-0.41259307909890436,-0.688253734602577,0.08120554400712146,3060,0,Ya No Estoy Dolido,Adrian L Santos
0.09578844321797803,-0.5266851328442229,0.37718229979154216,3068,0,Aguacero,Bad Bunny
-0.2869544833296425,0.5199651807623701,-0.43538913943697927,3065,0,Quiere Beber,Anuel AA
0.4090406064610003,1.0482584719021035,0.4320979389468598,3066,1,My Ordinary Life,The Living Tombstone
-0.54762523111625,-0.5008799077620394,0.8197355960838159,3067,0,Won't Forget You - Edit,Shouse
-0.46823719372438016,-0.7141355218533701,-0.1900645742652871,3062,0,Enough,charlieonnafriday
-0.3722773618253541,-0.45644697297584125,0.023447996646740122,3069,0,Get Involved (feat. Q-Tip) [Mixed],Raphael Saadiq
0.06902178498392364,2.1436539003608246,0.7621627358982191,3064,1,Elastic Heart,Sia
-0.4631530534064736,-0.4019213838315964,0.40156468362719233,3071,0,Freaky Deaky,Tyga
-0.42339150212434745,-0.758937367890588,0.09712163166583744,3063,1,IMAN (Two Of Us),Maria Becerra
-0.49609571201289865,-0.7683177583109934,0.15254372563145846,3078,0,Straight and Narrow,Sam Barber
-0.44274919889510694,-0.22107101992679676,-0.033175723413795495,3079,0,Bhai Tera Gunda,Aman Jaji
-0.43344619069613405,-0.5942719248581325,-0.28519409040082483,3089,0,Chasing That Feeling,TOMORROW X TOGETHER
-0.4241344660327008,-0.7597690868338167,0.09800753993197056,3090,0,SUBMARINER,AKDO
3.0528172580577,-1.0664468972949541,-0.004152218712115279,3091,0,Coño (feat. Jhorrmountain x Adje),Puri
-0.45612697942726027,-0.7652133268138149,-0.520652953060143,3086,0,To. X,TAEYEON
-0.4253547461477022,-1.0453293964472732,-1.24293213851299,3081,0,Харизма,Wallem
-0.4865234407759718,-0.3985847679203791,1.003406616935969,3083,0,2 Phones,Kevin Gates
-0.39146452803100584,-0.9424870159265145,-0.6402801282562998,3092,0,Love Lost,Mac Miller
-0.48725382387617416,-0.5968226988788914,0.05854500937208502,3085,0,Melhor Só,KayBlack
-0.04963094291671545,-1.143369577861323,-1.2356542511652704,3082,0,It's Getting Hot,NLE Choppa
-0.44126731405606906,-0.14983685542741007,0.34402020044790255,3087,0,On Chill (feat. Jeremih),Wale
-0.4935196972572158,-0.8193622371364907,-0.07176770529525076,3084,0,Tourniquet,Zach Bryan
-0.38564283282820694,-0.9521335124198614,-0.9783228193109673,3093,0,Strike (Holster),Lil Yachty
-0.4775692103053222,-0.9472199892001544,-0.7786749925925179,3088,0,Bad Boy (with Young Thug),Juice WRLD
3.814608504781797,-0.6463946293425723,1.4207323772004352,3080,1,Collide (feat. Tyga),Justine Skye
-0.4380652567782462,-1.1138926633438844,-1.203963255657189,3110,0,Magic Johnson,ian
-0.4458476233963433,-0.8866807733077775,-0.38944375004934406,3111,0,Love seeker,JO1
-0.46204140123378235,-0.9347071882658039,-0.5704422938996053,3107,0,Wine Into Whiskey,Tucker Wetmore
-0.4648718567436985,-0.7474715324229787,0.09996607705806038,3101,0,Masterplan,BE:FIRST
0.07694289730031503,-0.6649121685874623,0.049764132951980976,3094,0,Rungkad,Happy Asmara
-0.3726728647819696,-0.29628430736804323,-0.7957566595324423,3112,1,La Difícil,Bad Bunny
-0.2907439230875337,-0.7122130062744406,-1.4531434867051791,3099,1,TE MUDASTE,Bad Bunny
-0.47321955841635255,-0.5186946497927575,0.038691853120818215,3106,1,Right On,Lil Baby
-0.2786552175841358,-0.20270144034632237,-0.6381769003878371,3096,0,Miss You - Remix,Oliver Tree
-0.266893150244957,0.7055304864027574,0.05574973948265438,3103,1,Blame (feat. John Newman),Calvin Harris
0.2653139354628593,0.4141978044791395,0.6230207790472675,3104,1,Low (feat. T-Pain),Flo Rida
-0.29421444190175067,0.0006431669608750266,-0.0888151382194823,3109,0,نف(ق)س,NÂR
0.45909056581643537,-0.7970190230763322,0.13220702222458422,3114,0,La Mamá de la Mamá,El Alfa
1.022527880061737,-0.7908059529708134,-0.34620862775606537,3105,1,Me Too,Meghan Trainor
-0.11437796610564134,-0.7007688105988099,0.05327240694790042,3095,0,Bật Tình Yêu Lên,Tăng Duy Tân
-0.4651532106922186,-1.0334339655279452,-1.0568124370693566,3098,0,DONDE SE APRENDE A QUERER?,Mora
-0.13380814430694746,-0.640981106839645,0.2740544376270649,3100,1,Don't Go Insane,DPR IAN
-0.4280362030583265,-0.784577396829835,0.10372046694060585,3108,0,What He'll Never Have,Dylan Scott
-0.4011728998893642,-0.34323118653940415,0.5137785539457984,3113,0,Purple Stain,Alex Temple
-0.4275298171153366,-0.5432007944336135,0.5407157581900295,3097,0,Jimmy Cook's (feat. 21 Savage),Drake
-0.2501398155399042,0.20021645558689627,-0.1491641213800176,3102,0,Venom,Sintage
-0.030714756797363223,-0.1569834042521177,-1.616316631265562,3129,0,Thotiana,Blueface
-0.257999588121601,0.874817419177307,-0.2899783111333622,3131,0,Hasbi Rabbi,Huda Sisters
-0.33242707994354714,-0.6944458750921915,-0.9127377496206488,3125,1,Nobody - from Kaiju No. 8,OneRepublic
-0.5278286238552823,-0.7925577863593193,-0.017760583120152353,3117,1,Asking,Sonny Fodera
-0.3573168194300226,-0.33871644167266557,0.00036982893830072666,3115,0,SAY for thank YOU,Uni kukka
-0.414550265539521,0.2848593476257199,1.1273704642685547,3120,1,The Bigger Picture,Lil Baby
-0.4186040059124003,-0.6188789368217734,0.5075058358355921,3121,0,Cash In Cash Out,Pharrell Williams
-0.6173078398567262,0.12776508664335845,3.166104764473167,3118,1,Off The Grid,Kanye West
-0.41193792931143713,-0.7510299715798392,-0.10714609348403008,3122,0,EL TONTO,Lola Indigo
-0.20512433417071088,0.4363324323107223,-0.016099241872856548,3116,1,Sex on Fire,Kings of Leon
-0.3735343969338056,-0.42705023440551126,0.023348691944826815,3126,0,Friend of a Friend,Mélodieux
0.22400687187671084,1.7080188445044253,-0.06051639313494612,3123,1,Bangarang (feat. Sirah),Skrillex
-0.3454388766171632,-1.2845321819965945,-1.848878884374722,3128,0,A Cold Sunday,Lil Yachty
-0.523638312439281,-0.826448744356021,-0.07855713044405915,3124,0,Raindrops (Insane) [with Travis Scott],Metro Boomin
0.049609761823073605,-0.8191706495675536,0.054533167556246084,3130,0,Weekend,Ashley Mehta
-0.41467352424161097,-0.8375953420746711,-0.15812760810324064,3127,1,Touching The Sky,Rauw Alejandro
-0.4282904551735474,0.19018620052086252,0.633957124434068,3119,1,Giant (with Rag'n'Bone Man),Calvin Harris
0.6781477060046716,-0.863833825725706,-1.2067299911971747,3143,1,Tap In,Saweetie
1.658872679087091,-0.45586040743243694,0.2688262951519248,3147,0,Vacation,Dirty Heads
-0.44785258166087955,-0.6279181243114135,0.6384021426714451,3151,1,Gitana (feat. Bryartz),Pablo Chill-E
-0.43874597533029885,0.11476696718919807,0.7079145481402861,3141,0,Una Vez,Bad Bunny
0.1441414586227286,-0.5716609453192196,-0.34220071596929663,3145,0,Slumber Party (feat. Princess Nokia),Ashnikko
-0.4155029056133376,-0.7059033011835116,0.0854219156037567,3155,0,PARTIDO EN DOS,La Única Tropical
-0.4133100609468794,-0.6995826424125973,0.08260660239895676,3136,0,Piya Chhod Dihin Na,Pawan Singh
0.1107585950369747,-0.1385575180554364,-0.141947824471915,3149,0,CASE 143,Stray Kids
-0.4450222261183843,-1.3032345938822436,-1.960488122338227,3153,1,Give It To Me - Full Vocal Mix,Matt Sassari
-0.43615793905432804,-0.36174854282310764,-0.23792264863422016,3148,0,Slow Dancing,V
-0.4238613640621953,0.20233987382831772,0.7206854823972315,3138,1,F**kin' Problems,A$AP Rocky
-0.12424836328974782,-0.9709785915940362,-0.8294257017037293,3135,0,Are You Entertained (feat. Ed Sheeran),Russ
-0.42297541608544204,-0.5436948512921124,-0.5216758376358699,3156,0,Vamos Para Arriba,Junior H
-0.27094647622413215,0.04160377738178757,-0.1569231574897368,3140,1,Best Day Of My Life,American Authors
-0.4275570832385524,-0.42278587275091534,-0.2292265247345451,3132,1,One Man Band,Old Dominion
-0.20245811206936423,0.8007931371610777,-0.28097409029376735,3154,0,"Garmi (From ""Street Dancer 3D"") (feat. Varun Dhawan)",Badshah
0.07465604703672886,-0.7974901872322155,0.12914962654635967,3144,0,Vai Novinha Ah Ah Ah,Dyamante DJ
-0.4650768855151087,-0.6954548896230611,-0.10525160639248976,3137,1,Saiyan,Heuss L'enfoiré
0.08201949986826584,1.289252966788405,-0.07056742889341058,3134,1,Heart Attack,Demi Lovato
0.36880252007434217,-0.3136311950241424,0.005165515654070543,3142,0,París,Ingratax
-0.4495009569837216,-0.5967703394575965,-0.16744395625986078,3152,1,Beer Never Broke My Heart,Luke Combs
-0.43207476863126887,-1.0081598410334318,-1.5838619349425895,3146,1,WUSYANAME,"Tyler, The Creator"
-0.32242644710279644,-0.15063260948659649,-0.04896519662595501,3133,0,Bodak Black,Young Sunny Boy
-0.5240296148518999,-0.6835154048902358,0.24150143734936588,3150,0,Heartbroken (feat. Jessie Murph & Polo G),Diplo
-0.35357534901262233,-0.26168327828113536,1.3389501990646644,3139,1,Snow On The Beach (feat. Lana Del Rey),Taylor Swift
0.3043414478166673,-0.5279989332702008,0.055267860808657227,3165,1,Dura,Daddy Yankee
-0.42297377076875203,-0.7545183709775362,0.09641852266392854,3170,0,Lo Que Tiene,Morad
-0.09096712597626304,0.048341331010757646,-0.17885752920022424,3157,1,What If I Told You That I Love You,Ali Gatie
-0.3988249529374718,-0.9052694345907504,-0.4814967403706331,3169,0,Bent,41
-0.3722773618253541,-0.45644697297584125,0.023447996646740122,3547,0,Linda Guajira,Mongo Santamaria
-0.4375618928886219,-0.6796918717428345,0.41844808856524734,3177,1,All Out Of Fight,P!nk
-0.4765916465915003,-0.6685351460778847,0.07285371757158622,3159,0,2 Balas,Roylimar y Royerlin
-0.46089941176589777,-0.4877155564383007,1.07125853576769,3167,0,Stop Giving Me Advice (with Jack Harlow & Dave),Lyrical Lemonade
-0.491133083136448,-0.70733346320264,-0.06722635040660134,3166,1,Rich Nigga Shit (feat. Young Thug),21 Savage
-0.5187135285985925,-0.8302450542157819,-0.20693854877229864,3175,0,What Would Pluto Do,Drake
-0.2549126792902498,0.2226172901945842,-0.1449123963489838,3158,0,So Far Away,Down Time
-0.2239979403608844,-0.5803799259961654,0.3448389295282636,3161,1,Fake Love,Drake
0.16112168720455958,-0.8167491942210856,0.03995911605742088,3163,0,Hijo Mio,Misael De La Rosa
-0.4834697205394863,-1.0346836107705228,-0.9827243047118414,3176,1,Car Keys (Ayla),Alok
-0.43260971665109593,-0.7990986552856274,-0.3249612616514851,3172,1,MONTAGEM ANOS 2000,DJ Arana
-0.3900779482067972,-0.6302562907262037,-1.4411131933688308,3178,0,Ai Preto,L7NNON
0.6159557465802491,-0.0559624767429275,-0.3839407112700245,3160,1,2002,Anne-Marie
-0.44548506666302323,-0.6455236347937067,0.5786989556501241,3171,1,We Don't Fight Anymore (feat. Chris Stapleton),Carly Pearce
-0.3417167160941817,-0.2147946381428513,-0.029844721706424417,3168,0,Pégate,Standly
-0.5012778535630232,-0.8535654561790587,-0.3174131366289729,3164,0,Halfway To Hell,Jelly Roll
-0.421530962621632,-0.7489553497453674,0.09449329676722255,3174,0,Ya Te Superé,Xavi
-0.4113419983581,1.4153185355118476,6.470863401102999,3162,1,Dark Horse,Katy Perry
-0.30475090933572463,-0.8597370075108488,-1.5629222705521497,3173,0,Just Wanna Rock,Lil Uzi Vert
-0.2898565671505234,-0.43931197290151464,-0.4153840441005999,3186,1,Are You Bored Yet? (feat. Clairo),Wallows
-0.342239765305685,-0.2971914485253269,-0.5211375201075759,3192,1,YEAH RIGHT,Joji
-0.1256446980679825,0.32661986738388754,-0.324862018387606,3183,1,Let You Love Me,Rita Ora
-0.43443687363095385,-0.6781388684993467,0.38437904991263777,3189,0,eternal sunshine,Ariana Grande
-0.03097663613552115,0.4114560710687094,-0.5448307631354904,3201,0,Por Primera Vez,Camilo
-0.12051737109324671,0.8458892461855123,-0.39703633806193145,3197,1,We Are Never Ever Getting Back Together,Taylor Swift
-0.46364980763399954,-0.5163703576673655,0.20747866060100884,3195,1,Soundgasm,Rema
-0.4589707951849694,-0.9290242954997616,-0.6912831115630523,3184,0,WANDA,Quevedo
-0.1244402532667669,-0.9486315616842326,-0.9443911792634024,3196,0,DARBA 9ADIYA,Moha K
-0.5260705246481577,-0.7415084565252857,0.09227749457186009,3181,1,EMPELOTICA,Lenny Tavárez
-0.4172008937270656,-0.8426269915039807,-0.8914876269752193,3187,0,Le Va Doler,Grupo Frontera
-0.3871717330337548,-0.3674929222660744,0.3733551332204974,3199,0,Never Gonna Give You Up (2022 - Remaster),Rick Astley
-0.4909564296527653,-0.7177460844582662,-0.2042648097391335,3198,0,Million Dollar Baby,Ava Max
-0.41529515963884606,-0.8187172789533236,-0.11646844578440725,3200,0,should've wore a bonnet,21 Savage
-0.4407276139609915,-0.9558873932765095,-1.0595736778979554,3191,1,Low Down,Lil Baby
1.0990336719705391,-0.6359518563582842,-0.2841391113951016,3194,1,No Money,Galantis
-0.5080280781050015,-0.6009643343635475,0.4015787938578784,3193,0,Oklahoma Smokeshow,Zach Bryan
-0.16225197035364441,0.4641043477699567,0.388332140184943,3188,1,Look At Me Now (feat. Lil' Wayne & Busta Rhymes),Lil Wayne
-0.18211049696198148,0.8841675207869923,0.5590271680640051,3179,1,Style,Taylor Swift
-0.2072426003424001,-0.9520726147015994,-0.8566752254253874,3202,0,FEEL,Davido
-0.12145508422376358,1.708229611367735,0.1067708124594846,3180,1,Grenade,Bruno Mars
-0.19636116761612663,-0.726187042245045,-0.7865811650158646,3185,1,Trust,Brent Faiyaz
-0.4512961770720317,-0.18913525617211763,0.6619272591356885,3190,1,CÓMO SE SIENTE - Remix,JHAYCO
-0.4051204179764884,-0.4879577471215225,0.37899792636420127,3182,0,INDUSTRY BABY (feat. Jack Harlow),Lil Nas X
-0.3647448924816071,-1.1694051107819268,-1.3957334679821654,3212,0,hakuna matata,Gunna
-0.5533356406695764,0.20753442857216886,3.0508274261532784,3217,1,Little Talks,Of Monsters and Men
-0.4911665583804693,-0.7187213662514632,-0.3044259469559726,3216,0,Not Even Ghosts Are This Empty,$uicideboy$
-0.48260607300428,-0.7282883026253912,0.08347729408652708,3219,0,Shadow,Livingston
0.0015026354083629335,-0.47288403113115685,-0.023493064621061478,3221,0,Black Route - Kali Car,Hassan Goldy
-0.5176431874654799,-0.7043359371185689,0.3366840718290433,3204,0,Aye (feat. Travis Scott),Lil Uzi Vert
-0.25726196782805005,0.8278212747364064,-0.6313258345862116,3214,0,"Perdón, Perdón",Los Ángeles Azules
-0.3792151041950895,-0.21204156019966286,1.0148408561737294,3213,1,Love Tonight - Edit,Shouse
-0.362533852080987,-0.553266637914147,-0.3355002390471025,3211,1,Murder on the Dance Floor - triple j Like A Version,Royel Otis
-0.2388872851235231,0.602563589702541,1.9110103116239756,3210,1,Without Me,Eminem
-0.2993614350395738,-0.03294238574760592,-0.35468436291363314,3220,1,Leave a Light On,Tom Walker
-0.238130504218471,1.243442608859444,0.5048764005677203,3208,0,Ahora Me Llama,KAROL G
-0.350388774955084,0.6303762247019716,0.4707637491970568,3203,1,Amigos Con Derechos,Reik
-0.3102048058123478,-0.28185730484306315,1.7844563446427637,3207,1,Lost Boy,Ruth B.
-0.2940544170513549,-0.005885942560929424,-0.7671370168653042,3215,1,"10,000 Hours (with Justin Bieber)",Dan + Shay
-0.5002247761398916,-0.4342415469098226,0.8933577320041596,3218,1,More Than You Know,Axwell /\ Ingrosso
-0.397238430950855,-0.8963898940382118,-0.48012980754809564,3206,0,act iii: on god? (she like),4batz
0.34125723153103943,-0.840969850395104,0.14853893789219236,3205,0,Diamondz n Roses,VaporGod
-0.17231146103195902,0.8378042331816473,-0.6206327880726661,3209,0,Mala Fama,Danna Paola
-0.478852065840519,-0.6133348155127282,0.13428552129764926,3222,0,banking on me,Gunna
-0.3210400092896723,0.5259274271921757,-0.20872955854786454,3225,0,Main Sharabi,Rajeev Raja
-0.13303535945020814,-0.49203321983407916,0.5317038529902673,3243,1,Paris,The Chainsmokers
0.2550414065810792,-0.7806010878187287,0.07303109187237845,3233,0,Ayang,Nabila Maharani
-0.3797435401615613,-0.6807300961011272,-0.3135520594605277,3223,0,You & Me (Coachella ver.),JENNIE
-0.5215511159471055,-0.6680637710665219,0.20689279783885886,3231,0,MERCEDES CAROTA,Bad Bunny
-0.3965976825260181,-0.9824280851601429,-0.653351993368026,3237,0,Heavy On My Heart,LUCKI
-0.4576379532393337,-0.5989146758039235,0.09904145797453111,3230,0,Not So Bad (Leans Gone Cold),Rae Sremmurd
-0.3143254513003712,-0.5158385165158968,0.04162903701235729,3241,0,JGL,La Adictiva
-0.4960698871124637,-0.1806721090454541,1.1360882149255134,3227,1,Swimming Pools (Drank),Kendrick Lamar
-0.5516660420322687,-0.5382463879067098,0.7701909539757089,3235,0,Kool-Aid,Bring Me The Horizon
-0.03807940140459547,1.876144038736648,-0.29413285357160673,3228,1,Can't Remember to Forget You,Shakira
-0.3333036040996142,0.6941655191384996,0.7179739878642538,3226,1,Bad Things (with Camila Cabello),mgk
-0.002934429378304967,-0.7310016471040753,-0.9364793636064631,3236,0,Feather - Sped Up,Sabrina Carpenter
-0.06844932155492571,-0.15025429684642014,0.22207912752946404,3234,1,Softcore,The Neighbourhood
-0.4373284960125674,-0.5281666215867277,-0.14343428993323593,3240,1,Sacrifice,The Weeknd
-0.5400275877400303,-0.4761167317811063,1.243548473689536,3224,0,The Prophecy,Taylor Swift
-0.515872607394793,-0.17751416097980077,1.7588519279697743,3239,1,Attention,Doja Cat
-0.13491378231634113,0.6804250760853864,-0.5933191270141962,3232,1,Replay,Iyaz
-0.41447127385498617,-0.711718262155427,0.08455341392345521,3229,0,MVP,Shubh
-0.50870352122991,-0.7784367902309828,-0.021840992881272406,3238,0,Around Me (feat. Don Toliver),Metro Boomin
0.09842985663611277,-0.9460126995220217,-1.1170087592882676,3242,0,PHONKY TOWN,PlayaPhonk
-0.1789702881088484,-0.013300341010163756,-0.10520512420095597,3245,0,We Rollin,Shubh
-0.4740744914854563,-0.569493675649901,0.05155373295139351,3254,0,Si Te La Encuentras Por Ahí,Feid
0.03711430136308258,1.9010876012261655,-0.5473327904285515,3246,0,Daru Badnaam,Param Singh
-0.3199331909043678,-1.1322255003593007,-1.807048227333097,3248,0,NARCISSISTIC PERSONALITY DISORDER,Odetari
-0.5070317265923758,-0.8924871399675112,-0.43423339273016454,3260,0,Memory Lane,Old Dominion
-0.4647390318066388,-0.558731799500605,-0.27292122740236097,3267,1,24 (feat. Lil Baby),Money Man
-0.2921004908026678,-0.6600253071614496,-0.28574541469935444,3263,1,THE SHADE,Rex Orange County
-0.5099871639472441,-0.44407815472759793,0.8625360354073559,3249,1,You,Regard
-0.2726349994945123,0.6045963725968233,1.726533507508289,3253,1,Thinking out Loud,Ed Sheeran
-0.3722773618253541,-0.45644697297584125,0.023447996646740122,3329,0,Cake By The Ocean - Cover,LOVE BGM JPN
-0.36282493294569423,-0.6005784372828215,0.06353218305712945,3250,0,Mbappe,Eladio Carrion
0.22069975661911506,0.9915892465258935,-0.303651269247942,3258,0,Maria,HWASA
-0.47548598283249854,-0.6791447133701122,0.07181418311243236,3244,0,PRIMER AVISO,Maria Becerra
0.40218148497912465,-0.6988103793868835,0.12359078973854534,3259,0,Butakera,La Joaqui
-0.05424371279254802,0.5870452824397783,0.7345094884788306,3247,0,Savage,aespa
-0.14673634554238738,1.0200590488888508,-0.3089920290947431,3257,0,Destino o casualidad (feat. Ha*Ash),Melendi
0.8554391328433985,-0.5318152254629669,-1.3398011021883012,3265,1,Mad at Disney,salem ilese
-0.4221623555790409,-0.7494876852000125,0.09523711541386476,3264,0,TE AMO ♡,Fer Vazquez
-0.42716281082218077,-0.7654040821824352,0.13127713398033694,3268,1,Dilemma,Green Day
-0.426893442928156,-0.7781637904076566,0.10209145994851877,3266,0,Kitchen Stove,Pozer
-0.3682496703907225,-1.0994012778292361,-1.2169629885883841,3251,0,Luchtballon,Joost
-0.5784900001508543,-0.4690926825152056,1.2050094055287086,3252,0,Trojan Horse,Dave
-0.4612944843890121,-0.7341539818398518,0.09596007296294347,3262,0,Porque Te Vas,Victor Cibrian
-0.432360825174587,-0.7627346361599338,0.19840447170894385,3261,0,Neon Pill,Cage The Elephant
-0.46775267004088766,-0.7642062802156872,-0.32399150726497783,3255,0,Beautiful Girl,Luciano
-0.394559447301526,-0.1549856720306148,0.19223919821141866,3256,1,"After The Storm (feat. Tyler, The Creator & Bootsy Collins)",Kali Uchis
-0.3851436697546993,-0.2923932124574234,0.02211461240456101,3277,1,Tú Me Dejaste De Querer,C. Tangana
-0.5074465049754108,-0.9254205848339683,-0.5066402420215099,3271,1,Spotless (feat. The Lumineers),Zach Bryan
-0.3915957395846944,-0.34107130986187556,0.4772864400721572,3284,1,These Walls,Dua Lipa
-0.4425922736056133,-0.6837599023249151,0.07624666944410449,3272,0,Egwu,Chike
-0.3722773618253541,-0.45644697297584125,0.023447996646740122,3281,0,Die For You (Remix Acapella),The Weeknd
-0.10927387977780377,0.5220688889981633,-0.023303039801387013,3274,1,Me Rehúso,Danny Ocean
0.29541633186560196,-0.9561456082433234,-0.6405403272823031,3273,0,Baby you,有華
-0.5226293344905348,-0.6973099008431767,0.08205041969840025,3285,0,CUAL ES ESA,Feid
-0.316220901400068,-0.1287603550994855,-0.6777988070964894,3283,1,Armed And Dangerous,Juice WRLD
-0.20561063083263761,-0.3285648060656443,0.003116500717977785,3275,0,Salimo de Noche,Tiago PZK
-0.34447435046765756,-0.043548432198333986,-0.07953541218054243,3276,0,"Eladio Carrion: Bzrp Music Sessions, Vol. 40",Bizarrap
-0.10446039493996565,-0.6651212774668034,0.07142525499754863,3269,0,Love,Kouz1
-0.058901575214400446,1.7193577148072972,-0.32615859824080623,3286,1,La Gozadera,Gente De Zona
0.6517165170697611,-0.7705707554081989,0.1108370926717159,3280,0,Skechers,DripReport
-0.1688252167342494,0.21420571584358114,-0.40204735061465174,3270,1,I Feel Like I'm Drowning,Two Feet
-0.4648649287597408,-0.49875628261853083,0.03537345270100465,3278,0,Ando Enfocado,Jaziel Avilez
-0.506250556480486,-0.4630179568942098,1.182193173497885,3282,0,First Person Shooter (feat. J. Cole),Drake
-0.05689275509688326,0.7485107620285916,-0.2597625492391604,3279,1,Downtown,Anitta
-0.31718245998032873,0.7071201172132476,0.14722996861026322,3287,1,Créeme,KAROL G
-0.1073413853984459,0.5277660843234154,2.1130987329724986,3306,0,"Go Loko (feat. Tyga, Jon Z)",YG
-0.5037835929561622,-0.6434466678751279,0.06848498434797298,3292,0,REMIX EXCLUSIVO,Feid
-0.38684859946465044,-1.0139232888696783,-0.8327538280106462,3291,1,"ZEIT, DASS SICH WAS DREHT",$OHO BANI
-0.5556133569558523,0.1299525138406082,3.377236194216391,3297,0,Corazón Roto pt. 3,Brray
-0.3808435033336278,-0.6197989967466225,0.06660004781995345,3304,0,penjaga hati,Nadhif Basalamah
0.0734214078181934,0.9391497426523514,0.3949921225072671,3300,0,"Vaathi Coming (From ""Master"")",Anirudh Ravichander
-0.40779273847931935,-0.5521743915483196,-0.5855572127829826,3294,1,3 Headed Goat (feat. Lil Baby & Polo G),Lil Durk
-0.3063087238006384,-0.7791060777041552,0.08192903598129922,3298,0,Monica,Kuami Eugene
-0.3690662009827877,-0.3949009346049381,0.016612351000546165,3288,0,Home (Lala),Dayzy
-0.2464583439426695,0.444521613865026,0.04316947642876545,3290,0,La Playa,Myke Towers
-0.44130823226701377,-0.6399035168589745,0.532763410691285,3295,0,UN RAGAZZO UNA RAGAZZA,The Kolors
-0.2810791105990161,-0.2372766131515532,1.6602078728628709,3301,0,Pasilyo,SunKissed Lola
-0.1932749643430324,-1.172035664511104,-1.3254332497981547,3307,0,Wasted Summers,juju<3
-0.4103517924460799,-0.8490196701308299,-0.23275953412456765,3296,0,Ruin,USHER
0.7868748801459925,1.2314204629003358,0.20525267312305803,3310,1,Hasta la Raíz,Natalia Lafourcade
-0.4452862947174942,-0.6773175457119158,0.518250195649153,3289,0,RATATATA,BABYMETAL
-0.4988205580262716,-0.9386771251299735,-0.5541513582187308,3311,0,Seasons,Thirty Seconds To Mars
0.3148193950423469,-0.8171654237913928,-0.6566824527366314,3314,1,Summer Days (feat. Macklemore & Patrick Stump of Fall Out Boy),Martin Garrix
-0.3662318259231798,-0.6412497821882149,-0.6142241999021848,3313,0,Con La Brisa,Foudeqush
-0.2715061216675726,0.14895832953059598,-0.12226855271309059,3309,0,Además de Mí - Remix,Rusherking
0.014280799880339166,-0.10496843204063867,0.4813538480733861,3312,1,Someone To You,BANNERS
-0.38700141887826905,0.6817471075892806,1.2324746206609503,3299,0,Show Yourself,Idina Menzel
-0.5125962412543804,-0.6116961747454698,0.6496292477808736,3293,0,Cheat On Me (feat. Dave),Burna Boy
-0.3722773618253541,-0.45644697297584125,0.023447996646740122,3308,0,Winners In Paris,Sleepy Hallow
-0.523992532073269,-0.5793997239519927,0.7214891438440241,3305,1,In Your Love,Tyler Childers
-0.10844707903885081,-0.03129612670838004,0.8725333405572038,3302,1,Poker Face,Lady Gaga
-0.45703070906394866,-0.5830802445880859,0.04537774609212599,3328,0,Последняя Любовь,MORGENSHTERN
-0.3684234195044506,-0.46125766624315584,0.027670757955692588,3331,0,"Vigdiyan Heeran (From ""Honey 3.0"")",Yo Yo Honey Singh
-0.420006003318979,-0.7378417241813813,0.09218690534828014,3322,0,Que Hay Amor,Cris Mj
-0.3656589182699992,-1.1375728679984387,-1.3242645711343473,3321,0,Boogieman,EBK Jaaybo
-0.38586721774972677,-0.5216394914517107,0.0374219194306436,3338,0,Танцы,NLO
-0.40486708126709625,-0.7241272437499312,-0.05493594207400655,3339,0,Overcompensate (edit),Twenty One Pilots
-0.42024768674328944,-0.7290366561240288,0.09200422063221125,3336,0,"Maa Nammakam Nuvve Jagan, Vol 1",Jagananna Connects
0.5035009332895144,-0.9373745006560958,-1.0709583472803486,3320,1,Stunnin' (feat. Harm Franklin),Curtis Waters
-0.4727593824642788,-0.9052354054748478,-0.6999367890114784,3330,0,Privileged Rappers,Drake
-0.3985913521353824,-0.973188774256748,-0.6118798663833607,3316,0,Beautiful As You,Thomas Rhett
-0.18655762080478497,2.0113897199830024,1.261149847898894,3340,1,Umbrella,Rihanna
1.1155015408144004,-0.7409181569296531,-0.07720823160628065,3323,0,Candy,Doja Cat
-0.3722773618253541,-0.45644697297584125,0.023447996646740122,3318,0,All I Need,Tyler Antonius
-0.502019442389593,-0.9454547796624821,-0.5939394675993608,3326,0,Enough Is Enough,Post Malone
-0.3178009424587034,-0.7817979463754021,-1.256343385256295,3315,1,Baddies,Aitch
-0.3116882688229765,-0.14650115210093553,-0.3044345399085049,3335,1,Baila Conmigo (with Rauw Alejandro),Selena Gomez
-0.4292850837636112,-0.47180305932905764,0.026996366363455367,3317,0,Love Me,Lil Wayne
-0.42945988783564343,-0.686553263129187,0.08049518179355958,3327,0,Así Lo Quiso Dios,Eslabon Armado
-0.42481047411202905,-0.1427020643183292,1.2575860907188463,3332,0,Rag Doll - Live,Aerosmith
-0.4049830697461978,-0.9226183559584106,-0.8009792903422184,3329,1,Moon,Kanye West
0.2065214606947695,-0.3804298989233854,-0.002640510279989479,3325,1,Notion,The Rare Occasions
-0.5538952222193907,-0.3507915568253491,1.4384444653748578,3333,1,Essence (feat. Justin Bieber & Tems),Wizkid
-0.5198602043350167,-0.8436676754716949,-0.21023022582415712,3334,0,Outskirts,Sam Hunt
-0.367251409609463,-0.7578027675662505,-0.4318430293684732,3319,1,X,Nicky Jam
-0.4189532675164749,-0.751480919118879,0.057524625034499545,3337,0,Old Days,Lil Durk
-0.1316000752918203,0.34310714463811237,-0.4391125530331186,3324,1,boyfriend (with Social House),Ariana Grande
-0.3722773618253541,-0.45644697297584125,0.023447996646740122,3440,0,Girls Just Wanna Have Some,dreamsoda
-0.09878431237631216,-0.6379123373741385,-0.6378840993184103,3364,0,"10,000 Hours",Dan + Shay
0.2791706427708227,-0.3337975027971617,-0.802370125543272,3358,0,As the World Caves In,Sarah Cothran
-0.4407536070353225,-0.255926146167886,-0.017372911042618226,3362,0,Dile a Tu Orgullo (En Vivo),Luis Alfonso Partida El Yaki
-0.49337325502852136,-0.40577242791754486,1.6173810358434784,3359,1,Neverender,Justice
-0.47687478875753436,-0.7812611444435009,-0.12548266362634872,3351,0,Lottery (feat. LU KALA),Latto
-0.5210966475863568,-0.7939215024156834,-0.10050664221769676,3363,0,Sunshine,Tyga
-0.3007958945535191,1.1779019035140503,0.7120142627208523,3347,1,Si Tu Novio Te Deja Sola,J Balvin
-0.41434450298037007,-0.6969673928561054,0.08364430134094433,3360,0,Batık Gemi,Semicenk
-0.1701228182942354,-1.0899864392293737,-1.4762190419622476,3343,0,SHAKE SUMN,DaBaby
-0.2818719325011431,0.9997689376131413,0.6114870676882651,3354,1,Chained To The Rhythm,Katy Perry
-0.23456233866560536,-0.3545618941118852,-0.26093164409374503,3345,1,Afterglow,Ed Sheeran
-0.4259736672162928,-0.7718288158291671,0.10071946756813596,3355,0,Kafamın İçi,Ebru Yaşar
-0.3768750013959339,-0.2139244575161606,0.5697823068793434,3346,1,Mr. Brightside,The Killers
0.44812674046684947,0.9166464345221774,0.7627395574511282,3348,1,Promiscuous,Nelly Furtado
0.2627656376275061,2.046510703791873,-0.5968111436948828,3342,0,Black Swan,BTS
-0.07903330177282164,0.0524267581733697,-0.07362322810722335,3352,0,HOT,SEVENTEEN
-0.4589778029858807,-0.9639263380202368,-1.0360590074849199,3361,0,i'm yours,Isabel LaRosa
-0.4196256703124511,-0.7367509717531681,0.09169889607985258,3349,0,Sonchadi | Coke Studio Bharat,digV
-0.4650944283337657,-0.42715502878945305,0.01629817441531372,3344,1,"Young, Wild & Free (feat. Bruno Mars)",Snoop Dogg
-0.3252337201905921,0.5213644887712958,-0.20440602357383064,3357,0,Kamar Teri Left Right Hale,Sandeep Surila
-0.4617293822937239,-0.5975010311412098,0.05144331185984872,3341,0,Carta Aberta,MC Cabelinho
9.317601669564729,-1.9785685926731675,0.9981458243327052,3356,0,Spongebob,Dante9k
-0.4344443243767507,-0.5076969494459639,0.9076122245649059,3350,1,The Thrill,Wiz Khalifa
-0.4771422308604152,-0.5388475671483348,0.04604172632190452,3353,0,Yana Yana,Semicenk
-0.5907093211541175,-0.4263878675368654,1.444841858222354,3366,0,CIRCUS MAXIMUS,Travis Scott
0.21652156250433643,1.356438021478621,-0.13107828820565215,3365,0,What is Love,TWICE
-0.4000863285392798,-0.9450440855087111,-0.54098640551839,3376,0,SESSO E SAMBA (feat. Gaia),Tony Effe
7.248718634169522,-1.9922208899187182,0.8644263086361456,3367,0,Pieces,Danilo Stankovic
-0.5121816559202788,-0.6372066587395779,0.06765092209028979,3387,0,Cama Repetida,Léo Santana
-0.32006339391997596,-0.9882815716644423,-1.271623911488352,3379,1,Glue Song,beabadoobee
-0.480475789000689,-0.6173211070481481,0.06310344444003704,3370,0,Life in Rio,Slowboy
-0.4845050049817669,-0.5049896311824441,0.801084518844001,3386,1,I'm Not Here To Make Friends,Sam Smith
0.8810169622348661,0.9469345894775195,-0.44665217979488636,3377,0,Help Me Help You (feat. Why Don't We),Logan Paul
-0.42878043208488115,-0.5922208116664612,0.056157483838369486,3378,0,ดาวหางฮัลเลย์,fellow fellow
-0.47950679332038165,-0.7811679738411947,-0.49326500703072484,3383,0,Distraction,Polo G
-0.20984086880911307,-0.6000309901719936,-0.4185220067538772,3372,0,VIBE (feat. Jimin of BTS),TAEYANG
-0.38148170074022303,-0.3995626848048616,0.9219412139102174,3369,0,KÁRMIKA,KAROL G
-0.3950336764813145,-0.9452932639972887,-0.6031472429574767,3368,0,Bussin (with Rob49),Moneybagg Yo
-0.5152651573137914,-0.7246344151911556,0.005658559855854701,3373,0,back to the moon,Gunna
-0.3149801363293236,0.2111473248856731,-0.3385183436279987,3374,1,FourFiveSeconds,Rihanna
0.00788712021541233,-0.6484591453875767,-1.4956505421660173,3388,1,Washing Machine Heart,Mitski
-0.48008659732318015,-0.41753797948801746,0.019217717009948572,3371,0,SAN BENEDETTO,Ron Gallo
-0.39821613684152324,0.10499196564714695,0.3706464927040817,3384,0,HACIENDO QUE ME AMAS,Bad Bunny
-0.3306243092068707,-0.7487902004825921,0.2788233909596162,3380,0,Little Things,Jorja Smith
-0.4187403319385931,-0.2823765338010903,1.1453309182588687,3382,1,Dead Man Walking,Brent Faiyaz
-0.4226546070707331,-0.7500395826846412,0.09582411848142736,3385,0,Mil Preguntas,Q' Lokura
-0.30734050014642417,-0.3263303593157336,0.5793913838336675,3375,1,Girls Need Love (with Drake) - Remix,Summer Walker
-0.07429230272108613,-1.0624548147285557,-1.7587344357522634,3418,1,Ball If I Want To,DaBaby
-0.40210523190266745,-0.4711904305494161,-0.32141944541590517,3394,0,P*$$Y Fairy (OTW),Jhené Aiko
-0.3722773618253541,-0.45644697297584125,0.023447996646740122,3410,0,As It Was,Harry Styles
-0.4916076678170728,-0.41182826127986316,1.584389154268057,3407,0,dangerous,21 Savage
-0.4375611274678706,-0.6929507790614917,-0.39826556642562766,3398,0,Enséñame a Bailar,Bad Bunny
-0.3722773618253541,-0.45644697297584125,0.023447996646740122,3414,0,Cake By The Ocean - Cover,MUSIC LAB JPN
-0.1360895912049181,0.3882605705302479,-0.17152009354258366,3396,0,Bellaquita,Dalex
-0.13751072951954146,1.812826817938609,0.12130956556185997,3400,1,Limbo,Daddy Yankee
-0.36996926778150074,-0.38469427659098177,0.01710716638410112,3390,0,Ah-Bop,Gene Ess
-0.3955094567516146,-0.8398257736995901,-0.41038412359476667,3416,0,Tu Perfume,Banda MS de Sergio Lizárraga
-0.3634145506305627,-0.38357234446176575,0.009613831456207466,3417,0,Chamkeela Angeelesi,Santhosh Narayanan
-0.44575557153035217,-0.08758465181318771,0.3441079255128155,3408,0,Hayloft II,Mother Mother
-0.43167868710875346,-0.6845206973277704,0.0023911299775222065,3391,0,Tormenta (feat. Bad Bunny),Gorillaz
-0.37329925741328646,0.32719047830982906,0.4084042119888503,3402,1,DJ Got Us Fallin' In Love,USHER
-0.2879249145029461,-0.38633399815177927,0.9370800521002859,3393,0,DIE,Gazo
-0.3776736953404602,-0.7651498519976692,-0.47503958343626124,3406,0,You and Me,Shubh
-0.40708430452848626,-0.8750575075908964,-0.32074314421445005,3415,1,Please Don't Fall In Love With Me,Khalid
-0.37562834867628286,0.48758336501617344,0.47831478152014095,3403,0,Aullando,Wisin & Yandel
-0.5205306638670513,-0.1074737903187441,1.5546454968738277,3412,1,El Incomprendido,Farruko
-0.04315959313157929,1.4460162645504333,0.8255941739320107,3409,1,23,Mike WiLL Made-It
-0.4896557807121282,-0.7593027457798018,0.09151594013586646,3392,1,Guay,Ozuna
-0.24725974404701115,0.2943980659218784,0.09498518368539857,3405,1,Swang,Rae Sremmurd
-0.5463599630422671,-0.5804471062531524,0.7016347824607451,3399,0,Broke Boys,Drake
-0.30403700167235204,-0.8699692033669891,-1.708279140474118,3389,0,SMOKE IT OFF!,Lumi Athena
-0.3359939447846912,-0.5445734312964505,-0.6653489608421825,3401,0,Night Bus,KIDS
-0.3610735166755461,-0.5233599964029916,-0.23975917874405178,3413,0,bad idea right?,Olivia Rodrigo
0.08909023005237933,0.053853382756194834,-0.8066582493423008,3404,1,What They Want,Russ
-0.4102811334589174,-0.8649946638654784,-0.2670882104273006,3411,0,All of Me - Radio Edit,John Legend
-0.5117533948811354,-0.6675067182113043,0.0745697596722647,3420,0,Corazón Frío,Jasiel Nuñez
-0.4547877375289233,0.44293274586873,1.6797757816843872,3431,1,Take Care,Drake
0.13858615417978187,0.33478698624853626,1.4819166533963128,3421,1,A Sky Full of Stars,Coldplay
-0.07328534719362713,1.8953716038852908,-0.19064459123855387,3422,1,Smack That - Dirty,Akon
-0.48574931817971123,-0.5184341476261458,0.036947273707094476,3423,1,Ramen & OJ,Joyner Lucas
0.38650299615996275,-0.4785766369311201,0.5852830425774458,3427,0,Arhbo [Music from the FIFA World Cup Qatar 2022 Official Soundtrack],Ozuna
-0.4150672206433268,-0.4950222950315638,-0.2527177552238444,3426,0,MEGAVERSE,Stray Kids
-0.5089418392225534,-0.7670110183668882,-0.046999385600198444,3428,0,Come See Me,Rod Wave
-0.4204854324965427,-0.8693748064702214,-1.0055529793053295,3425,0,Cool With You,NewJeans
-0.44178406161309025,-0.7033097701173487,0.4258884630793065,3430,0,Dark Matter,Pearl Jam
0.008976164450258317,0.2243993791793999,0.39373329204081897,3419,1,Shameless,Camila Cabello
-0.35436531918266384,-0.53913725832908,-0.06894125146367917,3424,0,New Freezer (feat. Kendrick Lamar),Rich The Kid
-0.436762543395593,-0.9356332854986923,-0.9043889936987705,3429,0,GTA.mp3,Emilia
-0.2822790287426543,0.6075078181093521,0.1979301079404476,3441,1,Dembow,Danny Ocean
-0.4240079483228786,-0.3453506992408456,-0.004928858120517335,3435,0,WAKE UP!,MoonDeity
-0.7908328809926624,2.067029871768107,9.853404707310077,3438,0,ECHOES: Cala Boca Menino,Fire! Orchestra
-0.431779926205136,-0.10107821956281215,1.4213164685418143,3437,0,Down Bad,Taylor Swift
-0.44454585601217045,-0.41516087222736964,0.276651661645445,3450,0,Fast,Juice WRLD
-0.4884811424086736,-0.19432583415584903,0.838764323676815,3436,1,Come and See Me (feat. Drake),PARTYNEXTDOOR
1.7568675961802078,-0.6602351435217638,-0.6654634477227824,3443,0,Myself,Bazzi
-0.3496471671684815,-0.7471905083953853,-0.8236471908461117,3440,0,Muñecas,TINI
-0.3722773618253541,-0.45644697297584125,0.023447996646740122,3444,0,"BESAME (feat. Tiago PZK, Khea & Neo Pistea) - Remix",Bhavi
0.054015248368902764,0.5286210206255424,-0.30998148951678905,3451,0,LOCO,ITZY
-0.47519501885770127,-0.40896388856588395,0.12605867843728016,3442,0,Life's A Mess (feat. Halsey),Juice WRLD
0.05234288701595766,2.9525482430795598,0.9476844158147363,3432,0,Do I Wanna Know?,Arctic Monkeys
0.34996696789908505,-1.1736891880115,-0.8860798657974046,3445,1,Have Mercy,Chlöe
-0.3722773618253541,-0.45644697297584125,0.023447996646740122,3537,0,Cake By The Ocean - Cover,epi records
-0.15688910643313667,-0.28015803231083003,-0.5942707479349643,3449,1,Bad Decisions (with BTS & Snoop Dogg),benny blanco
-0.31000684970498094,-0.993251784020276,-1.295759270344764,3448,0,Yebba’s Heartbreak,Drake
-0.48820364132767335,-0.9985027022297894,-0.8812411859533293,3434,1,Drums (Feat. Kim Petras),James Hype
1.1735205121974612,-0.7532540607279065,0.12856005096814963,3447,0,El Avioncito,Giblack
-0.5420959027828578,-0.6149099169132333,0.5798339944072164,3439,0,Handle On You,Parker McCollum
-0.3722773618253541,-0.45644697297584125,0.023447996646740122,3867,0,Montagem - Pr Funk,BARATO NATION
-0.511003768632168,-0.16228784334247645,1.5902159594297245,3477,1,Tunnel Vision,Kodak Black
-0.26715361972350066,-0.38364913910740445,0.3426044122921532,3474,1,White Tee (with NO1-NOAH),Summer Walker
-0.41615041214011617,-0.712771409222885,0.08651272883845827,3462,0,แอบเก็บความในใจไว้ภายในแว่นเรย์แบนสีดำ,TaitosmitH
-0.022280250089614796,2.043958437778023,0.04400745401014282,3458,1,I'm Not The Only One,Sam Smith
-0.2440559111426735,-0.45864527650262654,0.00046312095463912944,3455,0,บอกใจว่ายังไหวอยู่,โชค โชคมงคล
-0.4270735182665805,-0.778835738004919,0.10233058486365629,3471,1,La Llevo Al Cielo (Ft. Ñengo Flow),Chris Jedi
-0.39919816254527796,-1.057848521654974,-1.1850488865609539,3452,0,Too Easy,Gunna
0.10707946117759928,-0.14738082598004204,-0.04823741800864468,3476,1,Walking On A Dream,Empire Of The Sun
-0.21825285837881384,-0.24269200274659206,0.729419699651337,3461,0,Take Two,BTS
-0.47149974712459647,-0.4254054969700319,0.09195976130831644,3473,0,Water (Remix),Tyla
-0.47829121693371035,-0.026101931237102017,1.0732597061187337,3465,1,You Know You Like It,DJ Snake
-0.1616600414872201,1.3726250704582028,-0.4047262331077519,3464,0,Bom Diggy,Zack Knight
-0.4200101609245944,-0.736465208382515,0.09212020409790811,3472,0,Mati-Matian,Mahalini
-0.13397334441411024,-0.7370400695828109,-1.354496808798984,3470,0,Live Another Day,Kordhell
-0.47875587671507497,-0.4429200291930196,0.019135417120136094,3468,0,Ana Ghaltan,Bahaa Sultan
0.012574742100486714,-0.4883034376464833,0.30112334190902146,3460,0,Sexo Virtual,Rauw Alejandro
0.2972532315142697,-0.5389375527305809,-0.0005725022693163981,3469,0,"Não, Não Vou",Mari Fernandez
2.0115351273723694,-0.9801277529309053,0.23546708703299304,3475,0,Я буду ебать,Moreart
-0.41484253282559475,-0.32118364289890083,0.181940684015386,3466,1,Chasin' You,Morgan Wallen
-0.46602840948037216,-0.5735791237002714,0.05255316946133805,3467,0,Ali Cabbar,Emir Can İğrek
-0.4927095701532767,-0.9577511830423725,-0.7322890504868067,3459,1,Clouds,BUNT.
-0.5286760116100315,-0.7698023472558474,0.07835542637729007,3456,0,Let Your Boys Be Country,Jason Aldean
-0.3834719575364187,-0.38958919021857175,0.2864378789017352,3453,0,Spin You Around (1/24),Morgan Wallen
-0.41943636848601745,-0.3622241642018991,0.005223058943653354,3454,0,Solo Me Dejaste,Grupo Marca Registrada
-0.0768932076820173,1.114960472959601,0.28500034029863536,3457,1,Like I'm Gonna Lose You (feat. John Legend),Meghan Trainor
-0.19637636140672188,-0.26208343937399914,-0.03019347356248951,3463,0,"Don't Give Up On Me - (From ""Five Feet Apart"")",Andy Grammer
-0.3722773618253541,-0.45644697297584125,0.023447996646740122,3478,0,Jingle Bell Rock,Bobby Helms
-0.30006701303344313,-0.6917090332490905,-0.35821082642860086,3489,1,Talk Dirty (feat. 2 Chainz),Jason Derulo
-0.4600483142601181,-0.5355936305114744,0.26275798577679016,3497,1,Nail Tech,Jack Harlow
-0.13045208567912625,1.421602787493294,-0.4290855353888145,3496,0,Lahore,Guru Randhawa
-0.6964591751156162,0.42142684574506134,4.379713007255395,3484,0,The Summoning,Sleep Token
-0.34008469027915855,-0.6487121244975097,-0.7328407624943897,3492,1,Feel It Still,Portugal. The Man
0.04602827566920085,0.8276860869003558,-0.1602580403653994,3481,0,TROLLZ (with Nicki Minaj),6ix9ine
-0.4564895813803067,0.21603778301535967,2.098318465218375,3499,0,Cover Me Up,Morgan Wallen
-0.39738465436164055,-0.8199974462376164,-1.0145378202041702,3495,0,Un Verano Sin Ti,Bad Bunny
-0.42644495212492095,-0.7747510253350596,0.10140566596495316,3494,0,Mi Morenita,Grupo Marca Registrada
-0.3164947460165622,-0.7233228839729423,-0.7780769781815221,3485,0,Get A Guitar,RIIZE
-0.4357678772725016,0.1180089834040713,0.7111064501670038,3486,0,Heat,Gunna
-0.31545836793964005,-0.7957885667006582,-1.3113764934491254,3480,1,Birds In The Sky,New Era
-0.3920413004279761,0.19118288907807554,0.8846877957874089,3488,1,I Was Never There,The Weeknd
-0.4297001584674499,-0.7914913693622336,0.11112445224477747,3490,1,How You Feel (Ft. Leven Kali),ANOTR
-0.42292184641181285,-0.8322801327139839,-0.04867939245546344,3482,0,Hang Tight Honey,Lainey Wilson
-0.40547903733344004,-0.38747216363521875,-0.8195607350117189,3487,0,Bar,TINI
-0.17028267616408774,-0.4334766393787599,0.016629821869434392,3498,0,ธาตุทองซาวด์,YOUNGOHM
-0.40166709337682305,-0.9129512711039323,-1.2757179235366256,3479,0,Case,Diljit Dosanjh
-0.38398280335585466,-0.5345283593565643,0.04077674574079125,3491,0,Apa Fer Milaange,Savi Kahlon
0.5288575469336976,-0.7471022623116753,-0.18086234500724974,3493,0,Socadona (feat. Mr. Vegas),LUDMILLA
-0.33383307591088457,-0.2334318937327449,-0.03173061877690362,3483,0,As It Was,Hundreds
-0.06894417764651542,1.6438358823664039,-0.429596193367756,3524,0,Humpty Dumpty,Nursery Rhymes
-0.05178814195501232,-0.6746738831936161,0.09734556209404778,3525,0,Sial,Mahalini
-0.24373988058069898,-0.5695358963730377,0.05562478566897944,3508,0,Pelele,Morad
-0.3761989200844564,-0.7747967641128134,-0.5261127734996901,3519,0,"Ishq Jaisa Kuch (From ""Fighter"")",Vishal-Shekhar
-0.1865536258343307,-0.8900344378601591,-0.689313576408455,3517,0,CAROLINA,KAROL G
-0.10281040156411349,1.3950024479043364,0.3418586227573125,3500,0,Krippy Kush,Farruko
-0.5022487240445215,-0.6256076187774645,0.7090997356246633,3503,0,Do It,Kanye West
-0.4222779129773614,-0.7513473705388389,0.09546467952831839,3518,1,Mtg Quero Te Encontrar,DJ LG PROD
-0.5439994856104565,-0.6237272634444389,0.6436011966520456,3521,0,Umbrella (with 21 Savage & Young Nudy),Metro Boomin
-0.3971234172751169,0.7823302301428132,1.7841967068405113,3511,0,Cuaderno,Dalex
-0.1760455018204896,1.2405777121805701,-0.17765917110177892,3504,0,Leja Re,Dhvani Bhanushali
-0.4255318397860858,-0.7705400324946721,0.1001514297698148,3522,0,Păi naa,Babasha
1.623490148136693,-1.2978751180698551,-0.725885412649084,3512,0,Paro - Speed Up,Nej
-0.5868089594036217,-0.34483934420705753,1.636649036081764,3501,0,"Burn, Burn, Burn",Zach Bryan
-0.255221097812349,-0.15454236912325223,-0.2962802104959091,3523,0,Girl,Myke Towers
-0.5341313396264551,-0.7188204079743363,0.3323641785914013,3516,1,Saving Up,Dom Dolla
-0.38199772251730735,0.09282003993779442,0.46105242744510766,3505,1,The Way Life Goes (feat. Oh Wonder),Lil Uzi Vert
-0.4402012691847027,-0.998116296787523,-1.064876225772986,3502,1,Headshot (feat. Polo G & Fivio Foreign),Lil Tjay
-0.13158064007267767,0.8003222073761338,-0.7799509069599413,3515,0,"Gali Gali (From ""Kgf Chapter 1"")",Neha Kakkar
-0.4738976710206389,-0.8125122100781909,-0.3943070955144101,3513,1,LLYLM,ROSALÍA
-0.2948270401656687,0.12988025224285657,-0.13569815674692048,3510,0,Levels,Sidhu Moose Wala
0.09938783660029406,2.4276143042968568,-0.6612025379617383,3506,0,"Hey Mama (feat. Nicki Minaj, Bebe Rexha & Afrojack) - Boaz van de Beatz remix",Boaz van de Beatz
-0.31685018140401505,-0.4666892904743541,-0.7793119544169038,3514,0,If You're Happy and You Know It (Clap Your Hands),CoComelon
-0.3622835038843936,0.25945429769390665,-0.13436637933943818,3520,1,La player (Bandolera),Zion & Lennox
-0.4354328717347735,-0.9774181444872958,-0.9723472660146342,3507,1,ART,Tyla
-0.26166219570858346,-0.6136170106426452,0.1291584938097851,3509,1,Let's Love,Sia
-0.43876429934417993,-0.7818276065382286,-0.5698157812307424,3530,0,DASH,NMIXX
-0.19691631529691023,-0.6721655753322605,-0.08310835406919653,3526,1,On My Mind,Diplo
-0.4003517320645478,-0.245028424159467,-0.030939663363355525,3527,0,Vampiro,Matuê
-0.4979984654463555,-0.8781050280761062,-0.4860741105837248,3535,0,Another Late Night (feat. Lil Yachty),Drake
-0.34640853154798035,-0.6109440784997034,-0.5842774455500455,3542,1,Fire - Official UEFA EURO 2024 Song,MEDUZA
-0.24272541077000354,-0.4621641245651366,0.7044348907490143,3541,0,Delincuente,Tokischa
-0.3436993709400559,-0.6271240707079196,-0.6479226050249592,3531,1,Never Lose Me (feat. SZA & Cardi B),Flo Milli
-0.4904511831817312,-0.9184687983930592,-0.5815700106830914,3543,1,Kernkraft 400 (A Better Day),Topic
-0.5107954396511153,-0.5816720870267708,0.26137602001443583,3536,0,SORRY NOT SORRY,"Tyler, The Creator"
-0.17829266690497877,0.9656420562754215,-0.9139486187029754,3538,1,Bad (feat. Vassy) - Radio Edit,Showtek
-0.41643124254511926,-0.7724234065923914,-0.013586599183880386,3540,0,CYBERTRUCK,Bad Bunny
-0.38082740548278726,-0.6898496771889218,-0.30541267631064756,3528,1,"Sher Khul Gaye (From ""Fighter"")",Vishal-Shekhar
0.07186417459203093,-0.6235054217881869,-0.88705242248613,3532,1,Fever,Dua Lipa
-0.48993477776829986,-0.9111547733859396,-0.7167673749861383,3539,0,"Tiago PZK: Bzrp Music Sessions, Vol. 48",Bizarrap
-0.30449131339145696,-1.0463267194428834,-1.2562162189976023,3533,0,Hands up!,6arelyhuman
-0.5199121541552627,-0.7338797127163875,0.0902800336524613,3529,0,Buenas,Quevedo
-0.38681024021012145,-0.8101826190256225,-0.4357116706698009,3537,1,STUPID IN LOVE (feat. HUH YUNJIN of LE SSERAFIM),MAX
-0.1927962747148489,0.5351035598639191,1.0412824264033946,3534,1,Let Her Go,Passenger
-0.4940649147197185,-0.5654903330470618,0.3113812623535834,3561,1,Put Your Records On,Ritt Momney
-0.23062623407757615,0.17192256252018098,-0.43526013378293577,3558,1,So Am I,Ava Max
-0.45949941119264753,-0.5127872091382653,0.8240809198969152,3555,1,Slide,Calvin Harris
0.3575217949586026,2.1381856642012806,-0.012168416488020696,3548,1,Feel Good Inc.,Gorillaz
-0.23905745948837046,0.4372990673548229,-0.2935475357578473,3563,1,Me And My Broken Heart,Rixton
-0.427197095507345,-0.8313390764559629,-0.40807911374325767,3566,0,"Baguettes in the Face (feat. NAV, Playboi Carti & A Boogie Wit da Hoodie)",Mustard
-0.1265681544501389,0.9191162238155028,-0.32663196645144454,3565,0,Bachpan Ka Pyaar,Badshah
-0.13987634413888034,1.464322560297811,-0.41208102645993366,3560,0,Lo Aprendí de Ti - HA-ASH Primera Fila - Hecho Realidad [En Vivo],Ha*Ash
-0.3322944516182026,-0.560227781413739,0.6059800111248168,3547,1,GIRL LIKE ME,Black Eyed Peas
-0.17765867994956713,0.6781349780650684,-0.12509119276814962,3553,0,Blinding Lights - Instrumental,The Weeknd
-0.4314778464992888,-0.5523306075320003,0.5889011659197527,3550,1,Wildest Dreams (Taylor's Version),Taylor Swift
-0.2899017050877827,-0.4065623616956629,-0.9392683244648201,3564,1,Here With Me,Marshmello
-0.05013090361596439,1.221783203370277,0.08786661856365403,3562,1,Ain't Your Mama,Jennifer Lopez
-0.46138696602311374,-0.9953672856419766,-1.2185005859517075,3545,1,Rock My Body,R3HAB
1.817572549908669,-1.2769042194577025,-1.534267986770319,3557,0,TWINNEM,Coi Leray
-0.3548129691798901,-0.9409537165861317,-0.9012324852481429,3551,0,Mood,Makar
-0.495611081062931,-0.6874825036297447,0.08049851064263303,3549,0,TU$$I (with Dei V),YOVNGCHIMI
-0.36585161974667774,-0.21970526914598293,-0.03968499156674768,3554,0,"Duki: Bzrp Music Sessions, Vol. 50",Bizarrap
-0.33604083566057025,-0.6728633453695896,-0.8278413214647973,3546,0,Tell Me What You Want,Oden & Fatzo
-0.3760322674792564,-0.44573350274781404,0.027151406134850054,3544,0,KABUKI,Cuckoo Coco
-0.45660695207438584,-0.5892133083521616,0.017440196208268532,3556,1,The Bones,Maren Morris
-0.4663291980836277,0.49324310861764437,3.144441621566985,3567,1,Good News,Mac Miller
-0.3978947652844705,-0.7377382184862609,-0.18055871699224857,3559,0,SIN SEÑAL,Quevedo
-0.3809040764810546,-0.5118389799714689,0.03610730875707808,3552,0,Mejor Que Yo,Anuel AA
0.3951022111092789,-0.30332408173352793,-0.11890511868173162,3568,1,Wiggle (feat. Snoop Dogg),Jason Derulo
-0.3743839525692278,-0.5928521394665515,0.05287341031116461,3595,0,Evoque Prata,MC MENOR HR
-0.38107922598110133,-1.0284660210169139,-0.9269393749613096,3580,1,Last Heartbreak Song,Ayra Starr
-0.40189245355164266,-0.6286015548031231,-0.9748522758019661,3590,0,MIDDLE CHILD,PnB Rock
-0.4888183574671177,-0.7526482306374266,0.09021990641579737,3594,0,Pakistan,D-Block Europe
-0.42892614881910196,-0.8552772383533742,-0.9628374065754776,3575,0,Beat the Odds,Lil Tjay
1.2513950772572098,-0.9951674785480054,0.14980368326585777,3582,0,Barely Breathing,Grant Averill
0.09769711655623753,-0.7717905514915816,-1.0068446173006365,3571,1,All Around The World (La La La),R3HAB
-0.39091878429021426,-0.7180990532500553,0.03211332731258713,3585,0,"You're On Your Own, Kid",Taylor Swift
1.175157367836338,-0.8348326518587403,-1.1488792401825652,3578,0,Моя голова винтом,kostromin
-0.3724359799221737,-1.0411345376481185,-1.0196130557886773,3592,0,Already Rich,Yeat
-0.3729655017628774,-0.9290991351361897,-0.8366952738372875,3576,0,Bandana,Shubh
-0.543794390526486,-0.22276630447987697,2.0780207545406446,3573,0,ライラック,Mrs. GREEN APPLE
-0.35843172871822315,0.17365797891086093,0.4017261216913008,3570,1,Bruises,Lewis Capaldi
-0.3592182866138913,0.04626787750703977,1.9559794470124376,3572,1,exile (feat. Bon Iver),Taylor Swift
-0.42919085391868095,-0.563631086764152,-0.7621573776087226,3596,0,THE GIRLS - BLACKPINK THE GAME OST,BLACKPINK
-0.37603638514750304,-0.4680512052958192,0.028313978507555904,3581,0,Raja Ji,Pawan Singh
-0.4550045913981396,-0.5638979296719003,0.04567323990658886,3593,0,Я плачу,A.V.G
-0.34679334750058655,-0.3859216142036013,0.6620283203728045,3586,1,Love Sosa,Chief Keef
-0.46233884148603654,-0.9181802358680548,-0.5368893202935442,3589,0,HIND'S HALL,Macklemore
0.03342841515304533,0.8678328613554314,-1.0794008302219587,3577,0,Skibidi,Little Big
0.07076964913332358,-1.3411331744917736,-1.9514178242561904,3584,0,I'm Geekin,DDG
-0.4191306071431811,-0.7319887658212608,0.0908902617039805,3574,0,Hey Lil Mama,Eladio Carrion
-0.09736532112256,1.706835323404215,0.748892082200758,3583,1,Eres Mía,Romeo Santos
-0.4947700667148853,-0.7766557787594285,-0.24300183763992533,3579,0,Sunrise,Morgan Wallen
-0.17564938963438226,0.5995745006201143,-0.33608699749363563,3588,1,ME! (feat. Brendon Urie of Panic! At The Disco),Taylor Swift
-0.46516624701077663,-0.6149434724650558,0.056893881299760925,3569,0,Para de Mentir,Oruam
-0.3986382480948996,-0.9405536489008475,-0.5492987517196295,3591,0,TRYNA MAKE SURE,Moneybagg Yo
-0.36570669214941914,0.27709245537160987,-0.14362164134430191,3587,0,Yo Ya No Vuelvo Contigo (En Vivo),Grupo Firme
-0.3154166565893529,0.5516656790293915,-0.027111054177579887,3611,1,Bella y Sensual,Romeo Santos
0.7121487024544095,-0.6550191243770025,0.11396467476218282,3603,0,Bertahan Terluka,Fabio Asher
-0.5187671258316225,-0.7445553410268672,0.02568556411124051,3618,0,if looks could kill,Destroy Lonely
-0.4811293854147131,-0.42401768978267645,0.0937821597185571,3616,0,Save Me The Trouble,Dan + Shay
-0.4911723835532807,-0.2223744421318004,0.9026570057446315,3621,1,Marisola - Remix,Cris Mj
-0.1464363889453966,-0.589393254538026,-0.2425415894138648,3615,1,Trampoline,SHAED
-0.4757114113362274,-0.7305377716698735,-0.18192747251734864,3622,1,Alone (with Nicki Minaj),Kim Petras
0.10405611398245143,0.8204463218263527,-0.9555445248666383,3600,0,God’s Menu,Stray Kids
-0.1320324615727401,0.2442801348199244,0.6587446165372557,3610,1,Te Vi,Piso 21
-0.46633169502210636,-0.39062405263939814,0.40324864422081885,3597,1,I Wanna Be Yours,Arctic Monkeys
-0.27047360483490795,2.260600801396159,3.784849975023987,3614,1,Boyfriend,Justin Bieber
-0.4760012767475792,-0.5950760853398475,0.056189454920137896,3601,0,PARANOIA,HEARTSTEEL
-0.11523760266593017,0.18934456120733972,0.6725375998610211,3607,1,Story of My Life,One Direction
-0.529850720045571,-0.39096207213563966,0.8243750918994149,3606,0,Black Summer,Red Hot Chili Peppers
-0.4194999261164896,-0.7812440069228566,0.0057205149739435026,3599,0,Devil You Know,Tyler Braden
-0.3745370330774622,-1.0565023319423235,-1.063046235515106,3604,1,run for the hills,Tate McRae
-0.3131762230870332,-0.8094182813160239,-1.364989953154748,3617,0,I Know - PR1ISVX Edit,Kanii
-0.3364237710992496,0.44010026235119354,-0.18783894352218175,3598,0,Wish,Diler Kharkiya
-0.19545294165956117,1.3870644475625953,0.8648801878744561,3608,1,Let Me Love You,Mario
-0.07291070063463281,1.359104775346,-0.12023040558942709,3612,0,Sofia,Alvaro Soler
-0.42852862476887355,-0.7787477666784147,0.12068706221944521,3605,0,Beso (Fruta Fresca),Wakyin
0.17210620264897977,1.3206452938441942,-0.4194948884799238,3609,0,Ya Lili,Balti
-0.29247827881738536,-0.27096235862867474,0.5379548257266406,3613,1,Those Eyes,New West
-0.44790482856427444,-0.5865694385887991,0.726179564221166,3602,0,Little Foot Big Foot (feat. Young Nudy),Childish Gambino
-0.40385715575625897,-0.20797408974600246,-0.03145730958001609,3619,0,Explícito,Myke Towers
0.39093213392245096,0.8959962546889163,0.31956368729880896,3620,1,Girl On Fire,Alicia Keys
-0.49837045780936645,-0.16397320120465073,1.4270866435890783,3623,1,Like I Want You,Giveon
-0.4240453096601334,0.5727899464275344,2.6098379851684577,3638,0,"Naiyo Lagda (From ""Kisi Ka Bhai Kisi Ki Jaan"")",Himesh Reshammiya
-0.011665526876759987,1.84050477774309,-0.19147265203851715,3637,1,Black Magic,Little Mix
-0.44464746667368743,-0.25759284467662397,0.09523513388781116,3646,1,Budapest,George Ezra
-0.378835324637138,-0.46301968268577853,0.031227813987928083,3633,0,Shellfish cumbia,H2O
-0.42530657590357357,-0.767814580154128,0.09975450545226222,3645,0,La Guerita,Grupo Marca Registrada
1.3249513444514744,-0.3604525580918432,0.9746543391859948,3631,0,Mi Tesoro (feat. Nicky Jam),Zion & Lennox
-0.49386309485208657,-0.14607003799070048,1.9745462967675196,3626,0,ERE,juan karlos
-0.05726838939006183,0.44255226451539353,0.13872478005007677,3634,0,Alcohol-Free,TWICE
1.1034382466431485,0.38404641559044933,-0.38213918702145916,3639,0,Bad boy,Marwa Loud
-0.47165453259586787,-0.5364624516617192,-0.08513825747554861,3644,0,Voices In My Head,Falling In Reverse
-0.4253428134651223,-0.7694867163015056,0.09988236518957284,3643,1,LA NENA,Lyanno
-0.15730370384825862,1.2030511176536138,0.41400155379223025,3647,0,Better Now,Post Malone
-0.0011283187407253713,-0.06091395206345072,0.9922391344242816,3627,0,Hati-Hati di Jalan,Tulus
-0.3271984487105223,0.19843457543672052,1.3589222764666706,3648,0,Algo Mágico,Rauw Alejandro
-0.4206507220483944,0.02194845135141419,0.5547437667354015,3642,0,Quicksand,Morray
0.0925135766051389,0.10984453370866408,-0.09920968186876201,3641,0,Singapur,El Alfa
-0.19978154476399165,0.46157831297413326,0.8820586584606569,3629,1,Just Dance,Lady Gaga
0.2044741065015069,0.25084947419718506,1.5554396058381328,3640,1,Tom's Diner,AnnenMayKantereit
-0.1363819409188738,0.32644955413704696,3.2324628940533398,3625,1,La Jeepeta - Remix,Nio Garcia
-0.35866417381613497,-0.35219267392047354,0.0025973384121135428,3632,1,Ojos Marrones,Dos Waves
-0.554804854793021,0.4593154577093316,3.2725816188706958,3624,1,Marvins Room,Drake
-0.48856686401684707,-0.694940956484182,-0.27243623139470324,3630,1,The Motto,Drake
-0.29643472285675176,-0.14738641265031246,-0.13673900508564396,3635,1,Hot (feat. Gunna),Young Thug
-0.029280016902437683,-1.4549053225106081,-2.5540648520819467,3636,0,Skibidi Toilet,Lil Big Stack
-0.334799697392545,-1.0847242717368046,-1.372544418189725,3628,1,moment,Vierre Cloud
-0.5239209496854726,-0.5741133441224993,0.44860771234322205,3649,1,Heaven Takes You Home,Swedish House Mafia
-0.4104553451823651,-0.2284355839740196,0.9203471439620483,3661,0,Far Away (2020 Remaster),Nickelback
-0.38310560595755605,-0.850088639889024,-0.5657825011543436,3651,0,God Damn,Badshah
-0.37367079865533226,0.24091488163140307,-0.13555062989056194,3664,0,Razzi Bolja,Harjeet Deewana
-0.542126116446229,-0.571206757007433,0.5931322994053386,3658,0,"Tested, Approved & Trusted",Burna Boy
-0.08761172002571889,-0.561195208194938,-1.2391257339008763,3667,0,GALOPA,PEDRO SAMPAIO
-0.20455551556393248,-0.2808320566241895,0.1395892136596286,3670,1,Reckless,Madison Beer
-0.40382072277176717,-0.2680597164798356,0.764482777654928,3678,0,Paint The Town Red,Doja Cat
-0.4492212608214258,-0.7967726905461674,-0.7302048720291748,3665,0,BEST ON EARTH (feat. BIA) - Bonus,Russ
-0.5295188605368862,-0.35934506011069856,1.0981352614270015,3676,1,Drunk (And I Don't Wanna Go Home),Elle King
-0.46919253587419474,-1.0293509444233635,-0.972887511669969,3669,0,Overdrive,Post Malone
-0.29540608644445177,0.6177791609718304,0.30340024282749034,3673,1,Cuando Nadie Ve,Morat
0.3640697532516946,0.1322624020987562,-0.2680766320119133,3652,0,Freak (feat. REI AMI),Sub Urban
-0.15427846148350208,-0.3926050674090606,-0.26838733742822535,3672,0,Sugar Rush Ride,TOMORROW X TOGETHER
-0.2623660596082576,-0.7409831425439634,0.09637354884474399,3654,0,Me Escapé,DobleP
0.10491238551790733,0.9955710172261576,-0.3564833491267113,3668,0,Sakhiyaan,Maninder Buttar
-0.3008667838849628,-0.13405578176228355,-0.4108687292922092,3662,1,Without You (feat. Sandro Cavazza),Avicii
-0.4834113001785845,-0.5881618160214669,0.05680982337344725,3663,0,Aynen,Heijan
-0.2545930737098304,-0.14778242278903536,0.4172368411001658,3675,1,IDGAF,Dua Lipa
-0.2985290931401849,-0.40003145005887436,-0.2502406557371151,3653,1,Maniac,Conan Gray
-0.2675531825461107,1.1737180316869638,0.43187351916613737,3655,1,Love Me Harder,Ariana Grande
-0.2979737153245249,0.5181288720757641,0.82117773263815,3677,0,Si Supieras,Daddy Yankee
-0.3606384998793038,-0.2567576040668745,0.16145229170748995,3674,1,Love Someone,Lukas Graham
-0.4043895758401177,-0.9161146962572374,-0.4331288405541742,3660,1,Dance Alone,Sia
-0.4397291130355378,-0.7690062369935609,0.10161113941608979,3656,0,Suano,NTG
-0.18543275838281095,-0.30501776847663364,-0.8904507788953357,3659,0,Heart On Ice,Rod Wave
-0.2083675617350695,1.0051822830842263,-0.47765798960034894,3650,0,POP/STARS,K/DA
-0.3455477775399373,-0.1271227843869994,-0.5203457325940086,3671,0,Ring (feat. Kehlani),Cardi B
-0.5279270587841176,-0.5520722277165214,0.4401967574452765,3657,1,Potion (with Dua Lipa & Young Thug),Calvin Harris
-0.4245751772371932,-0.7624372040407836,0.09864587507826937,3666,0,Página De Ex - Ao Vivo,Mari Fernandez
-0.12488506047793442,1.140116462486886,-0.12581319818458572,3679,1,"Young, Wild & Free (feat. Bruno Mars)",Snoop Dogg
-0.26040905806742687,-0.5464278079674713,0.015167419191623668,3703,1,NEW MAGIC WAND,"Tyler, The Creator"
-0.16608384752096217,0.7518014131647723,-0.27312791358231736,3686,0,Taaron Ke Shehar,Neha Kakkar
1.1631786280304923,-1.013956090149369,-0.7958144542242266,3704,1,Monster,LUM!X
-0.42338840554498125,-0.7573769594866433,0.09703716103486362,3684,0,"SI SI SI SI (feat. Eladio Carrion, Bryant Myers, Dei V)",The Academy: Segunda Misión
-0.4086001997818784,0.0375441061064957,0.4559265130085985,3691,1,River (feat. Ed Sheeran),Eminem
-0.5819404173189747,0.04658927709388357,2.4949293292552253,3690,0,Churchill Downs (feat. Drake),Jack Harlow
-0.2166127022105079,1.2781582263096636,0.2032295578415969,3681,1,Wide Awake,Katy Perry
-0.41243269970806345,-0.6840901576135555,0.08080760553869455,3698,0,Eyvah Neye Yarar,Semicenk
-0.10334325133903939,-0.4003840392054219,0.07822068354179712,3687,1,Lush Life,Zara Larsson
-0.3810093875263954,-0.9328147023538426,-0.7466143126770282,3680,0,Kitty,Kenia OS
-0.44938172461362486,0.3470568075310723,2.503521979955368,3693,0,"O Bedardeya (From ""Tu Jhoothi Main Makkaar"")",Pritam
-0.33381475069351507,-1.016020483248959,-1.3333947534953063,3694,0,Wildberry Lillet,Nina Chuba
-0.3748960918886468,-0.9043579870129577,-0.6078789546600388,3701,0,Amapiano,Asake
-0.28676451166720984,0.49391231674351344,0.0024251761835109823,3695,1,Hola Señorita,GIMS
-0.4662815685714369,-0.5258111010245895,0.0406420132884524,3697,0,M.A (Mejores Amigos),BM
-0.3915334299104846,-0.9973357681485276,-0.7421899599376428,3700,1,Take A Bite,beabadoobee
-0.08702839581604892,-0.08805273347297418,-0.171478724215677,3699,1,Dream Girl - Remix,Ir Sais
-0.19769158350282034,1.198700997132367,0.30433768564465313,3685,1,Me Enamoré,Shakira
-0.4929381284035315,-0.593911150448553,0.058471407246329446,3702,0,Geri Dönemedim,Semicenk
-0.35980513286911286,-1.162137971721678,-1.4405651234296821,3692,1,Gimmie A Light,Ice Spice
-0.09622123065797089,-0.10181322894667039,0.335650510969321,3689,0,on the street (with J. Cole),j-hope
-0.5020875547680761,-0.9596717446055142,-0.6350635475106211,3683,0,LOST FOREVER,Travis Scott
-0.13210458069631584,1.6617596400507633,-0.48329581078376643,3688,0,Bad and Boujee (feat. Lil Uzi Vert),Migos
-0.38883227078099003,-0.11204822044486067,-0.2570750153667192,3696,1,What Ifs (feat. Lauren Alaina),Kane Brown
-0.1425578666111668,0.9892150253085844,-0.3121314783605962,3682,0,I Got Love,MiyaGi
-0.22135778930745006,-0.3773175065136577,-0.31714007153756363,3705,0,SET ME FREE,TWICE
-0.4115265005020526,-0.33874893198116984,0.7398995300070969,3714,1,Say Something,A Great Big World
-0.3722773618253541,-0.45644697297584125,0.023447996646740122,3707,0,Cake By The Ocean - Cover,MUSIC LAB JPN
-0.40392746831690257,-0.6464478778469529,0.06920699689306341,3709,1,Por Dentro,Rels B
0.13344548271383155,2.5306258877504204,0.10366938106700967,3720,1,You Belong With Me,Taylor Swift
-0.3287173779739828,-0.5512020388313933,0.050348978706630014,3731,1,"Sex, Drugs, Etc.",Beach Weather
-0.09526915460123464,-0.4191498140487317,0.022779437028239452,3727,0,Tchuco Nela,MC Rogerinho
-0.1566538714138555,2.620224320992957,2.271853385481862,3730,1,Californication,Red Hot Chili Peppers
-0.13613526464652195,1.1585670605643372,-0.0028898072209161117,3706,1,La Mordidita,Ricky Martin
-0.25876291575058324,0.35393347942880565,0.11204243463875806,3722,0,Drowning (feat. Kodak Black),A Boogie Wit da Hoodie
-0.4982642547732485,-0.967058498744601,-0.6919510480038118,3734,1,One in a Million,Bebe Rexha
-0.36994330722377,-0.6349799870100318,-1.161952663055128,3737,0,Playing Games,Summer Walker
-0.3252902413060721,0.5846233942944157,0.9035158161315798,3728,1,Often,The Weeknd
-0.3517577899836166,-0.30707008032887145,-0.0075777690386489745,3719,1,Balanço da Rede,Matheus Fernandes
-0.40522032782531264,-0.5125603075404929,0.1862053250713328,3738,0,Better Things,aespa
-0.40966857808574664,-0.6683626419982017,0.07685623056092787,3715,0,CCC - Remix,Michelle Maciel
-0.43314421841977857,-0.09293022075532886,1.4533672060718574,3711,0,Carnival,Kanye West
-0.1442895908218643,1.2235912503500832,-0.3760034170971857,3716,0,Swag Se Swagat,Neha Bhasin
0.018505632162529664,-0.8289166748772224,0.08823490622062527,3725,0,SEVILLA,Thrife
-0.1903773614605,-0.4602652384408778,-0.007753307303356528,3717,0,Chana Tera Shukriya,Tanveer Anjum
-0.23942644848702463,0.383469309610079,-0.170824118510282,3733,0,Caramelo - Remix,Leoo Remix
-0.395130997005775,-0.5983321784509197,0.05673264109532088,3713,0,GHOST!,phonk.me
-0.4535946857525513,-0.613881503969171,0.05456801201740546,3726,0,CUTE DEPRESSED,Dyan Dxddy
-0.239018024985019,0.3138533096901686,0.5054768340737184,3712,0,Inolvidable,Ovy On The Drums
-0.40634525792383347,-0.9314403178039847,-0.43835527130104573,3710,1,Lioness,Swedish House Mafia
-0.46473945218702606,-0.12540754172940188,1.2684860482297433,3718,1,Zombie,Bad Wolves
-0.17542331529565885,0.4425165029378232,0.6931289639318678,3735,0,NI BIEN NI MAL,Bad Bunny
-0.3704884006533986,-0.5758526819931744,0.3657980437263846,3721,0,MAÑANA SERÁ BONITO,KAROL G
-0.46461947264573233,-0.8990589715872378,-0.9749631545369736,3736,1,My Heart Goes (La Di Da),Becky Hill
0.11350515952793896,1.6929853977566371,-0.2070694272070866,3732,1,Candy Shop,50 Cent
0.053605877844270615,-0.17620456097475468,0.976707777919614,3724,0,ONLY,LeeHi
-0.4494554663597813,-0.9765588825298791,-1.1433783969619649,3723,0,Avalon,$uicideboy$
-0.4190799405298047,-0.5416307757303885,0.03954502769012015,3708,0,Puro Campeón,Grupo Marca Registrada
-0.28997727580456495,0.6739256437873034,-0.12002918037878155,3729,0,Esperándote,Manuel Turizo
-0.46833137456175766,-0.6527911561518692,0.3311446413717707,3751,0,Gas Pedal,Sage The Gemini
-0.46907899004280823,-0.8708697193203959,-0.3690456698151882,3748,0,Landmines,Sum 41
-0.3722773618253541,-0.45644697297584125,0.023447996646740122,3752,0,Flowers,Miley Cyrus
-0.24873628025073846,-0.7508573777341161,0.09212245114193726,3747,0,"Mnike (feat. DJ Maphorisa, Nandipha808, Ceeka RSA & Tyron Dee)",Tyler ICU
-0.22719560625109803,-0.2605793604715219,-0.015504814533636823,3754,0,DANCE CRIP,Trueno
0.20610564180308105,-1.3814467739520087,-1.9960546218694513,3742,0,stellar,.diedlonely
-0.4139282000207232,-0.20315397337986033,-0.03360551081644418,3740,0,En Tu Perra Vida,Grupo Firme
0.020005387389225034,0.4912172092388948,0.6057401280790823,3763,1,Malibu,Miley Cyrus
-0.48344447370550664,-0.6125887565828432,0.4655316490113602,3744,0,Skin and Bones,David Kushner
-0.3722773618253541,-0.45644697297584125,0.023447996646740122,3746,0,Shut up My Moms Calling - (Sped Up),Hotel Ugly
-0.3995392306525406,-1.2263434864563456,-1.7699719977128487,3741,0,Spinnin,Connor Price
-0.32199721279904453,0.38409309568656175,-0.6894033047258671,3749,0,Baby Shark,Super Simple Songs
-0.5061450222756384,-0.6768159028028791,0.07767070378097951,3759,0,BARBIEZ,Fuerza Regida
-0.3735015623349164,-0.4144084396008465,0.010882812999575556,3760,0,Coladin (Minha Deusa),Zé Vaqueiro
-0.2900674828638697,0.7087625057847333,-0.24560621894142817,3757,0,"Coca Cola (From ""Luka Chuppi"")",Tony Kakkar
-0.3449875335739035,-0.8750512031242375,-1.2850456452861403,3758,0,Los Botones Azules,Junior H
-0.40239939936764024,-0.9071393786316517,-0.44100981196094236,3764,1,All By Myself,Alok
0.5698939639831512,-0.5443934478635399,-0.001936242341524308,3762,0,Dj Balada Boa X Pika Pika Kawenimeri,DJ USUP
0.0025685346697969834,-0.5581299250137476,-0.40901224608149367,3755,0,Joli bébé,Naza
-0.18376901909604718,0.05226271012487129,0.6502334616270302,3739,1,Time of Our Lives,Pitbull
0.07890888502401329,-0.07641332030579122,0.3394583225805608,3745,1,Blood // Water,grandson
-0.42318398229164567,-0.845739242557755,-1.3117566231607827,3753,0,Famous Hoes,NLE Choppa
-0.4786345874083839,-0.6582216868633131,0.07343999633891146,3756,1,AMOR PROPIO,Grupo Frontera
-0.5249330539732132,-0.21963009832809174,2.3543575880329026,3750,1,Wreckage,Pearl Jam
-0.33801149510049305,0.010263319886570659,0.728641635691448,3743,1,This Town,Niall Horan
-0.4907506077787936,-0.6982715209585929,-0.06905071132856938,3761,1,Maybe You’re The Problem,Ava Max
-0.4511067333288505,-0.6779990761825063,0.05566233109735416,3792,0,Lil Bit,Nelly
-0.3528357576018804,-0.30977753050268647,-0.006214542505693902,3790,0,Nenas,Anni K
-0.40822546842388546,-0.29223979164062025,-0.4294851826399157,3776,0,Rainy Days,V
0.10807900742369175,-0.6562139400537439,0.0866871848437251,3784,1,Disaster,KSLV Noh
-0.19798497919902477,1.0556412664626684,-0.3562220655121637,3773,0,Feelings,Sumit Goswami
-0.518115484744675,-0.7230157044121225,0.06709818568733776,3770,0,Trouble With A Heartbreak,Jason Aldean
-0.4685452107339784,-0.5416795472528892,0.047560294406780494,3769,0,Los Collares,Oscar Maydon
-0.451382005909834,-0.645919578773215,0.6518940201598142,3772,0,BLAQ ON BLAQ (feat. Luciano),HoodBlaq
0.36699934223970393,0.27461748332031327,0.18196438182050645,3778,1,Memories (feat. Kid Cudi),Kid Cudi
-0.5429284536717451,-0.533985454680115,1.044191545181731,3789,0,It's That Time,Marlon Hoffstadt
-0.3849550415022193,-0.4927055806741722,0.03970969511018537,3780,0,Do Not Climb,Claps
-0.4263353006116448,-0.7745853667776987,0.10127269160024695,3786,1,Mélanine,Heuss L'enfoiré
-0.41158173872972775,0.019921657940201332,-0.08079619758294197,3775,0,Bakkal Amca,Kukuli
-0.4263743796162728,-0.7749679781852892,0.10133687046883459,3768,0,Martes 13,Luis R Conriquez
-0.4277085262138145,-0.7818716588359831,0.10320839670721296,3791,0,Jom ka du me t’pa,Dafina Zeqiri
-0.04473590949523044,1.5960104165131355,-0.45457472776093166,3783,0,BellaBella,Vanco
-0.4595717107052631,-0.8142278619666443,-0.16785747108774593,3765,0,Long Journey,Rod Wave
-0.48538908826038835,-0.1536476560757478,0.6789177756728341,3782,1,Die A Happy Man,Thomas Rhett
-0.3381575913666847,-0.9585070929820682,-0.8899849180379967,3766,1,Dah Dah DahDah,Nardo Wick
-0.5616502013002753,-0.6122182905253749,0.7323208137122621,3787,0,Cab In A Solo,Scotty McCreery
-0.4629435223617895,-0.39718364687483376,0.010937781168196815,3771,0,Súbelo,Anuel AA
-0.5017374177618515,-0.529360000469721,0.34190369472054516,3779,0,Bachke Bachke (feat. Yarah),Karan Aujla
0.08322987570240996,-0.5621192384485473,-1.0040390812086615,3785,0,Fed Up,Ghostemane
-0.42865330220659464,0.03729020218392696,0.8139697006716347,3781,1,Slide,H.E.R.
-0.4118146586141168,0.2862933483400307,1.9398931581911183,3774,0,"Udd Jaa Kaale Kaava (From ""Gadar 2"")",Udit Narayan
-0.5001292498179194,-0.9042165424580176,-0.4919340507591,3777,1,Be The One,Eli Brown
-0.46998579887062164,-0.5521274766837503,1.05526027241711,3788,1,Top 10 staTues tHat CriEd bloOd,Bring Me The Horizon
0.13722747359462978,-0.7973767841797437,0.07181151381396349,3767,1,This City,Sam Fischer
-0.4841037857398583,-0.5461230628650827,0.04583250787303618,3801,0,Os Bico Tão Se Perguntando (Let’s Go 3),MC PH
-0.512777403137808,-0.6019043910105931,0.5069360380884095,3818,0,Last Time I Saw You,Nicki Minaj
-0.400047072429182,-0.9435092526819279,-0.5366236837793592,3795,0,Precision,Big Sean
-0.5122671518267933,-0.8494248545582728,-0.3203119234863983,3820,0,Did Me Wrong,A Boogie Wit da Hoodie
-0.42692083810650994,-0.7786977650783165,0.10215023878384782,3804,1,Cry No More (feat. Tay Keith),Headie One
-0.4007203887681817,-0.2537203773138264,-0.02429865999352954,3811,0,ลืมไปแล้วว่าลืมยังไง (Fade),Jeff Satur
-0.1257041804972639,-1.199096036532283,-1.8484979050888533,3800,0,Get Back,Pop Smoke
-0.2302679627355911,0.014595630280335808,0.8382534059157642,3821,0,Panic Room,Au/Ra
0.2744077849875901,-0.5109511917137076,-0.0056805790622946545,3810,0,DJ BIWIR BEUREUM-BEUREUM JAWER HAYAM PANO COKLAT KOPI SUSU - RUNTAH,DJ MANIKCI REMIX
-0.0042241339503907085,1.5968802487392948,-0.714790202731557,3807,1,2002,Anne-Marie
-0.3034141052389552,-0.10651039120505723,-0.2302396790703046,3797,1,Baila Conmigo (feat. Kelly Ruiz),Dayvi
-0.4183932087441929,-0.7327338028650139,0.09009247277371003,3806,1,Problemas de um Milionário,WIU
-0.35991543810011434,-0.14822643622333087,-0.7893072958806954,3819,1,Noticed,Lil Mosey
-0.27140640231548424,-0.5946730610034627,-0.9290751801601222,3809,1,Shoota (feat. Lil Uzi Vert),Playboi Carti
0.9765401371108455,-0.8721187839438307,-0.025240799484097548,3793,0,Happy Birthday,Jovanie
0.1916946844503939,1.0348965868833009,-0.08537313766528688,3812,1,The Greatest,Sia
-0.12864418425059349,0.9027651385912671,-0.01045676254530291,3815,0,Ignite,Alan Walker
-0.44697886627528555,-0.786198482325117,-0.7245559635248359,3805,1,Sharing Locations (feat. Lil Baby & Lil Durk),Meek Mill
-0.3736923783292178,-0.7074383748049129,0.07365751799018029,3794,0,Gấp Đôi Yêu Thương,Tuấn Hưng
-0.463385313449187,-0.707216580158979,-0.4576184430058691,3814,0,Vette Motors,YoungBoy Never Broke Again
-0.32273242959964094,-0.7899681188804005,0.08276283204360803,3816,0,Only Fine Girl,Spyro
-0.46277689468375954,-0.7960569156433993,-0.294660735086638,3803,0,EVIL EMPIRE,Lil Mabu
0.5539913292778944,-1.0154136249295662,-0.7271917611058796,3813,0,Overwhelmed,Royal & the Serpent
0.04813663700674336,-0.23591436092278317,-0.8964697651412306,3799,1,Good as Hell,Lizzo
-0.35749214103577975,-0.5498339002165133,0.3329590412660392,3802,1,Caroline,Aminé
-0.28170196912443146,-0.4553984674915076,0.0020144537389977027,3808,0,Mon ami,Tiesco le sultan
-0.41428682034705544,-0.6869148237961652,0.08305731699888781,3796,0,Zombie Dance with New DB Heroes,D Billions
-0.2881444122807095,0.26878948697960936,0.0992252265328262,3817,1,Adictiva,Daddy Yankee
-0.3893909515087455,-0.4626152771280945,-0.015119411086621163,3798,0,Kitsch,IVE
-0.35065156697636574,0.0015751269138418037,0.3848976740535312,3823,1,Rewrite The Stars,Zac Efron
-0.14115084903323374,-0.7664962160125461,-0.31819822916636303,3836,0,Hype Boy,NewJeans
-0.5166638754405177,0.4058764560713375,3.4154590343771773,3842,1,Enchanted (Taylor's Version),Taylor Swift
-0.4579986366470393,-0.6214092108976025,-0.17635999315780312,3826,0,GUCCI LOS PAÑOS,KAROL G
-0.20949180297399905,0.769204730699686,0.5980315700879857,3841,1,Legends Never Die,League of Legends
-0.5032647105872465,-0.914978628580534,-0.5092059423245917,3824,0,BLEED,The Kid LAROI
-0.3722773618253541,-0.45644697297584125,0.023447996646740122,3950,0,IDGAF,Lucixn
-0.5159620257539815,-0.06610296506615751,2.537580750581733,3825,0,Michi Teyu Ku (Overflowing),Fujii Kaze
-0.22292035771734384,1.3144743396332654,0.31437111346869395,3845,1,Desde Esa Noche,Thalia
-0.3304487136341934,-0.5957246733449492,-0.8698424316429904,3839,1,SOS (feat. Aloe Blacc),Avicii
-0.3658788821890527,-0.3939258170881921,0.012946329901834771,3844,0,Pulsar Bike,Bheems Ceciroleo
-0.385726631114378,-0.19526171036258422,0.09285482271634506,3830,1,FRANCHISE (feat. Young Thug & M.I.A.),Travis Scott
0.20115976217955808,0.664070741754325,-0.2851457470650701,3831,0,Kya Baat Ay,Harrdy Sandhu
-0.40335966314997634,-0.4917437091036964,-0.22839464168733492,3828,0,Do not touch,MISAMO
-0.4941543935306298,-0.8723873008793905,-0.39621771970865516,3840,0,PERSIAN RUGS,PARTYNEXTDOOR
-0.4166286693614189,-0.7130223143701485,0.08706824168811385,3833,0,Romeo Juliet - Title Song,Akassh
-0.16694447341460758,-1.034925965412383,-1.046790359904395,3835,1,Ambition For Cash,Key Glock
-0.3671963595126462,0.5490892993298692,0.6505046129297736,3832,0,En Peligro de Extinción,La Adictiva
-0.3832536965586411,-0.5468172634827928,0.03837833388722122,3838,0,Besito,Soy Pau
-0.4769828498510278,-0.2639011324002456,1.679740361758455,3834,0,晴る,ヨルシカ
-0.31006803399292004,-0.42291927887291597,-0.5443808066093647,3829,1,Be Kind (with Halsey),Marshmello
-0.36646427461582565,-0.689484409635924,-0.4452599855549725,3843,0,I GOT YOU,TWICE
-0.5245503698490239,-0.5094323605153784,0.8201198940078861,3822,0,Zukunft Pink (feat. Inéz),Peter Fox
-0.42812873612215946,-0.6510236568333834,0.07469885531692566,3837,0,CCC,Michelle Maciel
-0.4214336608681594,-0.7465597074909646,0.09425863347129058,3827,1,Dime,El Malilla
-0.37613666789874134,-0.548815464423723,-0.1748898051595443,3861,0,Do you like yogurt,Pierce
0.06502457635244759,0.031060084799703232,0.42247037378102653,3874,1,Electric Love,BØRNS
-0.4635719052647287,-0.7500027680384442,-0.08625006292953806,3854,0,MR. OCTOBER,Bad Bunny
-0.39050789452777274,-1.00904045490459,-0.7785361925556751,3853,0,I Can Fix Him (No Really I Can),Taylor Swift
-0.4261542988207244,-0.7727702119709183,0.10097320317069665,3865,0,Kömür,Mabel Matiz
-0.4374715707313767,-0.9288075022789392,-1.1993125432002139,3871,0,Jee Ni Lagda,Karan Aujla
-0.45315011430453994,-0.5376465768297594,0.8763582942108982,3862,0,Sudden Shower,Eclipse
0.38473374411546746,0.32004533937236873,-0.22619125380243804,3873,0,Nira Ishq,Guri
-0.45765475950678586,-0.8923464728113015,-0.8358646390642601,3868,0,lo que hay x aquí,Rels B
-0.4041386615204319,-0.45922131772566005,0.382767269432364,3858,1,Los Cachos,Piso 21
-0.4028347203387599,0.24021773031618518,0.6184286254140559,3847,0,Jugnu,Badshah
-0.6370964224795432,0.35560518594633644,4.021855615965949,3880,0,NADIE SABE,Bad Bunny
-0.4252824115458844,-0.7666429840629116,0.09966630989991082,3859,0,nE !?,Lvbel C5
-0.13563481542552233,-0.6599501789174628,-0.40488341792903604,3869,0,Graduation (with Juice WRLD),benny blanco
-0.4060108677831273,-0.22293636414266363,-0.033686670566888746,3856,0,Fim de Semana no Rio,Teto
-0.4190120463737698,-1.4034366397007505,-2.397900522371766,3883,0,Best Time,Brent Faiyaz
-0.060213206875628575,1.3961397239256639,-0.4825275167200224,3851,1,Hot N*gga,Bobby Shmurda
-0.4129268009234865,-0.5708025625678983,0.04807180595895788,3872,0,No Sufriré por Nadie - Remix,Joaquin Guiller
-0.4724052978053567,-0.6256577289259369,-0.04313655515099951,3848,1,For Tonight,Giveon
-0.4886162044671277,-0.8328224709017574,-0.41798131018874657,3846,0,Barely Holdin' On,Polo G
-0.3279329984805793,-0.4934782793222607,1.1582870185950311,3849,0,Lihim,Arthur Miguel
-0.5208255060908752,-0.6265196684286317,0.5786163558677802,3882,1,Shake It Off (Taylor's Version),Taylor Swift
-0.3580432379930095,-1.2141722638495989,-1.562204906117413,3850,0,DICE AND ROLL,Odetari
-0.5101803583033251,-0.6640978263208106,0.5246744190980076,3863,0,Clara Bow,Taylor Swift
-0.4569291763606489,-0.6245369091688833,0.7593526245268472,3852,1,Witchy (feat. Childish Gambino),KAYTRANADA
-0.22182214660868926,-0.15730593482793798,-0.05643829532998547,3857,0,Quiéreme Mientras Se Pueda,Manuel Turizo
-0.36758327166310895,-0.4844816129405722,-0.0868282697701893,3881,1,About Damn Time,Lizzo
-0.49627574194821533,-0.9616218151829008,-0.7210073860123486,3878,0,0800 HEAVEN,Nathan Dawe
-0.42215943022743907,-0.09666093169126616,-0.06082628619366023,3860,0,Elegí (feat. Dímelo Flow),Rauw Alejandro
-0.2792282552568314,1.4230548222567228,1.2132020146784768,3885,1,Hallelujah,Pentatonix
-0.3722773618253541,-0.45644697297584125,0.023447996646740122,3870,0,You can't control my heart,Kurochuu
-0.5442743609817164,-0.37722577956713566,1.0905427917662003,3886,0,March Madness,Future
-0.397346115651429,-0.30672818539670627,0.6123775825970941,3884,0,Never Gonna Not Dance Again,P!nk
0.17803897561538318,-0.42532012510792777,-0.6028963222590255,3875,1,Que Calor (with J Balvin & El Alfa),Major Lazer
-0.30182416591323197,-0.7405731035398537,-1.017416661993872,3876,1,Make No Sense,YoungBoy Never Broke Again
-0.4958612400361194,0.16385395420069318,1.5735901873145326,3887,1,STARGAZING,Travis Scott
-0.5169855793674127,-0.25842607944581725,2.1838987872596998,3864,0,WTFYM,Future
-0.36611076101516915,-0.49327592758566624,-0.12142133698905694,3879,0,All My Life,Falling In Reverse
0.20123529923770903,-1.207691482310619,-1.9013898761680366,3855,0,Munch (Feelin’ U),Ice Spice
-0.37018652099719,0.05095409551994311,-0.05648133378295346,3877,0,If You Want Love,NF
-0.368669842354593,-0.3794364651881398,0.015360417018816276,3866,0,Humpty Dumpty,Lo Greco Bros
-0.3288046458240229,-1.222391610495947,-1.556540045883299,3867,1,Revenge,XXXTENTACION
0.06844236390912453,1.998174640646702,-0.603820097509022,3921,0,Savage Love,Jason Derulo
-0.5559608011677476,-0.3661846537244479,1.3782881855815148,3918,1,White Iverson,Post Malone
-0.5022676761034579,-0.12351850987253456,1.149677324568845,3900,1,Hola - Remix,Dalex
-0.4659397581763379,-0.546348891337966,1.0171177264036346,3892,0,The Black Dog,Taylor Swift
-0.48186253420963865,0.4496068130166401,1.6803385596205913,3891,1,Say Something (feat. Chris Stapleton),Justin Timberlake
-0.23358096505642892,-0.6690022521931256,0.0583600599428989,3912,0,Hoa Cỏ Lau,Phong Max
0.11417585815343372,-0.9560501586005785,-0.8614074094080937,3914,0,I Know,Kanii
-0.5899897468735874,-0.3013725815281189,1.664982116565976,3889,0,lost souls,Baby Keem
-0.3174111610607952,-0.11441417598643755,-0.05653322853345995,3890,0,Don't You Know,Crosby St. Models
-0.3718327084286381,-0.6154740373288007,0.18634897801896322,3907,1,Hold Me Closer,Elton John
-0.0009227221002414293,0.015443915013691273,-0.08492815752498242,3901,0,Se Joga no Passinho,Brisa Star
-0.3231636110002598,0.18023813541122696,0.866138645471511,3923,0,Girls,aespa
0.7932490232302144,-0.23542197516981017,-0.5071026446456716,3922,1,Classic,MKTO
-0.4071104490117295,0.1732393024818451,3.6272845160399196,3905,1,The Last Goodbye (feat. Bettye LaVette),ODESZA
-0.43119512113700526,0.4394802304269589,1.5394864032331885,3896,1,The Weekend,SZA
-0.10432533694878497,-0.7888114086151304,0.06568367690674168,3920,0,Overloading (OVERDOSE),Mavins
-0.3741589642711035,-0.4299175133283731,0.024205911238888697,3902,0,shipping,great area
-0.3653449967433512,0.36466570364860706,0.43027859174112615,3913,1,Stole the Show,Kygo
0.7339552673084454,-0.552614936552327,-0.02046775539147921,3899,0,Mood - Remix,Zero Two
-0.5130057992893219,-0.5929214352337491,0.29891624211039586,3906,1,Chasing After You (with Maren Morris),Ryan Hurd
0.4572835112595986,-0.7931362672655373,0.10746160045472765,3917,0,Kini Ecko Pergi Meninggalkanku,Ecko Show
-0.5607304246268618,-0.6054244922816304,0.7472079644202366,3919,0,LOOOVE (feat. Kid Cudi),Travis Scott
-0.334161359501978,-0.195317099691716,-0.03333573782723734,3888,0,Oddara (feat. Mercedes Salinas),Overcast
-0.5036228641516363,-0.48672370742154936,0.28571566253840436,3894,1,10 Freaky Girls (with 21 Savage),Metro Boomin
0.2691583930711526,-0.8382250579741787,0.045636552601417066,3895,0,Bahagiaku Sederhana,Jamik Jams
-0.3722773618253541,-0.45644697297584125,0.023447996646740122,3911,0,"Paint It, Black",The Rolling Stones
-0.4424026693744582,-0.9427130376754614,-0.5356700879424441,3893,0,Beautiful People (Stay High),The Black Keys
-0.5166298721035814,-0.6964022415026546,0.08143323189136852,3908,0,UNA CERVEZA,Fuerza Regida
-0.3562342120181419,-1.205488421242904,-1.5681669672345004,3915,0,Down With Me,Lil Tecca
-0.21193193110276215,0.5753246477314947,0.4218634262827789,3909,1,"SG (with Ozuna, Megan Thee Stallion & LISA of BLACKPINK)",DJ Snake
-0.3956853902546995,-0.9313790801163794,-0.5668993755783066,3897,0,Pink Friday Girls,Nicki Minaj
-0.39069851148178425,-0.7634683827735603,-0.31496919688789193,3916,0,Teresa & Maria,alyona alyona
-0.423452719172464,-0.41805791867975034,-0.34261088455426963,3904,1,Conversations,Juice WRLD
-0.4569724027795233,0.38452677160209964,1.645613530132809,3924,1,Rake It Up,Yo Gotti
-0.4078362208481862,-0.07097400619207893,-0.06450611558231087,3910,0,De Vuelta Pa' La Vuelta,Daddy Yankee
-0.4723641475005475,-0.9120327943957385,-0.6276659853784521,3898,1,Sunshine,OneRepublic
-0.4796979068961409,-0.8478369977705934,-0.5944529966949756,3903,0,Walk,Kodak Black
-0.4605826903535852,-1.1365990873875373,-1.3131352896453108,3935,0,9 bis 9,SIRA
-0.2742785899233534,1.0549007395478878,1.1342341217125886,3949,1,Versace on the Floor,Bruno Mars
-0.3693863501797371,-0.32568944596365873,-0.0017237857268347695,3954,0,Bailando,El Jordan 23
-0.45784271076140953,-0.4868325467323464,0.036137322806397636,3961,0,Runaway (U & I) [Dance],MELON
-0.39798016866685254,0.0654927454951412,-0.09157653066569256,3940,0,Hasta la Miel Amarga (feat. Grupo Firme),"Luis Angel ""El Flaco"""
-0.3913085378908439,-0.4868274269510883,-0.14689331455862262,3937,0,Love Me Like This,NMIXX
2.269608583727977,-0.9244751611982724,0.021915131546206713,3936,0,Buss It,Erica Banks
-0.20718906050794506,-1.0432437079482988,-1.235817726807301,3941,0,Five Nights at Freddy's,The Newton Brothers
-0.4666226473584682,-0.5366260594325805,1.0439317823528542,3956,1,BODYGUARD,Beyoncé
-0.5188000538058761,-0.35287031685330306,0.9464471038901028,3938,0,Matte Black,$uicideboy$
-0.47940099956170895,-0.5243411738196815,0.5189528625383931,3957,1,Animals,Martin Garrix
-0.19084846676436681,0.8774730801715991,-0.6866116620343214,3950,0,"Akh Lad Jaave (From ""Loveyatri"")",Badshah
-0.042743558031590446,-0.4245565501793068,1.5954223584534193,3958,0,Uhaw,Dilaw
-0.3245324714255687,-0.6975033831295715,-1.1090922521541318,3939,1,FRIKI,Feid
-0.43376845759775373,-0.8461461952798033,-0.7662007361963529,3951,0,GOAT,Number_i
-0.29101018645721694,-0.25876183031241373,-0.03817679984129657,3960,1,Bondade de Deus,Isaias Saad
-0.4668018322976612,-0.3524635343890561,1.877622801203936,3932,0,Let The Light In (feat. Father John Misty),Lana Del Rey
-0.389835295795721,-1.0036506406098529,-0.778886868164634,3927,0,NINNIN JACK,IMP.
-0.47920844554729214,-0.7544079799102733,-0.45756109426257163,3928,0,Love 119,RIIZE
-0.36879599647653666,0.5617475224804425,0.9272573000713725,3945,1,Jar of Hearts,Christina Perri
0.1251372550635675,-0.8770398401391469,-0.9886486341644052,3944,0,UP,INNA
-0.39521413202583294,-0.9874917190724949,-0.680321949841101,3934,0,Gotta Move On (feat. Bryson Tiller),Diddy
-0.366585809087341,-0.36232760192553504,0.01210880974014494,3946,0,Chasing Game,Nick Hanzo
-0.4752035187280704,-0.424774028982515,0.014547795973841662,3943,0,LOS APARATOS,El Alfa
-0.463017337890902,-0.3982559077734654,0.009767314791537777,3926,0,¿Qué Nos Pasó?,Anuel AA
-0.5368671321386794,-0.5053839911113217,1.0334574166161912,3925,1,I Won't Give Up,Jason Mraz
-0.18833683419905053,-0.7224768140849775,0.27220835735706245,3959,1,I GUESS I'M IN LOVE,Clinton Kane
-0.26499990884428215,0.11115190279647978,-0.1128655641903722,3933,0,Tapão Na Raba,Raí Saia Rodada
-0.44059346488864903,-0.533929657003336,0.731362357668655,3953,1,Angry,The Rolling Stones
-0.8141626303618856,1.4941926674472856,8.574476120733154,3947,0,SWEET / I THOUGHT YOU WANTED TO DANCE,"Tyler, The Creator"
-0.4949551389832493,-0.9105411120720723,-0.6261610937764999,3948,0,Yes I'm A Mess,AJR
0.0012890658747690704,1.1782055664558524,0.7914470144059932,3955,1,Try,P!nk
-0.15566205786708298,0.7833824709717255,-0.2865880342796895,3942,0,Saiyaan Ji,Yo Yo Honey Singh
-0.4733703547348436,-0.5431940686682115,0.04270205802468492,3929,0,VVS Switch,Pressure 9X19
-0.4358068022900756,0.2729885507534554,1.714764966675526,3930,1,Can I Call You Tonight?,Dayglow
0.2213572135097554,3.7700767404870352,2.6828210215691786,3931,1,Sweet Child O' Mine,Guns N' Roses
-0.4051860496517802,-0.6777121472310184,0.011516061886532189,3952,0,DISPO,KAROL G
-0.38394528879411405,-0.39799677347808604,0.009221923261503505,3972,0,Obsessed,Riar Saab
-0.4296681991646233,-0.7939453294816766,0.10605770082870707,3978,0,Here We Go (Uh Oh),Coco Jones
-0.3770974637867581,-0.8743609401169861,-0.3935645774826016,3966,1,Madrid City,Ana Mena
-0.3722773618253541,-0.45644697297584125,0.023447996646740122,3990,0,Bring It on Home to Me,Sam Cooke
0.2134178121229764,0.025083845472969307,-0.09868046379693904,3979,0,Ropa Cara,Camilo
-0.49521711245864336,-0.07248246484081484,1.2707113488752226,3968,1,Straightenin,Migos
-0.27561246436297926,0.9048003131924046,-0.2777354021554795,3988,0,Percherón,El Reino Infantil
0.2567286197992883,2.2756768083666663,0.29388029368116236,3963,1,Bring Me To Life,Evanescence
-0.41678993321492613,-0.8412205951024064,-0.1400444230482707,3971,1,Espectacular,Sky Rompiendo
-0.3350256253914576,0.06978313037333807,-0.252246895133865,3991,1,Me Gusta,Shakira
-0.22889814062078026,-0.5841353706867249,0.5096204193149564,3974,1,Middle,DJ Snake
-0.48833224417530013,-0.980864214087241,-0.8624464869289276,3973,0,Ron Artest,Babyface Ray
-0.020473190102137877,2.491071251735794,-0.6040077550692833,3969,0,El Patito Juan,Biper Y Sus Amigos
-0.4545905620936832,-0.5644612818038148,-0.4566060135604032,3980,0,Different 'Round Here,Riley Green
1.6330365934380855,-0.6355165641646086,0.09675063770391294,3976,0,Jumpshot,Dawin
-0.44540193891447216,0.1981180851792408,1.115171443070695,3983,1,Mockingbird,Eminem
0.19542346828636784,-0.5027003510771434,-0.005310562642169557,3967,0,Drift Night,Alfianie
-0.31519044719530737,0.4153154212844892,-0.4020655419449866,3982,0,Asesina,Brytiago
-0.44157170300475856,-0.6551972341746346,-0.8147335287685447,3986,0,Jennifer's Body,Ken Carson
0.2921187862063078,3.560726231304899,-0.9386093553202937,3981,0,In Da Club,50 Cent
-0.5457526377337414,-0.5397730306278664,0.7143183367213476,3977,0,bread & butter,Gunna
-0.346425676772396,-0.4178500046733746,-0.259563234346152,3975,0,残響散歌,Aimer
-0.4669511170902068,-0.4020548023551805,-0.010009475740985423,3984,1,Smile (with The Weeknd),Juice WRLD
-0.3855062621934058,-0.036430783630074993,-0.08486107079054056,3962,0,XXL,UZI
-0.41968210995370836,-0.9170274787914198,-1.0090708724691149,3970,0,Yes or No,Jung Kook
-0.3689724020112896,-1.0215771905869315,-1.0600579284831606,3987,0,Entrapreneur,Central Cee
0.014926505565163459,-0.43558764678581546,0.46907777300681835,3965,1,Show Me How,Men I Trust
-0.3520669639911114,-0.09533766647334073,-0.8871071849001606,3964,1,Pour It Up,Rihanna
-0.44256371832976094,-1.1843333225133634,-1.5282918401225063,3985,0,MONEY AND VIBES,Nemzzz
-0.42373753921780155,-0.1491099820245537,1.2323800869664046,3989,0,Macarena (Bayside Boys Remix) (Remasterizado),Los Del Rio
-0.3365580646052265,-0.22541575579855203,-0.5181393270959417,3993,1,Love Is Gone - Acoustic,SLANDER
-0.4185732021095405,-0.7203956320571179,0.08965650523785515,4017,0,Yakışıklı,KÖFN
-0.48902424096973734,-0.3680730748892437,0.5958807322802142,4023,0,Por las Noches (Remix),Peso Pluma
-0.5130955260259809,-0.7676656567934381,0.0989953633059394,4009,0,TABU.,Yung Yury
-0.4723559172099273,-0.5776781517700375,0.431360311465654,4006,0,Toxic,YG
-0.4677894013558974,-0.14066483456695553,1.795344165553739,4004,0,"Hua Main (From ""ANIMAL"")",Raghav Chaitanya
-0.41965106105578504,-0.8508316483000077,-0.12367837466152573,4012,1,Patadas de Ahogado / LATIN MAFIA - Rework,HUGEL
-0.42441066332655647,-0.762982031114145,0.0984875312517254,4020,0,Avísame,Lucky Brown
-0.5506706655688661,-0.6776017515913442,0.49451502778266976,3992,1,Solid (feat. Drake),Young Stoner Life
0.20832531342500454,-0.29041752459744175,0.005306068499950753,4005,0,Joro,Wizkid
-0.42269615801062493,-0.755101064149338,0.09613385350262356,4013,0,House Of Lies,Ikka
-0.507907800092677,-0.5575975171329725,0.5573769980535215,4002,0,Stop Breathing,Playboi Carti
-0.6828636617050343,0.7774022121798533,4.819472445257913,4016,0,The Rapture Pt.III,&ME
-0.16137314218686186,0.5838844755328632,-0.8975235543702389,4008,1,all the good girls go to hell,Billie Eilish
-0.3968553265750799,-0.6378476440671279,-0.9267079842689997,4021,0,Hate You,Jung Kook
-0.4092457039770995,-0.676584204206386,0.09181529778585563,3998,0,Spell,SEVENTEEN
-0.4513879784423109,-1.004747280773617,-0.8385678200377829,3995,1,Chase It (Mmm Da Da Da),Bebe Rexha
-0.3111878826627997,0.6092582018149415,-0.22253610202596985,4015,0,Mírame,Nio Garcia
-0.31793146362031893,-0.7426574997513858,0.07817510984634747,3996,0,So Fine,Realest Cram
-0.45838679211552547,-0.6222626444933558,0.7810160956676265,3994,1,My Universe,Coldplay
-0.35528544375067955,-0.8719744508558046,-1.276733125865921,4003,1,Father Stretch My Hands Pt. 1,Kanye West
-0.26912831545151883,0.8797130285517795,1.0103976830579178,3999,1,505,Arctic Monkeys
-0.48964679344446793,-0.5208589827755412,0.040727705306644706,4019,0,Banco do Carona,Mc Don Juan
-0.47777987903018143,-0.5337100044243512,0.2186828562192694,4001,0,DISCOTEKA (feat. Locura Mix),The La Planta
-0.48748146384681473,-0.39941226377091804,1.558097819266791,4018,0,thanK you aIMee,Taylor Swift
-0.2751355149497762,0.45227181353675494,0.6384556507609223,4022,1,I Get The Bag (feat. Migos),Gucci Mane
-0.3427331083475844,0.2770649777354414,-0.15504020701192306,3997,0,Terre Pyaar Mein,Himesh Reshammiya
-0.45418590594281083,0.174429459996219,1.0152660678212615,4014,1,Colors,Black Pumas
-0.39313713115146004,-0.9969277027565812,-0.7231573679601737,4010,0,Lifetime,Tobiahs
-0.2979584319991756,-0.0051170715947674045,-0.08426941070336491,4007,0,Numero Uno,Dan-E-MC
-0.6634810173292988,3.3697340481293403,9.712684113515309,4011,1,What's My Name?,Rihanna
-0.37692869619969555,-0.8730282748864256,-0.7722778890777708,4000,1,Flowers,Lauren Spencer Smith
-0.16212322267343296,0.8594881395147159,-0.29606389504120656,4047,0,Nikle Currant,Jassie Gill
-0.3281900967844211,-0.36487739796764423,-0.1399895346219231,4033,1,Stir Fry,Migos
-0.4331229428613344,0.8468210581346423,2.332631365615026,4037,1,"Bitch, Don’t Kill My Vibe",Kendrick Lamar
-0.40719687682600075,-0.585660642129931,0.05973424196636585,4035,1,DOLLAZ ON MY HEAD (feat. Young Thug),Gunna
-0.1320493227605023,1.175485418544355,-0.33371569902323417,4045,0,Pollito Amarillito,Gallina Pintadita
-0.34514289749802596,-0.553268109398386,0.3590388397538015,4038,0,7 Summers,Morgan Wallen
-0.4241803796847901,-0.7614095785825337,0.09814473362644732,4044,0,Lollipop - Remix,Darell
0.33716350605079193,-0.37184708512405545,-1.5704015458552503,4052,0,Wrong,Luh Kel
-0.07921220033504306,0.08815296428706118,0.4055506977647613,4025,1,You're Somebody Else,flora cash
-0.5172316886628705,-0.8058840751408023,-0.09690977361464752,4048,0,BOTH,Tiësto
-0.455900759995063,-0.8121573653866401,-0.6738153482698854,4032,1,River,Miley Cyrus
-0.40730351898718886,-0.17007578165699605,0.9680778710384225,4046,0,Extssy Model,Junior H
0.09868992191479999,-1.1468704731395716,-2.1996714141808154,4034,1,Formula,Labrinth
-0.38800267141219236,-0.37550038610351494,0.9601635255170112,4036,0,Suzume,RADWIMPS
-0.3402092555438855,0.9159009059570423,2.1859304105217086,4053,0,Nada,Cazzu
0.5029651883170635,-0.4082669309944954,0.05611752439690813,4027,0,Ashes,Stellar
-0.491469462395696,-0.8748725605724634,-0.3907428456804177,4040,1,Copa Vacía,Shakira
-0.40056307044636275,-0.2875154804120095,0.687952135227258,4051,1,"WHATS POPPIN (feat. DaBaby, Tory Lanez &amp; Lil Wayne) - Remix",Jack Harlow
-0.4612064573553755,-0.730620757901572,-0.004948517261304244,4039,0,Heyy,Lil Baby
-0.3729276661954483,0.6338429386623933,0.7238406483316293,4029,0,Que Va,Alex Sensation
-0.48885188561175535,-0.7672893074959289,0.09386163134897181,4026,0,sonnenbank.mp3,YAKARY
-0.12832376463341894,-0.5134990140876488,0.11512261483957266,4041,0,Rampampam,Minelli
0.24976279161737855,-0.016226283853074647,-0.37771981852635844,4043,0,WA DA DA,Kep1er
-0.007644679212403796,0.3022385951109991,0.6610025123856916,4030,1,Seven Nation Army,The White Stripes
-0.447943494052346,-0.5132544649060318,-0.20289255005115547,4024,0,AHHH HA,Lil Durk
-0.27219665366019313,-0.8068567695850161,-1.0811545232930344,4031,0,Do It Like That,TOMORROW X TOGETHER
-0.41210130010390733,-0.6904680467994616,0.08076259519943386,4049,0,Nakhrewali,Prashant Nakti
-0.4264843401909935,-0.7753242874578251,0.10148008687217422,4042,0,BEBECITA,Skolim
-0.30203029030845735,0.5817392784699673,-0.23458601707877139,4054,0,Enjoy Enjaami,Dhee
0.8791555577573945,-1.4095597598461254,-2.8877387335885074,4050,0,Bezos I,Bo Burnham
-0.19937779113081416,1.3418825314970078,2.524034104177632,4028,1,Where Have You Been,Rihanna
-0.5761304929042143,-0.4192437379518933,1.325480599714146,4055,0,Pelle Coat,Lil Durk
-0.3117960216123985,-0.7499216064108256,0.10054938812529599,4079,1,22,JayO
-0.47805496903086087,-0.33274033639059925,0.7925752320111776,4063,1,No Love,Summer Walker
-0.34814474677320567,-0.1410686951950319,-0.5992951417834254,4059,0,Piensan,Myke Towers
-0.44081164160945036,0.7602486387076399,2.033000485271864,4071,1,Feels Like Summer,Childish Gambino
-0.16080600543666707,-0.7786124004326609,-0.32324778877105337,4076,1,Fly Away,Tones And I
-0.27079837868164014,0.18470809408743089,-0.09035200016862895,4058,0,Don't,Bryson Tiller
0.12569283815696017,0.5164415942466384,-0.507848186689897,4077,1,Little Do You Know,Alex & Sierra
-0.2096863622273238,0.8509378991753873,-0.31963630149723715,4078,1,Travesuras,Nicky Jam
-0.39685515149621015,-0.18656550710385922,0.8051686884857975,4068,0,Mayor Que Usted,NATTI NATASHA
-0.16968571893490206,-0.7678195547493062,0.06073450765812886,4067,0,Témoignage - Live,Eunice Manyanga
-0.3744645712441802,-0.9486418425193494,-0.8689115110746591,4061,1,ALCH SI,Carin Leon
-0.4233611531526531,-0.7564190726521104,0.09695655047614028,4072,0,FARDOS,JC Reyes
-0.4266550689090709,-0.7763629365523708,0.10172763520514841,4073,0,Martini,Dei V
0.010167664606106597,-0.4869373850041917,0.0027684101262116264,4066,0,Favorite Song - Sped Up,Toosii
-0.4710068651938021,-0.5319588605685283,1.1059857879402606,4062,0,Out Of My Hands,Future
-0.31004196538566525,-1.0570168500862434,-1.5151721378899028,4069,0,LOT OF ME,Lil Tecca
0.15706926658924003,3.815579757589142,1.0494282488481095,4080,1,Someone Like You,Adele
-0.31058595941466194,-0.8923389293093088,-0.8544037556289096,4070,0,Mil Veces,Anitta
-0.5178259037295166,-0.006630972606659207,1.528581312594946,4060,0,Yaar Ka Sataya Hua Hai (feat. Nawazuddin Siddiqui),B Praak
-0.5655602449589369,-0.3183690162939377,1.8493355607627424,4075,0,Members Only (feat. PARTYNEXTDOOR),Drake
0.10983019112687044,-0.040398754261804955,0.5830254910646884,4081,1,King's Dead (with Kendrick Lamar & Future),Jay Rock
-0.25350402400600147,0.9665510083681431,-0.3091358777358907,4056,0,Aashiq Awaara (feat. Sunidhi Chauhan),Badshah
-0.46555897705780175,-0.6611032351125524,-0.13442462573513336,4064,0,Off The Record,IVE
-0.48723380612319783,-0.9057923538956867,-0.6107095586781547,4057,1,BABY SAID,Måneskin
-0.40383398344168486,-0.7130294427559789,-0.7672956651553365,4065,1,Gangstas,Pop Smoke
-0.32244589426703324,-0.4076424874695349,1.5299989332353812,4074,1,Too Good,Drake
-0.4879650181248764,-0.6624987499182916,-0.05959636146606678,4098,0,Alone,Rod Wave
-0.4691461885753642,-0.7745495346496271,0.10617409964741911,4091,0,Veggie Dance - Remix,Gracie's Corner
-0.4747554815850322,-0.873915197664935,-0.7273865938512087,4101,0,One Up,Central Cee
0.19634703921485364,1.3521193990303393,0.7016763864787445,4117,1,idfc,blackbear
0.05207117194692071,-0.8198331826536668,0.05495165368513963,4093,0,Revisando El Celu,HCTM
-0.3791627115582745,-0.4409855063883047,0.1491067499662336,4085,0,"Not Ramaiya Vastavaiya (From ""Jawan"")",Anirudh Ravichander
-0.38460776305625755,-1.0339022385716763,-0.8961319276818048,4116,0,"Are You Going to See the Rose in the Vase, or the Dust on the Table",$uicideboy$
-0.6888602048364874,0.8208387564607867,4.969674666007914,4090,1,Only Girl (In The World),Rihanna
-0.46102572558339017,-0.355585090879034,-0.00012073111840835378,4087,1,OTW,Khalid
-0.4506861058432997,-0.7403924530056598,-0.7952730755211673,4107,0,Who Needs Love,Trippie Redd
-0.3851645408257567,-0.5013965505562957,0.040398244303490136,4115,0,We Laugh And Clap At The Circus,Surgeon
-0.40483294432854267,-0.169650891336488,0.06932618117228753,4097,1,Hit Different,SZA
-0.4756863680517547,-0.6855257954217253,0.07500919591453001,4088,0,Como En Los Viejos Tiempos,Eden Muñoz
-0.4266037933890261,-0.38814338905318707,0.0026821226440071027,4082,0,Rubicon Drill,Laddi Chahal
-0.4877132996440291,-0.7221659271551606,-0.21525076044790345,4109,0,Un Cigarrillo,Chencho Corleone
-0.4319651346237044,0.15558860220712137,0.5609663517861292,4099,1,Birthday Sex,Jeremih
-0.4291437045715998,-0.7826394345622862,0.1204544638406203,4112,0,Paradise,Sophie and the Giants
-0.1490890958192012,1.8239743239915818,-0.47233691611876977,4086,0,Los Patitos,El Reino Infantil
-0.28704166959976857,0.4429771635111356,-0.18980119846582605,4106,0,Te Ire A Buscar,Santa Fe Klan
-0.48119954541206544,-0.7149323140335035,0.08942108304892955,4100,0,DORA,FARIANA
-0.5250755060662338,-0.6047400680405537,0.5158515817343932,4095,0,Better Place (From TROLLS Band Together),*NSYNC
-0.44640639605889504,-0.9831822112474321,-0.8351707023174848,4118,0,Spicy Margarita,Jason Derulo
-0.3843981931564217,-0.21316448193220497,1.3552911177193114,4105,0,Cry,Cigarettes After Sex
-0.4855428084882988,-0.6611008480146785,0.06780864623710793,4092,1,Tequila,Dan + Shay
-0.40687922317044556,-0.8812139647583771,-0.3528774774925215,4113,0,Energy,Digga D
-0.42647537308583033,-0.1327587437397055,1.2966988551622889,4084,0,Rockstar (2020 Remaster),Nickelback
-0.014908102665582247,1.6639513054811694,-0.4919338652616058,4111,0,Amorfoda,Bad Bunny
-0.48866175575617987,-0.27097713011781016,1.804373937653247,4114,0,幾億光年,Omoinotake
0.3753488532914471,-0.40153269780532524,-0.23534165277696956,4102,0,Polaroid Love,ENHYPEN
-0.47627259687245865,-0.820982794340371,-0.5723647086833451,4083,1,HONEY (ARE U COMING?),Måneskin
-0.4299122126819873,-0.4549169043555237,-0.3588243129554264,4104,1,What A Man Gotta Do,Jonas Brothers
0.6399317516545269,-0.5959716819187881,0.08624897362901354,4089,0,Gyal You a Party Animal - Sped Up,Charly Black
0.5624170372238424,0.30789227665073193,0.048021310761043545,4094,1,Do It Again,Pia Mia
-0.4088941457416049,-0.6689380750481403,0.07600763389737117,4103,0,Di Mochkila,Oualid
-0.35561213796356217,0.9760209457098276,1.0502724341747518,4108,0,Lemon,Kenshi Yonezu
-0.488863891228298,-0.7245982320084188,0.08786695620252348,4135,0,Margiela,Ezhel
-0.09812738384476062,-0.5286323860899383,0.021550040855980078,4131,0,Me and My Brother,5ive
-0.42309982454419054,0.2013736116096665,0.858585977954338,4130,0,How To Love,Lil Wayne
-0.47247110948855814,-0.3460200108695212,1.4768267155338481,4138,0,A Tu Manera,Junior H
-0.0980635866614261,0.07102680393334762,-0.47820214799270255,4128,0,SNEAKERS,ITZY
-0.47755240126728643,-0.6837795998280678,0.07386750972357081,4142,0,FLECHAZO EN EL CENTRO,YSY A
-0.39161468303444735,-0.9409300629950448,-0.6340892631685887,4136,0,LET THE WORLD BURN,Chris Grey
-0.49618949148279307,-0.2687302170114745,0.6735143946033547,4134,0,Solar Eclipse,YoungBoy Never Broke Again
-0.4947848533806301,-0.32686511865383727,0.4779824208171301,4120,0,Before You Go - Guitar Acoustic,Lewis Capaldi
-0.3528436518407789,-0.8614706388479876,-1.3318579475354182,4133,0,ASAP,NewJeans
-0.47794442142604227,-0.7182393070860033,-0.2872429502055023,4119,0,No Switch,YoungBoy Never Broke Again
-0.46507071571209124,-0.5444472209923025,1.0098900391273034,4140,0,How Did It End?,Taylor Swift
-0.3722773618253541,-0.45644697297584125,0.023447996646740122,4121,0,Vivencias,Kayz66
-0.2934579846617665,-0.026841096614487768,-0.08824724388442784,4127,0,Rude Boy (Superbowl Klean),DJ San
-0.3966918263056071,-0.76324663508455,-0.3517749733169527,4122,0,Heatin Up (feat. Gunna),Lil Baby
-0.43037856197022056,-0.643377590239235,-0.7598024847180034,4129,0,Sleazy Flow (with Lil Baby) - Remix,SleazyWorld Go
0.7242928366014107,-0.576808407047544,0.294094629481525,4132,0,Run BTS,BTS
-0.5115017431649,-0.7693056170073889,-0.17613371704867906,4123,0,Never Sleep (feat. Lil Baby),NAV
-0.3518878865512289,-0.545574824696861,0.6576489827000949,4124,1,I'm Just Ken,Ryan Gosling
-0.3687151028742442,-1.1491967473755849,-1.3096066093395557,4141,0,Sugardaddy,Roxy Dekker
-0.07801845611875632,1.3542143843087755,-0.40427675451242784,4139,0,Wild Thoughts (feat. Rihanna & Bryson Tiller),DJ Khaled
-0.4049148192293095,-0.46460864375197997,0.1354112032770552,4126,1,In Your Eyes (feat. Alida),Robin Schulz
-0.4093703860177713,-0.23491531455108947,0.8948586591330715,4125,1,Save Me (with Lainey Wilson),Jelly Roll
-0.2744044851996171,-0.6240038514801146,0.0781135206915383,4137,0,ROLLIN N CONTROLLIN FREESTYLE,DUSTY LOCANE
-0.4275449037535201,-0.5353910064447038,-0.3104200942293803,4146,1,GO (feat. Juice WRLD),The Kid LAROI
0.6928827982709882,-0.9953139391912987,-1.3807094353760199,4168,0,Backyard Boy,Claire Rosinkranz
0.13561272971770166,4.322234074235399,2.5165356132366283,4147,1,Bohemian Rhapsody,Queen
0.5862242618700838,-0.8851084485218425,0.08901565124775455,4169,0,Back It up and Dump It (Dump Truck),GC Eternal
-0.5062965650331206,-0.5257050506712858,0.8040200832014165,4156,0,"Salamin, Salamin",BINI
-0.19684746137713235,0.9353730542567262,1.7568659802191327,4159,1,Skyfall - Full Length,Adele
2.0098641762234295,2.6780010888839034,0.11918558995240913,4155,1,Beautiful Girls,Sean Kingston
0.06354160051107142,-0.4025364445609567,-0.044813853178252976,4153,0,Saawariya,Aastha Gill
-0.504417873312778,-0.7903674980047024,-0.27550051626340766,4157,1,Mon amour,Slimane
-0.3037527938663289,-0.06908120445350997,-0.062177932062877875,4151,0,Горький вкус,Султан Лагучев
-0.4061295271476398,-0.7995428860813615,-0.9303166970454433,4162,0,Давай сбежим (Искорки),5УТРА
-0.3722773618253541,-0.45644697297584125,0.023447996646740122,4165,0,Fly high to cloud nine,Terry Flow
-0.5019798943944852,-0.9150062181024705,-0.5653835895528171,4167,1,Rainfall,Tom Santa
-0.39883875805482727,-0.5986879698476115,0.07309661729273939,4150,0,Por el Resto de Tu Vida,Christian Nodal
0.10685554538337019,2.2348957876907503,1.2896497632091561,4152,0,Earth,Lil Dicky
-0.41754925516927643,-0.22004750479315907,-0.033100998006699266,4158,0,23 Preguntas,Anuel AA
-0.42196421772562637,-0.7493998489091166,0.09500780712823788,4145,0,Souk,Samara
0.1927272227431343,-0.7246849776472104,0.09511673937739928,4154,0,Mi Gata,Standly
-0.055886046704337465,0.6656625093260383,-0.2241870603601693,4148,0,Chillax,Farruko
-0.41689918099893397,-0.7148329825307828,0.08746902986579601,4161,0,ROZE | DJ TAO Turreo Sessions #22,DJ Tao
-0.30643439678990386,-0.2714752939494351,-0.014315244830021872,4144,0,Bilmem Mi?,Sefo
-0.08691192444003042,-0.6159139470718389,0.6154244142546287,4160,1,Tattoo - Remix with Camilo,Rauw Alejandro
-0.3016907037180293,0.2796762690163101,-0.4468891311957356,4163,0,Ready For Love,BLACKPINK
-0.3610615105607032,-0.5433945103587182,-0.8043247022222545,4164,0,Tombstone,Rod Wave
-0.4757760565392822,-0.6945455811381958,0.0750910414314354,4143,0,From the Start,Good Kid
-0.42298166862765246,-0.7539624596671799,0.09639863918436677,4166,0,Pyramide,Werenoi
-0.21071130714572422,-0.16817691042872607,-0.031653679394208344,4149,0,Федерико Феллини,Galibri & Mavik
-0.3981940106341336,-0.6033142296349464,0.06046555110217255,4171,0,Sobran Motivos,Conjunto Rienda Real
-0.42111209742716715,-0.744392573100724,0.09378144195875818,4178,1,Tacata (Remix),Tiagz
-0.29729764309738954,0.4949198574754098,-0.024064411439134185,4175,1,Million Reasons,Lady Gaga
-0.47892455311638493,-0.8163274682673185,-0.17915918178195636,4170,0,Can't Have Mine,Dylan Scott
-0.2399296924970548,-0.7282714999374156,0.09832789420382942,4188,0,supїdo,фрози
-0.2972132366104924,-0.394490823938578,-0.38819701309614524,4186,0,What Else Can I Do?,Diane Guerrero
-0.4099745928139007,-0.7341564925013315,-0.04937686417171325,4179,1,YA NO TE EXTRAÑO,NATTI NATASHA
-0.5699755037054974,-0.47785302403607083,1.0844118655406063,4189,0,Yankee 150,Yandel
-0.49079405830401734,-0.8593578342102058,-0.5921059031664315,4176,0,Yacht Club (feat. Juice WRLD),Lil Yachty
-0.10258974296946743,1.341469473677853,0.30868277776233943,4172,1,The One That Got Away,Katy Perry
-0.4519381098928573,0.7111825302655038,2.1426285900993807,4191,0,La Romana,Bad Bunny
-0.48799126285572286,-0.0665509734984021,1.5197416016504322,4180,1,Soltera - Remix,Lunay
-0.5273961448547737,-0.7706064399315384,0.025019494227738106,4190,0,Fine Day Anthem,Skrillex
-0.002841141478898284,-0.4764675500385911,-0.015396954790108467,4184,0,Aking Pahinga - Sped Up Version,Dro Perez
-0.48099747980967666,-1.0293452055035832,-0.9192651984340695,4185,0,Big Jet Plane,Restricted
-0.5210278132720553,-0.8203015805419638,-0.1346087525798771,4181,0,The American Dream Is Killing Me,Green Day
-0.5087070115282473,-0.68519492559491,0.468404737470436,4183,0,Sarah's Place (feat. Noah Kahan),Zach Bryan
-0.45271711165403794,-0.20915980840670093,0.7088823385591332,4174,0,"Badass (From ""Leo"")",Anirudh Ravichander
-0.44708116691198035,-0.3997633911250324,0.013668611827629528,4182,0,Fuga Pa Cali 2,Grupo Los de la O
-0.27982356875745407,-0.07947610151529684,1.2535825684849946,4173,0,Pano,Zack Tabudlo
-0.5533479817629071,-0.6512807640678697,0.5713458161778747,4177,0,All The Parties (feat. Chief Keef),Drake
-0.23125261460866797,-0.1145084790384499,0.33879104588277487,4187,1,When I Was Your Man,Bruno Mars
-0.8038403199854198,0.8941296511188404,6.659268728706479,4210,1,Cruise,Florida Georgia Line
0.2860239063751761,3.357607460791849,-0.48259835994666284,4201,0,Blood Sweat & Tears,BTS
-0.3722773618253541,-0.45644697297584125,0.023447996646740122,4203,1,BAND4BAND,Central Cee
-0.3873035668516532,-0.6767405881165326,-0.08000157102364054,4215,1,All We Got (feat. KIDDO),Robin Schulz
-0.4269816791722757,-0.5683387109994571,0.48583636376238,4204,1,Sinceramente,Annalisa
-0.4231340946750271,-0.7571521342008454,0.09673702739747601,4212,0,DOLA,ANGGA DERMAWAN
-0.395257706615757,-0.1602887786594645,0.22870617426511677,4195,1,Lie,NF
0.008820391123197678,1.417019267337744,-0.3713492777688253,4207,0,Love Shot,EXO
-0.3722773618253541,-0.45644697297584125,0.023447996646740122,4196,0,Have You Ever Seen The Rain,Creedence Clearwater Revival
-0.4657461917451742,-0.933716528088973,-0.6174087810180824,4214,0,Down In Atlanta,Pharrell Williams
-0.29682732013634516,-0.5885773271300246,0.06265734434293031,4216,0,Experimento,Myke Towers
-0.5145529845090222,0.2086731507277352,2.521414447091547,4217,1,Only,Nicki Minaj
5.704724549904737,-1.1001681676998012,0.32760753065749665,4202,1,Ginseng Strip 2002,Yung Lean
-0.4725675557038879,-1.0228340305036718,-0.986267546844822,4192,0,Good To Be,Mark Ambor
0.24049839752534247,0.1170478574806628,-0.21367845635173763,4205,1,My House,Flo Rida
-0.45387688535350873,-0.9317551837306028,-0.6431487976000321,4209,0,Sun to Me,Zach Bryan
-0.42842980990639445,-0.7870062337097271,0.10429295632335864,4198,0,Malicious Intentions,Pozer
-0.7092315919766647,0.3936581038704019,4.479479227065904,4218,0,Hours In Silence,Drake
4.2166974349882445,-1.0585267003202752,-0.34022388737362,4193,0,Title,Meghan Trainor
-0.48389179422137896,-0.4660538320776085,0.9194998487851213,4197,0,ID,Young Miko
-0.4950197377041108,-0.6561746252296957,-0.0431483131109661,4194,0,In My Head,Juice WRLD
-0.17425347651097206,-0.5456074891067043,-0.23236250199537925,4206,0,Bori,6ix9ine
-0.14436239189400094,1.0466525410320908,-0.31306458566241224,4219,0,El Perdedor,Maluma
-0.3994450439772419,-0.42543534990477494,0.010518042634598802,4211,0,Baller,Shubh
-0.2424890001322741,-0.5236675320616353,0.7595471974429322,4200,1,Remember That Night?,Sara Kays
-0.6323710705863557,-0.028825120570141232,2.759183557771452,4208,0,Hummingbird (Metro Boomin & James Blake),Metro Boomin
-0.40101438673285017,-0.027399665679194846,-0.09056231811490446,4199,0,Tigini (Remix),Kikimoteleba
-0.4211764421146292,-0.7445681065920224,0.09386353636529748,4213,0,"É Isso Bebê, Tá Certa!",Mc IG
-0.2569451246344125,0.4050134311009903,-0.16943707257962098,4220,0,Sobredosis (feat. Ozuna),Romeo Santos
-0.29390875223510204,-0.15656794725277226,0.7049205466123863,4239,1,Bound 2,Kanye West
-0.4036555740825765,-0.06228860643941608,-0.06875503416382982,4232,0,Proteção de Tela,Tarcísio do Acordeon
-0.13711621765156326,-0.6417451010652984,0.07943484380775677,4244,0,Pião de Vida Louca,Japãozin
-0.5099829343202983,-0.7544665304297558,0.09632755651042466,4223,0,COULD BE WRONG,LOSTBOYJAY
-0.45467840135204923,-0.8416513077065427,-0.38724438213849627,4253,0,Night Away (Dance) (feat. Tion Wayne),A1 x J1
-0.3270445612102903,0.9528030990056723,1.5313187414656935,4231,1,Empire State Of Mind,JAY-Z
0.035917259267929595,2.874917287465852,0.8986482235466149,4245,0,Paradise - Radio Edit,Coldplay
-0.2238128497508635,1.3703236909247074,0.19656485505749174,4237,0,All Eyes On You (feat. Chris Brown & Nicki Minaj),Meek Mill
-0.5047757535800204,-0.06236312975695415,1.0376390466878747,4250,0,Starboy - Live,The Weeknd
-0.3038962878958807,0.2563502330971635,-0.14727808308052695,4236,0,Bubalu,Becky G
-0.43705028177277766,-0.9072876880462364,-0.9579457812798313,4247,1,ESCAPE PLAN,Travis Scott
0.11947765492157142,-0.3558343484195761,0.08972245342697216,4226,1,TiK ToK,Kesha
1.8350576555310951,-1.079309860502829,0.21894991694777502,4228,0,"The Banjo Beat, Pt. 1",Ricky Desktop
-0.4071426411971476,-0.8171136056064819,-1.0084976075471095,4233,0,Sweet Venom,ENHYPEN
-0.3722773618253541,-0.45644697297584125,0.023447996646740122,4225,0,I KNOW ?,Travis Scott
-0.3722773618253541,-0.45644697297584125,0.023447996646740122,4229,0,Blinding Lights,xSyborg
-0.20534266438950663,0.775133155540746,0.49425966282827993,4243,1,Feel This Moment,Pitbull
-0.47688835697302845,-0.44395869893050305,0.25188737145521034,4246,1,Ocean Drive,Duke Dumont
1.6395795943751903,-0.9064170063929163,0.7119186046805387,4224,0,Love Story,Disco Lines
-0.20933436300271735,0.7403910605157403,-0.03439845592575993,4251,0,Feel Special,TWICE
-0.3722773618253541,-0.45644697297584125,0.023447996646740122,4357,0,Me Porto Bonito - Remix,ELITE Djs
-0.42521474365657336,-0.8737981694939536,-1.1472657153269155,4248,0,Goin Baby,DaBaby
-0.5607411872076482,-0.578253014468919,0.793318253498418,4242,1,Stay With Me,Calvin Harris
-0.4751679927158993,-0.8802808147913698,-0.5739902663500323,4235,0,Famous Friends,Chris Young
0.17788419393162067,0.04866083403571681,-0.08921244115668675,4221,0,To the Bone,Pamungkas
-0.5036306483378581,-0.5998429982340566,0.24142774771835473,4230,1,Turn Me On (feat. Vula),Riton
-0.4226860644340321,-0.7505889444014804,0.09588830344237621,4227,0,Alkool,Melinda Ademi
-0.4930771890411804,-0.4135895593684528,0.40785944257255174,4238,1,Come Through (feat. Chris Brown),H.E.R.
-0.3562388785673424,-0.17871610815512026,0.32847323310901827,4234,1,Mi Niña,Wisin
-0.3810243226457069,-1.072723823512133,-1.0153446463328286,4252,0,Pretty Girls,Frenna
-0.4524804627792995,-0.6533616581026372,0.0744403932617189,4241,0,In This Darkness,Clara La San
0.15780854983039563,2.667795463972116,-0.7399313732998956,4254,0,Gangsta's Paradise (feat. L.V.),Coolio
-0.499599330430365,-0.881986835272744,-0.3964403520318676,4240,0,Mama (with Skilla Baby & Tay B),Rob49
-0.35952938392457984,-0.9111962834937931,-0.3939187548245466,4249,0,"I'm A Star - From ""Wish""",Wish - Cast
-0.3761727162512957,-0.5963244024860797,0.05031837494479655,4222,0,บักคนซั่ว,ทิดแอม
-0.4616130347345851,-0.8498112403152738,-0.777226579828924,4256,1,Sundress,A$AP Rocky
-0.5149028178046821,-0.8879223247442019,-0.3348894452453678,4255,0,But I Got A Beer In My Hand,Luke Bryan
-0.49839064732616484,-0.6323191026148532,0.2386616286994957,4267,0,No Friends In The Industry,Drake
0.09791911768760168,-0.8145737016066568,0.048157292280982394,4278,0,Lahore Brand,Mazhar Rahi
-0.34954646689318464,-1.1584124530457487,-1.803155753531567,4264,0,Clouded,Brent Faiyaz
-0.4579761722850093,-0.4921565044837535,-0.07886561535690262,4265,0,祝福,YOASOBI
0.6147823917198565,-0.5155210368321634,-0.06918497795556115,4261,0,Mua!,Barracca Republic
-0.4119804543917505,0.03876008446969466,0.462029038379316,4277,1,Day 'N' Nite (nightmare),Kid Cudi
-0.4615578888216853,-0.5860679882099998,0.05574597737056992,4282,0,El Gavilán,Luis R Conriquez
-0.19083772191790077,-0.6712967338118209,0.08411437047337647,4276,0,Shootout,Izzamuzzic
-0.30661527123618076,-0.46489379606781606,-0.3798722261234426,4271,0,La kiffance,Naps
0.39518721301224835,-0.526924252015597,0.08856455161866841,4281,0,Tak Ingin Usai,Keisya Levronka
-0.20004629735256077,-0.2821100645664239,0.39449173973330603,4262,1,Gimme Love,Joji
0.5720296943399905,-0.4985829977287578,0.30740859751026284,4275,0,Wet (She Got That…),YFN Lucci
0.16261267877137642,-0.4973784679046976,-0.23560438002747558,4272,0,Body,Russ Millions
-0.406616834278647,-0.3026455938608694,1.1433439208696523,4259,0,VOID,Melanie Martinez
-0.4477771664790359,-0.24409176604510757,0.0071868898106885355,4273,0,Lose It,Through Fire
-0.10525837700423604,0.6951752316473531,-1.9545410854123735,4279,0,Mercury: Retrograde,Ghostemane
-0.37681883624833407,-0.42932380406415055,0.13013892632302074,4274,0,"Love You, Miss You, Mean It",Luke Bryan
-0.5100330046461812,-0.8345273425511809,-0.27448321021198263,4269,0,Last Night Lonely,Jon Pardi
-0.3623604367820674,-0.8947637185446529,-1.7300812530670984,4268,0,MONEY ON THE DASH - SPED UP,Elley Duhé
-0.27909950329277056,0.49799557263559124,-0.18661167051120867,4258,0,breathin,Ariana Grande
-0.469348745379891,-0.49920869474387064,-0.19160746815238994,4270,0,Every Night,Jungle
-0.46808247335909875,-0.4135510662222655,0.3993979969895354,4263,0,Cracker Island (feat. Thundercat),Gorillaz
-0.16600563882900446,-0.6453185622008506,0.07253396262628356,4266,0,Beautiful Day (Thank You for Sunshine),Trinix
-0.3878606671161124,-0.4116211699925596,-0.7811063232688902,4260,1,i'm so tired...,Lauv
-0.3722773618253541,-0.45644697297584125,0.023447996646740122,4280,1,Gata Only (Remix),FloyyMenor
-0.4402635114205276,-0.05041147714773561,1.6206177326947357,4257,0,redrum,21 Savage
-0.3722773618253541,-0.45644697297584125,0.023447996646740122,4745,0,Smoke Gets in Your Eyes,The Platters
-0.39999984326742705,-0.916198325900754,-0.4851951414784655,4300,0,so american,Olivia Rodrigo
-0.3774662445086531,-0.4525383210574147,0.02913104247362651,4314,0,Bus 11 - John Falke Remix,Colouour
-0.48691696866244,0.09508298983504195,1.5275156190661516,4313,1,Love Galore,SZA
-0.40272912108260117,-0.08894775620729761,0.20942077881871576,4305,1,Takeaway,The Chainsmokers
-0.37066271886317725,-0.1482967333027016,-0.1721144279872096,4308,1,Needed Me,Rihanna
-0.3372690694575146,-0.25833453863133876,-0.2810659270126134,4304,0,NUMB,XXXTENTACION
-0.06442547406583463,0.24783888954634606,1.383594843208699,4309,1,Halo,Beyoncé
-0.3408039493836552,-0.7957734072317822,0.10255090953974166,4295,0,Aman Güzel Yavaş Yürü,Halodayı
-0.4146277549808923,-0.15658464962727112,-0.045444354087887745,4310,0,"""هذا الحلو ""الدبكة هي الچوبي",Myriam Fares
-0.42381019968812855,-0.813695407253312,-0.002236553347133206,4302,0,Body (feat. Cash Cobain),A Boogie Wit da Hoodie
-0.10700971469594159,-0.06299829231354678,2.200531222619351,4286,0,Aquel Nap ZzZz,Rauw Alejandro
-0.28200268829800945,-1.287948200956809,-1.9010695364417762,4289,1,Talk My Shit,BossMan Dlow
-0.33362109968436104,0.7189242779296625,0.5346908098858294,4298,0,Besos En Guerra,Morat
-0.5123768593115678,-0.9042418159037569,-0.42287726171397727,4288,0,Tucson Too Late,Jordan Davis
0.2619534240376529,-0.8308104455475024,0.10481054354498746,4312,0,SWIPE,ALYPH
0.06927882497728896,3.2142479270273,1.7459314543721642,4294,1,The Scientist,Coldplay
0.5973530905463522,-0.8547945218363889,0.5014343183588974,4301,0,"DANÇARINA (feat. Nicky Jam, MC Pedrinho) - Remix",PEDRO SAMPAIO
-0.49225043475378544,-0.3428778762746545,0.5874788249915757,4284,0,Butter Pecan,YNW Melly
0.7884592421203565,-0.5211219177299145,-0.09506276068196681,4293,0,Back to the Beat,DJ TikTok
-0.20861076470914447,1.3035601643519839,-0.37800259883382037,4290,0,Picky,Banda Coraleña
-0.4728156878501217,0.8808943871948257,2.602689996790626,4296,1,DEUTSCHLAND,Rammstein
-0.37595440949484965,-0.6500607900598228,0.06903715660945885,4307,0,Qué Onda Perdida,Gerardo Coronel
-0.452891527442472,-1.0763941353358608,-1.3738081392470223,4306,1,Hot In It (feat. Charli XCX),Tiësto
-0.1687726687856145,1.3332462885297989,-0.38328774135131766,4303,0,Fazendinha,Mundo Bita
-0.3779294236425656,-0.30108627210193695,0.1389641274834283,4311,0,SHOOTING STAR,XG
-0.24986294488330157,-0.6298743300475892,0.06531505045982028,4292,0,Te Felicito,Gerardo Coronel
0.15126328220743715,-0.8311381484304571,0.05689034939265864,4299,0,Ruper Jadu,Alvee
-0.026193488894510137,-0.692390984206627,0.07167326049384462,4297,0,Uff Mi Amor,Lauty Gram
-0.4445182532424642,-0.025000769002363404,1.7205725751613135,4291,0,Kill Bill,SZA
-0.34162065264625846,-0.5133717142513053,0.04596592426503463,4285,0,ALMAS GEMELAS,Myke Towers
-0.002961990742122061,1.0424865504956695,0.9763912180137232,4283,1,Saturno,Pablo Alborán
-0.25536140693532133,0.15189732138686945,-0.14073425737017622,4287,0,"Paulo Londra: Bzrp Music Sessions, Vol. 23",Bizarrap
-0.4937022822218272,-0.28773045006013914,0.5286693470873247,4343,0,vice city,XXXTENTACION
-0.4954557272054123,-0.95265812067539,-0.6843971463547773,4329,0,Your Heart Or Mine,Jon Pardi
1.3850123739911624,0.978332805094259,-0.13794169041494556,4315,1,Alors on danse,Stromae
-0.5204428406781281,-0.6629128111556883,0.2595015968640194,4325,0,LosT,Bring Me The Horizon
-0.4858739369948018,-0.49015200128215275,0.02979948533633343,4341,0,Check It Out,Parmish Verma
0.3438276936281875,0.536613094369512,-0.8726622493335408,4339,0,SOLO,JENNIE
-0.2958122438365281,0.5320222338271119,0.34208976461394075,4342,1,Good For You,Selena Gomez
-0.44979882704134655,-0.23313033919744655,0.6422985673046104,4331,1,Sigues Con El,Arcángel
-0.1501895764148291,-1.1247586596528714,-1.3324808094985259,4317,0,Looking For The Hoes (Ain’t My Fault),Sexyy Red
-0.29557660455794693,-0.5075362521535464,0.023306793095323547,4318,0,Jefe,Ninho
-0.3722773618253541,-0.45644697297584125,0.023447996646740122,4340,0,Tip Toe (feat. French Montana),Jason Derulo
-0.38247522162124703,-1.05619708091122,-1.5089531105914769,4332,1,Vamp Anthem,Playboi Carti
-0.4469672311168308,-0.3004528732007846,-0.012475291645042503,4336,0,Small Town Boy,Dustin Lynch
-0.36806383897347283,0.18640479708706284,0.2102472124219295,4335,1,do re mi,blackbear
-0.368489632965921,-0.09926517124161136,-0.5050186113701266,4334,1,"You're Gonna Go Far, Kid",The Offspring
-0.35695398077213925,-0.6788581718932348,-0.4176669084259234,4324,1,Plug Walk,Rich The Kid
0.006266901682028309,-0.878392214849969,-0.11700253557071819,4319,0,RON COLA,Rauw Alejandro
0.13070951319056853,-0.638711593821453,-0.021694885641094813,4327,1,Hide Away,Daya
-0.25175233941844194,0.25318882947820237,-0.26359074822501555,4344,1,Unsteady,X Ambassadors
-0.40206582886167924,-0.5324468214649151,0.0418053686873997,4322,0,Доча,Jah Khalib
-0.14278169299358442,-1.0393284633561741,-1.3182697226609381,4320,1,Fall in Love with You.,Montell Fish
-0.1254106882758262,0.11859495345717593,0.6825354226793444,4321,1,Chamber Of Reflection,Mac DeMarco
-0.5235830847102023,-0.6587771311977422,0.3491233820930627,4338,0,Watermelon Moonshine,Lainey Wilson
-0.3853218452850868,-0.3785410562423229,0.3298965060611165,4316,0,Tighten Up,The Black Keys
-0.3722773618253541,-0.45644697297584125,0.023447996646740122,4420,0,Me Porto Bonito,Renzo Pianciola
-0.4331685371767673,-0.3205161634113409,0.024578962642316047,4323,1,CAN'T SAY,Travis Scott
-0.5559929787891509,-0.6154942505371063,0.6590763522390664,4333,0,Think I'm In Love With You,Chris Stapleton
-0.3780841042981357,0.5132470377306645,2.059845830354099,4330,1,Pursuit Of Happiness (nightmare),Kid Cudi
-0.3722773618253541,-0.45644697297584125,0.023447996646740122,4729,0,Sprinter,Central ce
-0.4575495337704894,-0.5862239507246791,-0.4464326525598934,4337,0,Do What I Want,Lil Uzi Vert
-0.5063341325460005,-0.8861666706846524,-0.4386131880862327,4328,0,There I Go (feat. J. Cole & Mike WiLL Made-It),Gucci Mane
-0.709143763112414,0.6121283073809225,4.959964786979994,4326,1,Mercy,Kanye West
-0.47806599919668746,-0.3388728491534027,1.54614279320996,4369,0,"Tum Se (From ""Teri Baaton Mein Aisa Uljha Jiya"")",Sachin-Jigar
-0.4766217903298586,-0.6760103754102937,-0.4239158624679305,4367,0,Hero,Alan Walker
-0.44099541837312695,-0.19836900723460787,-0.03573267127513952,4353,0,Param Pom,TAIRA
-0.06392099748237226,-0.47676560497771375,-0.0017685189253635548,4373,0,JAGERMEISTER,Ice Beats Slide
-0.4286477469917697,0.16912766443712243,0.8020755410390177,4368,0,"BIG BANK (feat. 2 Chainz, Big Sean, Nicki Minaj)",YG
-0.40423040024125195,-0.634896490956326,0.0689513010737088,4376,0,Bạn Đời,Karik
-0.48247376750275645,-1.0163724061626338,-0.9761424850028544,4345,0,Drifting,Tiësto
0.08056967588691588,2.6996376944426204,-0.37937949031254137,4361,1,Over the Rainbow,Israel Kamakawiwo'ole
-0.4301562553670444,-0.10089856210198538,0.8736010709611524,4354,1,Losin Control,Russ
-0.2332326614098756,-0.7601239409763806,0.09489562292736428,4365,0,Onana,Jey One
-0.0327425119084099,2.2461331705825596,-0.013954666593939773,4375,0,Daechwita,Agust D
-0.3966219004571308,-0.27481530384075326,-0.01716273793694362,4356,0,Como Si No Importara,Emilia
-0.4768478047197561,-0.7319292948354457,0.09090082226965936,4348,0,Supernova,SAIKO
0.34590761486299776,-0.6572263242669917,-0.6502345593884126,4366,0,Rags2Riches (feat. ATR Son Son),Rod Wave
-0.4130093297587994,-0.4934609426996156,0.12172214072809501,4352,1,Fast Car,Jonas Blue
-0.49425222101814636,-0.7144693977712654,-0.1430401926018553,4347,0,Quickie,Moneybagg Yo
-0.41794844497023415,0.49367837467750353,0.9600767483147166,4370,1,Coração Bandido,Marília Mendonça
-0.4098643060466656,-0.231965462779431,0.906462112584626,4363,0,VULTURES,¥$
-0.586921121844714,-0.3815527455327011,1.5282816999036073,4374,1,MY HOUSE,Beyoncé
-0.28794375419520124,-0.960114828752057,-1.957765627608707,4360,0,The Thin Grey Line,$uicideboy$
-0.3722773618253541,-0.45644697297584125,0.023447996646740122,4807,0,Alo,corwinn
-0.49553697306420313,-0.9996991938577033,-0.8081172983665136,4358,0,Fear Of Heights,Drake
-0.3574189547156106,-0.5285260187586354,0.037797466869340116,4351,0,Desde Mis Ojos - Remix,Chris Lebron
-0.48738712436823944,-0.8250461973119065,-0.05004113824947499,4372,1,Prayer in C - Robin Schulz Radio Edit,Lilly Wood and The Prick
-0.42526739113663775,-0.7660215786447828,0.09961703183450385,4355,0,Bam Lagatar,Khushi Kakkar
-0.18846905513900356,-0.4651754991668596,0.001654502845434786,4364,0,Who Is Your Guy? - Remix,Spyro
-0.29482939317964424,-0.4880094159018495,-0.47044480502557784,4349,0,Rover,KAI
-0.3464742025630581,-0.6105518697435467,-0.5827346642858874,4371,0,From The Start,Laufey
-0.42534679197583924,-0.7907324653410872,0.05924438973339827,4350,0,Slimed In,Future
0.003943360367384172,2.428434090199465,-0.7165067023788309,4357,0,Gentleman,PSY
0.19816225335657225,-0.5751087594922908,0.22095129802365834,4346,1,SUGAR,BROCKHAMPTON
-0.44877564700048145,-0.07605443679435965,1.5324577918118385,4359,1,Everybody Talks,Neon Trees
-0.409975599859603,-0.5994477196548147,-0.5909546721191498,4362,0,OKLOSER,Doja Cat
-0.4192220170963697,-0.9519092397336943,-0.9016012141043699,4386,1,Pump It Up,Endor
-0.5587714968988335,-0.5924548994554995,0.7388890609356857,4388,0,Standing Room Only,Tim McGraw
-0.36222887642449564,-0.5480432929362141,-0.33619390058460313,4393,0,white,Jang Soo Bin
-0.4167821988220078,-0.8485613924135255,-0.15319588188666652,4385,0,Back To Back (feat. Future),Nardo Wick
0.005369624796885707,0.13610388619508973,-0.9685211343334679,4379,0,Shotta Flow,NLE Choppa
-0.4578719874336319,-0.5263458859676668,0.16372259434981504,4391,0,Baddest,Yung Bleu
-0.5371513104049878,-0.4936797783042361,0.7373849816490454,4381,0,Cigarettes,Juice WRLD
-0.46830095576922026,-0.31233253244757037,1.5218365286900004,4377,0,bad,wave to earth
-0.48117144597223954,-0.4677257148883862,0.02935467801619348,4398,0,ISABELLE,Sefo
0.07126637469810113,-0.2619421439138465,0.04171672059979243,4392,0,Cure For Me,AURORA
-0.44548714342132123,-0.8212654814826773,-0.4046422628584627,4383,0,Từng Quen,Wren Evans
-0.36881215709786114,-1.1282866764716803,-1.2692978831010229,4397,1,Pistoleta,Olexesh
-0.4638218695590655,-0.027592839629056655,0.6192816255766881,4380,1,LOYALTY. FEAT. RIHANNA.,Kendrick Lamar
-0.4016390463979131,-0.9216082418895515,-0.4760731613909433,4396,0,Deep in the Water,Don Toliver
-0.5481678479585244,-0.635286212403551,0.523102688189186,4387,0,Endless Fashion (feat. Nicki Minaj),Lil Uzi Vert
-0.41631429229849287,-0.7177097579104246,0.0869548354982044,4382,0,A Mimir En El Chat,Dejavu FF
-0.2964180834046369,0.5830359485132792,-0.24102330305665776,4390,0,Temporary pyar,Kaka
-0.47388017192294885,-0.6928574018349148,-0.11442728091093163,4389,0,AA,Walker Hayes
-0.31359224247402323,2.1151328454071248,2.973969763538328,4378,0,Phir Bhi Tumko Chaahunga,Mithoon
0.28405603373492083,-0.6003179152788473,0.01713190928539317,4384,0,Passinho Debochado,Dan Ventura
-0.5420145301816557,-0.6459628382632274,0.546680773793027,4394,0,Go Hard,Lil Baby
0.6281137218857353,1.5189044247784063,-0.4546143288701292,4395,0,La La La (Brazil 2014),Shakira
-0.22782961626712506,-1.1579895043684743,-1.3940377820882683,4410,0,i'm yours sped up,Isabel LaRosa
-0.5215746890002194,-0.27229746628725,1.3832280368648062,4419,0,"Ruaan (From ""Tiger 3"")",Pritam
-0.39888354438451246,-0.6793234227434223,-0.21981938088123087,4406,1,Summer of Love (Shawn Mendes & Tainy),Shawn Mendes
-0.43840576647931,-0.5062275563015306,0.2262992080871069,4417,0,God of Music,SEVENTEEN
-0.4472097754053384,-0.6943670196034353,0.07724137328285396,4404,0,✻H+3+ЯД✻7luCJIo0T6...,vyrval
-0.5257048067386628,-0.7821672599892834,-0.010974989849977182,4418,0,Embarrassed (feat. Travis Scott),Don Toliver
0.6420091529745294,-0.9165946487702371,0.15126190514276253,4399,0,Carrying Your Love,David Morris
-0.11060748207529733,1.1762932590523252,0.8119742225782378,4415,0,Dueles,Jesse & Joy
-0.5192435034129489,-0.6819914213497066,0.07748424097886261,4412,1,Tipo Hollywood,Mc Ws da leste
-0.3722773618253541,-0.45644697297584125,0.023447996646740122,4879,0,Oye,LuckReaper
-0.23614837069256672,0.5248535664982984,-0.20837813204410852,4409,0,She Don't Give a Fo,Duki
-0.295033186930538,-0.6185148877108938,0.06924206333666047,4401,0,085 - Ao Vivo,Rogerinho
-0.49722868763955475,-0.7421872979776462,-0.05469562284677124,4402,0,MODELITO,Mora
-0.34231246608640115,-0.4925683792379491,-0.49096547577991767,4400,0,Los animales en el autobús,Luli Pampín
-0.457835224060808,-1.1615431710574247,-1.568128720846179,4405,0,Would You (go to bed with me?),Campbell
-0.33410192391808013,0.2000129476714271,-0.3827541150974664,4403,0,Easy,DaniLeigh
-0.3722773618253541,-0.45644697297584125,0.023447996646740122,4407,0,ايويا يا حبيبتي وحشتيني,Eslam Kabonga
-0.4520318465201728,-0.6057850064394863,0.011572248361175616,4422,0,UNTOUCHABLE,ITZY
0.2457579421551709,-0.5169118829657982,0.012325280471990323,4416,0,Dj Terompet Pemersatu Bangsa,PAMOKHOL ID
-0.4154811870274281,-0.6410529868934725,-1.0143601543497527,4408,1,YOSEMITE,Travis Scott
0.12243256397176293,-0.7820276938072988,-0.8556209522559122,4423,1,Demasiadas Mujeres,C. Tangana
-0.3886555817501065,0.29304782424521,0.8919121914148581,4420,1,T-Shirt,Migos
0.02251275510480772,-0.027097729822313132,-0.026765781504045325,4421,0,Pretty Savage,BLACKPINK
-0.3712053691823519,0.7297456639261656,1.3183245357119262,4424,0,"Mann Bharryaa 2.0 (From ""Shershaah"")",B Praak
-0.3886248228126857,-0.4827507119277121,1.3330291598786028,4411,1,Feel So Close - Radio Edit,Calvin Harris
-0.4259699598981753,-0.4085033101740332,-0.42509518759741133,4414,0,Got What I Got,Jason Aldean
-0.3831638270317391,1.5125013048121767,2.7851389289855115,4413,1,Instant Crush (feat. Julian Casablancas),Daft Punk
0.09957124281530202,-0.531005120383509,-0.11206321562958936,4431,1,Young,Vacations
-0.03567309348767108,0.3906991518063191,0.17091771057356994,4449,1,"Genius (feat. Sia, Diplo, and Labrinth)",Sia
-0.3906986847233479,0.17088743967623823,0.0995913712805258,4427,0,Usseewa,Ado
-0.4673085831984374,-0.7677937213350491,-0.1541521659034641,4426,1,Holy Ghost,Omah Lay
-0.4099719679549317,-0.8964681844858324,-0.3281400826237017,4450,0,red sky,21 Savage
-0.34504110250747894,0.280549340473979,-0.3921225882345247,4430,0,Puntos Suspensivos,Piso 21
-0.35937399586663377,1.3821337629638095,1.7914901550981626,4451,0,Taboo,Don Omar
-0.12577708650769226,0.030820858487534946,-0.6420416618992913,4446,0,MALA SANTA,Becky G
0.847978998525207,-1.302992478299859,-1.714609209076866,4452,0,She Make It Clap,Soulja Boy
-0.3903576044723844,-0.6116227585378456,-0.013429535386663215,4428,1,Who I Am,Alan Walker
-0.3722773618253541,-0.45644697297584125,0.023447996646740122,4438,0,Nature Sounds with Music: Inspiring Thunder and Rain with Relaxing Music,Jamie Llewellyn
-0.3500419479148467,-0.3200409683222714,-0.00885111351963799,4441,0,counting stars (speed up) - Remix,Muppet DJ
-0.3219687449655819,0.3686696621409393,-0.1711206171555266,4434,0,"Illegal Weapon 2.0 (From ""Street Dancer 3D"")",Jasmine Sandlas
-0.412898557777888,-0.6870560217380908,0.08148991309827493,4425,0,ลองฟังแล,โต๋เหน่อ
0.20309752217571547,-0.8200371866914635,-0.6955456096021836,4453,0,Nobody Like U,4*TOWN (From Disney and Pixar’s Turning Red)
-0.4202091624652596,-0.4474555097610547,0.6246460914632571,4429,0,絆ノ奇跡,MAN WITH A MISSION
-0.43662071022794763,-0.3078365714719237,-0.00944129027206271,4447,0,Hep Mi Ben,Ayaz Erdoğan
-0.38398158655369374,-0.9086640453850241,-0.6680931062805164,4439,0,02.02.99,That Mexican OT
-0.42261647435963157,-0.7550436654771209,0.09604048899919397,4437,0,A LA ORDEN,Santa Fe Klan
-0.30057302327322194,0.6236911078868194,0.02089554645364165,4432,0,Speechless (Full),Naomi Scott
-0.14913391097787485,0.0212351245216082,0.9816435796797675,4454,0,Big Gangsta,Kevin Gates
-0.3441148052816427,0.17626498424167042,-0.1711288172482607,4445,1,Renegades,X Ambassadors
-0.1875809682083959,1.2037364919837361,2.8064168548830684,4442,1,Snow (Hey Oh),Red Hot Chili Peppers
-0.3609338501505217,-0.5241941305181982,-0.24304030509458466,4436,1,People (feat. Ayra Starr & Omah Lay),Libianca
-0.08689494165899808,1.1215630812285478,0.36845496864665533,4433,1,Mirror,Lil Wayne
-0.24126128315902293,0.7346797190088095,-0.2677547770723641,4435,0,Loca - Remix,KHEA
-0.40166331565763314,-0.8908079191485284,-0.4217253461606102,4444,0,Cuando La Vida Sea Trago,Carin Leon
-0.18263190201632182,-0.02828509505950395,0.31688782204754595,4443,1,Ocean (feat. Khalid),Martin Garrix
-0.44843618043248046,-0.7827063180112649,0.10411041912778563,4448,0,life gets hard,iilliaa
-0.014552441347182143,-0.63937291483237,0.04879096837551479,4440,0,Por Clave el 13,Betillo Guerrero
0.23914748743225356,-0.868280476823204,0.11249217784236552,4493,0,Cena Engraçada e Inusitada,HarmonicoHCO
-0.3092504427405489,-0.21009396553330084,-0.3352805401721165,4473,0,Cold Heart (Claptone Remix),Elton John
-0.49882152125451773,-0.582986406703386,0.24038985064372123,4490,1,You should be sad,Halsey
0.236977955040533,0.13054310424195448,0.1800248305282998,4464,1,Train Wreck,James Arthur
-0.4454736793605604,-0.699376969939289,0.47767377585057624,4487,0,Show of Hands,Future
-0.5367144708752818,-0.6329393661574173,0.48857687383729953,4479,1,Dancing Feet (feat. DNCE),Kygo
-0.3731810293507352,-0.12129765582819178,0.678276110209595,4478,0,"Ranjha (From ""Shershaah"")",Jasleen Royal
-0.4413149593969235,-0.6979538612259379,0.4309491602403376,4494,0,7 Minute Drill,J. Cole
-0.3890798178847851,-0.4937378646323345,0.828154414190449,4458,1,You Belong With Me (Taylor’s Version),Taylor Swift
-0.411900051281331,-0.5826412005258003,0.629987885705278,4465,1,Bounce Back,Big Sean
-0.09136073143856442,1.2557802563635962,-0.5816017246895028,4481,1,Sing Me to Sleep,Alan Walker
0.5999176022366223,-0.5293331855688722,-0.03843919273464316,4488,0,Fadeaway,BCD Studio
-0.37595084568878656,-1.0841649977875967,-1.0964475011575647,4455,0,Never Last,Lil Tecca
-0.5834891017191112,-0.2883974656694833,1.8959396654985126,4463,0,Say Don't Go (Taylor's Version) (From The Vault),Taylor Swift
0.05475828345708239,1.5825574033026,-0.38310691084924464,4469,1,Super Bass,Nicki Minaj
-0.39342188838473,-0.008754675389954085,0.04111510600610636,4466,1,Ex's & Oh's,Elle King
1.3074748648952992,-1.040721442239652,-0.7862843699972656,4461,0,Boys,Charli xcx
-0.460494138731791,-0.5658020615630923,0.048995953141075035,4462,0,Chorei na Vaquejada,Eric Land
-0.3989456760027249,-0.6072108524279726,0.06152034492627515,4457,0,Zarzour,Lartiste
-0.4501652478313352,0.17690348309464624,1.3150789680730952,4486,0,Ella,Junior H
-0.5107707692999733,-0.7130454830574479,-0.0750804333732071,4467,0,REPEAT IT,Lil Tecca
-0.1984313265758303,0.5573773961141173,-0.22634838908924199,4468,0,Teri Aankhon Mein,Darshan Raval
0.2042914223336409,2.9905525025778252,-0.809403170476942,4472,0,Animals,Martin Garrix
1.1683278530475925,-0.5417708792386408,0.37634015751102157,4475,0,Way Back Home,SHAUN
-0.28242570704511233,-0.38483543730024605,-0.015618850146769147,4460,1,NDA,Billie Eilish
-0.50231543138728,-0.6397362491699327,0.06884923856348743,4459,0,Casper,Takeoff
-0.39016010571246956,-0.8753772788198838,-1.875298404706101,4471,0,DANÇARINA,PEDRO SAMPAIO
0.3862813817681565,-0.6316270562157176,-1.2575219874149217,4480,0,Cry Baby (feat. DaBaby),Megan Thee Stallion
2.3253853289114756,-1.1129272798232694,0.24244205991033227,4476,0,Cumbia Buena,Grupo la Cumbia
0.37526647334039287,-0.49574437537072613,-0.05757462636046094,4483,0,Happy Birthday,YolyBoy
-0.005700248464555474,-0.21924707779771163,-0.06669125297888995,4477,0,8 Raflaan (feat. Gurlez Akhtar),Mankirt Aulakh
-0.4881641950222456,-0.5954060601175938,0.07102217860835308,4491,0,DFMU,Ella Mai
-0.5747606580090563,0.066453643382012,2.385892584955515,4474,1,Slippery (feat. Gucci Mane),Migos
-0.452525295905472,-0.8378137275726495,-0.8286536562492253,4482,0,Woo Baby (feat. Chris Brown),Pop Smoke
-0.10740273001169495,-0.08651228102098178,-0.7184985745449187,4485,0,Haegeum,Agust D
0.3385160893937087,-0.4391755617542143,0.06692653740235256,4484,0,Sisa Rasa,Mahalini
-0.39006864057871743,-1.0224483439241674,-0.8088454117835886,4489,0,Mockingbird,Tiësto
-0.2237574641258415,-0.30626031517057356,0.2270846579939174,4492,1,Don't Rush (feat. Headie One),Young T & Bugsey
-0.576195656024013,0.34250982919989154,2.947632256696743,4470,1,The Heart Part 5,Kendrick Lamar
-0.2617937748610544,0.6979187114615211,-0.21915246602393448,4456,0,A Ella,KAROL G
-0.4731519521333442,-0.8790936942636405,-0.2877412076288114,4518,0,Nachts wach,Miksu / Macloud
-0.40190676554160737,-0.8374272191692628,-0.4012685349260654,4532,0,Superpowers,Daniel Caesar
-0.4006542799252327,-0.327564922653293,-0.39074707486734206,4522,0,Who's Laughing Now,Ava Max
-0.1822929985695326,0.8149606793784688,2.118660607925413,4510,1,Smells Like Teen Spirit,Nirvana
-0.3019765499493668,-0.866707100562509,-0.7193563794003757,4503,0,2 Million Up,Peezy
-0.06348994712452263,0.4136216638683098,-0.7558414832810347,4499,0,In the morning,ITZY
0.4267562499482575,-0.6585877749562211,0.09654856684246382,4500,0,Such a Whore (Stellular Remix),JVLA
-0.21518304140630867,-0.07487351566113874,-0.06456309799939428,4525,0,Mesytara,Lamis Kan
-0.4112252959920585,-0.682909156580744,0.0793767536912067,4516,0,qué le pasa conmigo?,Nicki Nicole
-0.449454785694134,0.5995214903686381,2.2658709235357275,4514,1,Medusa,Jhay Cortez
-0.3377536703982458,-0.3861550787427247,0.005006843401086194,4533,1,SEJODIOTO,KAROL G
-0.16809241065226357,-0.7575190770763574,0.11415339848501081,4515,0,Luminary,Joel Sunny
-0.4208184286496097,-0.01914984047061856,0.3313546844077886,4531,0,Welcome To The Party,Pop Smoke
-0.3722773618253541,-0.45644697297584125,0.023447996646740122,4998,0,All Night Longer,seyhqnsert
-0.31847802162616534,-0.4752980931701962,-0.2879670065783799,4504,0,ARRANCARMELO,WOS
-0.40747021300437103,-0.6649743550177146,0.07418679468653122,4506,0,"Mast Malang Jhoom (From ""Bade Miyan Chote Miyan - Kannada"")",Vishal Mishra
-0.3702497870573883,-0.9922825831483223,-1.872911204184041,4497,0,Uno,Ambjaay
-0.43306262397525397,-0.27718398823163853,0.6439315570756791,4530,1,Country Girl (Shake It For Me),Luke Bryan
-0.3150494511069418,-0.653297414268346,0.07861026338316673,4528,0,"Dawai (From ""Air Mata Di Ujung Sajadah"")",Fadhilah Intan
-0.44686558319420416,0.2779477256227152,2.2767014397753096,4511,0,The Greatest Show,Hugh Jackman
-0.3722773618253541,-0.45644697297584125,0.023447996646740122,4507,0,Cake By The Ocean - Cover,MUSIC LAB JPN
-0.41997974514708586,-0.7341259629409977,0.0919643367078576,4509,0,จำนน,NONT TANONT
-0.3722773618253541,-0.45644697297584125,0.023447996646740122,4498,0,Hood By Air Freestyle,Baby Flaco
-0.40898649611949495,-0.29752954193225756,-0.09465125600434751,4524,1,Stupid Love,Lady Gaga
-0.6723229085960079,0.19096922920484177,3.6196635898813394,4505,0,ACHO PR,Bad Bunny
-0.42826046021957653,-0.7863917343409214,0.10406897826210798,4523,0,ATM,Nemzzz
-0.4169289284551757,-0.7177693054705748,0.08765511713283552,4520,0,Di Que Si,Grupo Marca Registrada
-0.45857565713393733,-0.6206828561693167,0.1827995716072207,4496,1,Doin' Time,Lana Del Rey
0.01638496357389153,1.0645199051196457,0.46852893075977187,4526,1,Come & Get It,Selena Gomez
-0.3398830502189669,1.0182312732052345,0.9140136230406549,4501,1,Por Fin Te Encontré,Cali Y El Dandee
-0.0708727086965894,-0.42626933816453844,-0.6971656434731167,4529,0,I.F.L.Y.,Bazzi
-0.38277231699846925,-1.0678076780826333,-0.9838651291676307,4521,0,Crazy Story,King Von
-0.39544620676957604,-0.8384396648349443,-0.4105277841213471,4508,0,CARNAL,Peso Pluma
-0.37027077507659145,-1.1452831594442194,-1.2828010796303495,4519,0,AirBnb,ian
-0.5345362851861668,-0.4361900831731833,1.2577376388802153,4512,0,LOS PITS,Bad Bunny
-0.26047328487094745,0.44377622755507956,-0.37006441843381344,4517,0,Queen of Mean,Sarah Jeffery
-0.08943482312273679,-0.25710212871360316,-0.16393417887221123,4513,1,Minefields,Faouzia
-0.2940772568578417,0.3451626522061551,0.11233708012799064,4502,1,my future,Billie Eilish
-0.26052268914596866,0.29944592147443827,-0.31344965487439597,4495,1,The Way I Are,Timbaland
-0.4854365515517101,-0.4875355721789129,0.03197671568153292,4527,1,God is a woman,Ariana Grande
0.7116687642001427,-1.2780397446204868,-1.1369615654076481,4548,0,SNAP - High and Fast,Rosa Linn
-0.431784308507444,-0.7102659443418143,0.2912656288939997,4547,0,"Tu Juliet Jatt Di ( From ""Jatt & Juliet 3"")",Diljit Dosanjh
-0.35347342407644444,0.1771182071469766,-0.13684171155111188,4542,0,When I Grow Up,NF
-0.2462634411053965,0.7290043563853835,-0.26025606127728135,4563,0,Pa Mi,Dalex
-0.26640097811612273,0.8638405766109027,-0.28953709109885983,4545,0,Tera Fitoor,Arijit Singh
-0.46422470988738457,-0.36725705002277625,0.3695827158644362,4539,1,B.S. (feat. H.E.R.),Jhené Aiko
-0.282949381110502,0.8145820608047285,0.45021037557530846,4559,1,Traicionera,Sebastian Yatra
-0.5100757613056188,-0.4128424119538945,0.8018335048958916,4566,0,Already Dead,Juice WRLD
-0.3722773618253541,-0.45644697297584125,0.023447996646740122,4564,0,Kokomo,The Beach Boys
-0.145797801473811,1.424482093709555,1.070991427723025,4543,0,Cham Cham,Meet Bros.
-0.08261155810079578,-0.7985785867914652,0.0659722567986011,4546,0,You,Willy Paul
-0.41554881615619316,-0.5884140561438556,0.3117736563704292,4549,1,What's Love Got to Do with It,Kygo
-0.37581846234427074,-0.42535673166895416,0.0258516824106029,4536,0,TV Shapes,Bubbatrees
-0.5513016704767393,-0.4858002268166237,1.2804639706584753,4555,0,Delilah (pull me out of this),Fred again..
-0.34179909035119266,-0.6385274891782416,-1.4997184354027537,4561,0,Outside Today,YoungBoy Never Broke Again
-0.5018630489190157,-0.6438708790657607,0.44857105942804504,4557,1,Don't You Worry Child - Radio Edit,Swedish House Mafia
-0.12255872493880228,1.3019982610681644,-0.07139161521479849,4551,1,Focus,Ariana Grande
-0.28204413161859365,0.4354705830139764,0.04378660929389612,4538,1,Fuentes de Ortiz,Ed Maverick
-0.39109839813928393,-0.5287645879733345,0.04854904504737052,4550,0,Freezing,purpl
-0.24138104980204586,-0.6980294552056164,0.07491597393650498,4560,0,NASTY,Russ
-0.4851649108049509,-0.9375159860440004,-0.8111022955599998,4535,0,Mama's Boy,Dominic Fike
-0.39944950664262746,-0.5113691191437066,0.03885429398443095,4565,0,Welcome To Brixton,SR
-0.504076185288028,-0.9414697534077809,-0.5951430826880925,4544,0,DArkSide,Bring Me The Horizon
-0.29361983570539474,-1.0362662608162025,-1.2186255637745609,4541,0,MEMORIES!,347aidan
-0.385193776389338,-0.19478978471887323,0.043841824756918585,4553,1,Morado,J Balvin
-0.5403507170061235,-0.7204319627099078,0.26941011624274364,4537,0,The Hillbillies,Baby Keem
-0.4794646007243095,1.000222195085339,2.6811540447758757,4554,0,Asesina - Remix,Brytiago
-0.34325626659359515,-0.28073038175720777,-0.0185877637302809,4562,0,Braten,Steps
-0.4743839944518179,-0.5576931169659008,0.0493833155554515,4534,0,Dayanamıyorum,Kerim Araz
-0.3718360763875309,-0.7545675167397898,-0.6498683183828072,4558,0,Daylight,Harry Styles
0.9533068987754953,-0.3033641348889243,0.7443679228561011,4540,1,Happiest Year,Jaymes Young
-0.47944022399193825,-1.0254101335087338,-0.9667445881088738,4595,0,3 Haselnüsse,Jaques Raupé
-0.41228412799737485,-0.6946783560840082,0.0811884219781534,4587,0,"Jaragandi (From ""Game Changer"") (Telugu)",Thaman S
-0.4839419037032962,-0.7289620718906104,0.08346907929434425,4599,0,далеко (большой Бушизм) [prod. by wex & heysubr],BUSHIDO ZHO
-0.4213752912165806,-0.42812056097545054,0.017522904961651434,4585,0,For the Last Time,$uicideboy$
-0.2053790632624768,0.9702091362173907,-0.3206711045959602,4575,0,Dil Meri Na Sune,Atif Aslam
-0.4699288295694449,-0.38171122566701127,0.15848956716813187,4571,0,Grace (feat. 42 Dugg),Lil Baby
-0.29425927352868714,1.1500730794327958,0.598533444470829,4591,0,Nashe Si Chadh Gayi,Arijit Singh
-0.3254401680998841,1.026110347854273,1.199607123476836,4593,0,Me Acostumbre (feat. Bad Bunny),Arcángel
